datetime,open,high,low,close,volume,spread
2000-06-20 00:00:00+00:00,285.25,288.1,284.85,286.75,501,0
2000-06-21 00:00:00+00:00,285.75,288.05,285.1,286.4,526,0
2000-06-22 00:00:00+00:00,285.65,289.95,284.4,285.9,1086,0
2000-06-23 00:00:00+00:00,285.05,287.15,282.2,283.4,826,0
2000-06-26 00:00:00+00:00,282.9,285.2,281.55,284.2,601,0
2000-06-27 00:00:00+00:00,283.2,286.15,282.6,286.15,416,0
2000-06-28 00:00:00+00:00,285.8,293.6,283.85,293.0,1231,0
2000-06-29 00:00:00+00:00,292.4,293.15,287.6,289.65,836,0
2000-06-30 00:00:00+00:00,288.8,290.75,287.3,289.3,641,0
2000-07-03 00:00:00+00:00,288.6,290.6,287.4,288.2,601,0
2000-07-04 00:00:00+00:00,287.5,289.6,286.0,288.3,641,0
2000-07-05 00:00:00+00:00,286.4,288.4,283.5,284.5,791,0
2000-07-06 00:00:00+00:00,283.8,286.9,281.9,283.9,991,0
2000-07-07 00:00:00+00:00,283.2,285.25,281.6,284.0,651,0
2000-07-10 00:00:00+00:00,283.4,285.9,282.6,284.4,561,0
2000-07-11 00:00:00+00:00,283.7,284.9,281.5,282.8,591,0
2000-07-12 00:00:00+00:00,283.0,284.0,279.0,280.9,791,0
2000-07-13 00:00:00+00:00,280.4,282.4,279.4,280.75,566,0
2000-07-14 00:00:00+00:00,279.55,281.3,279.4,281.3,206,0
2000-07-17 00:00:00+00:00,280.2,284.65,280.2,283.8,531,0
2000-07-18 00:00:00+00:00,283.3,284.6,281.55,282.9,571,0
2000-07-19 00:00:00+00:00,282.1,283.1,277.05,279.4,941,0
2000-07-20 00:00:00+00:00,278.9,281.75,277.25,280.5,741,0
2000-07-21 00:00:00+00:00,280.0,282.05,278.5,280.6,651,0
2000-07-24 00:00:00+00:00,280.25,281.0,278.5,279.75,451,0
2000-07-25 00:00:00+00:00,279.0,282.15,277.6,279.3,881,0
2000-07-26 00:00:00+00:00,278.8,280.95,278.0,280.0,471,0
2000-07-27 00:00:00+00:00,279.75,281.95,277.45,279.0,826,0
2000-07-28 00:00:00+00:00,278.2,279.9,277.3,278.9,451,0
2000-07-31 00:00:00+00:00,278.0,279.0,276.05,277.5,541,0
2000-08-01 00:00:00+00:00,276.95,279.05,276.0,277.6,546,0
2000-08-02 00:00:00+00:00,277.0,279.6,275.95,277.8,651,0
2000-08-03 00:00:00+00:00,276.85,278.9,272.3,274.2,1056,0
2000-08-04 00:00:00+00:00,273.65,275.7,271.7,273.5,786,0
2000-08-07 00:00:00+00:00,272.5,275.0,272.0,274.0,451,0
2000-08-08 00:00:00+00:00,273.6,275.5,271.55,273.75,776,0
2000-08-09 00:00:00+00:00,272.7,274.7,270.8,273.05,746,0
2000-08-10 00:00:00+00:00,271.75,273.95,271.0,273.0,466,0
2000-08-11 00:00:00+00:00,272.75,276.05,272.0,275.4,546,0
2000-08-14 00:00:00+00:00,274.5,277.1,272.6,275.0,851,0
2000-08-15 00:00:00+00:00,274.75,275.9,273.65,274.9,436,0
2000-08-16 00:00:00+00:00,274.4,278.1,273.95,277.7,501,0
2000-08-17 00:00:00+00:00,277.5,279.4,275.35,277.9,771,0
2000-08-18 00:00:00+00:00,277.4,278.25,275.0,277.15,626,0
2000-08-21 00:00:00+00:00,276.45,277.8,273.85,275.7,716,0
2000-08-22 00:00:00+00:00,274.9,276.25,272.05,274.0,751,0
2000-08-23 00:00:00+00:00,273.5,274.6,270.4,271.5,641,0
2000-08-24 00:00:00+00:00,271.0,273.75,270.0,273.2,531,0
2000-08-25 00:00:00+00:00,272.7,275.35,272.0,274.5,491,0
2000-08-28 00:00:00+00:00,273.4,274.25,272.8,274.25,206,0
2000-08-29 00:00:00+00:00,273.55,275.75,272.1,273.75,711,0
2000-08-30 00:00:00+00:00,272.5,274.0,272.1,274.0,231,0
2000-08-31 00:00:00+00:00,273.8,279.1,272.7,278.2,841,0
2000-09-01 00:00:00+00:00,277.5,278.5,275.0,277.0,651,0
2000-09-04 00:00:00+00:00,276.7,278.35,276.0,277.25,416,0
2000-09-05 00:00:00+00:00,276.8,278.0,274.4,276.1,651,0
2000-09-06 00:00:00+00:00,275.4,277.15,273.05,275.0,781,0
2000-09-07 00:00:00+00:00,274.2,275.05,272.0,274.1,601,0
2000-09-08 00:00:00+00:00,273.0,275.25,271.0,273.4,811,0
2000-09-11 00:00:00+00:00,272.7,274.75,271.7,273.4,541,0
2000-09-12 00:00:00+00:00,272.9,276.05,272.05,273.3,761,0
2000-09-13 00:00:00+00:00,272.85,274.65,271.65,273.0,586,0
2000-09-14 00:00:00+00:00,272.6,274.6,271.6,272.8,581,0
2000-09-15 00:00:00+00:00,272.3,274.1,270.6,272.7,661,0
2000-09-18 00:00:00+00:00,271.8,274.8,270.95,272.0,751,0
2000-09-19 00:00:00+00:00,271.5,273.65,270.35,272.65,546,0
2000-09-20 00:00:00+00:00,271.8,273.4,268.7,269.6,721,0
2000-09-21 00:00:00+00:00,269.1,272.0,268.25,271.1,551,0
2000-09-22 00:00:00+00:00,270.4,276.5,269.6,272.4,1181,0
2000-09-25 00:00:00+00:00,271.9,275.05,271.55,274.6,431,0
2000-09-26 00:00:00+00:00,274.1,276.15,273.3,274.6,521,0
2000-09-27 00:00:00+00:00,274.1,279.95,273.6,278.7,811,0
2000-09-28 00:00:00+00:00,278.3,279.25,274.6,275.1,611,0
2000-09-29 00:00:00+00:00,275.8,277.85,272.25,274.5,991,0
2000-10-02 00:00:00+00:00,274.1,275.05,272.35,273.7,501,0
2000-10-03 00:00:00+00:00,273.2,274.1,271.35,272.5,481,0
2000-10-04 00:00:00+00:00,271.9,274.6,269.75,271.35,916,0
2000-10-05 00:00:00+00:00,270.3,272.75,268.4,270.2,861,0
2000-10-06 00:00:00+00:00,270.6,272.0,268.85,269.9,561,0
2000-10-09 00:00:00+00:00,269.15,270.65,269.1,270.65,161,0
2000-10-10 00:00:00+00:00,270.1,273.85,268.25,273.0,831,0
2000-10-11 00:00:00+00:00,272.5,275.45,270.15,271.2,931,0
2000-10-12 00:00:00+00:00,269.95,276.55,269.95,276.55,661,0
2000-10-13 00:00:00+00:00,276.55,278.1,271.2,272.9,1016,0
2000-10-16 00:00:00+00:00,272.65,274.3,270.25,272.3,776,0
2000-10-17 00:00:00+00:00,271.8,272.65,268.9,271.5,721,0
2000-10-18 00:00:00+00:00,271.05,274.35,269.4,271.0,986,0
2000-10-19 00:00:00+00:00,271.5,272.35,269.65,271.15,506,0
2000-10-20 00:00:00+00:00,270.8,275.7,269.65,271.8,1111,0
2000-10-23 00:00:00+00:00,270.9,272.65,269.4,270.6,621,0
2000-10-24 00:00:00+00:00,270.0,272.15,269.3,270.4,531,0
2000-10-25 00:00:00+00:00,270.0,271.05,265.65,267.0,781,0
2000-10-26 00:00:00+00:00,266.5,268.0,263.95,265.5,711,0
2000-10-27 00:00:00+00:00,265.2,267.3,261.85,264.72,1043,0
2000-10-30 00:00:00+00:00,264.42,266.65,263.8,264.7,543,0
2000-10-31 00:00:00+00:00,264.0,266.35,263.1,264.75,576,0
2000-11-01 00:00:00+00:00,264.45,267.3,262.85,264.4,886,0
2000-11-02 00:00:00+00:00,264.5,267.15,263.2,265.0,741,0
2000-11-03 00:00:00+00:00,264.5,267.25,263.55,265.4,651,0
2000-11-06 00:00:00+00:00,265.45,267.05,264.1,265.3,576,0
2000-11-07 00:00:00+00:00,264.7,267.3,263.0,265.0,831,0
2000-11-08 00:00:00+00:00,264.2,266.3,263.4,265.4,461,0
2000-11-09 00:00:00+00:00,264.9,267.2,263.35,266.45,616,0
2000-11-10 00:00:00+00:00,265.55,266.95,263.75,265.0,586,0
2000-11-13 00:00:00+00:00,264.75,266.45,263.65,264.6,546,0
2000-11-14 00:00:00+00:00,264.25,265.9,263.65,264.75,401,0
2000-11-15 00:00:00+00:00,264.45,267.2,263.95,265.45,551,0
2000-11-16 00:00:00+00:00,264.6,268.85,264.3,266.85,686,0
2000-11-17 00:00:00+00:00,266.15,267.55,264.65,266.0,566,0
2000-11-20 00:00:00+00:00,266.0,267.45,265.25,266.7,371,0
2000-11-21 00:00:00+00:00,266.3,268.45,265.15,266.1,641,0
2000-11-22 00:00:00+00:00,265.4,268.1,265.15,266.8,451,0
2000-11-23 00:00:00+00:00,266.3,268.1,265.0,266.1,601,0
2000-11-24 00:00:00+00:00,265.1,266.1,265.0,266.1,121,0
2000-11-27 00:00:00+00:00,265.7,271.35,265.25,270.3,761,0
2000-11-28 00:00:00+00:00,269.5,271.65,268.2,269.9,651,0
2000-11-29 00:00:00+00:00,269.1,270.7,265.7,266.8,771,0
2000-11-30 00:00:00+00:00,266.3,271.35,265.25,270.7,781,0
2000-12-01 00:00:00+00:00,270.2,273.5,268.6,269.6,921,0
2000-12-04 00:00:00+00:00,269.5,272.6,269.1,271.15,536,0
2000-12-05 00:00:00+00:00,270.7,272.75,269.8,270.85,576,0
2000-12-06 00:00:00+00:00,270.3,276.0,269.9,274.95,756,0
2000-12-07 00:00:00+00:00,274.5,276.4,270.85,274.0,1061,0
2000-12-08 00:00:00+00:00,273.55,274.8,271.85,273.0,536,0
2000-12-11 00:00:00+00:00,272.5,273.75,269.9,270.7,591,0
2000-12-12 00:00:00+00:00,270.3,272.7,269.7,271.3,501,0
2000-12-13 00:00:00+00:00,270.8,271.5,267.8,269.75,636,0
2000-12-14 00:00:00+00:00,269.0,271.55,268.05,269.8,621,0
2000-12-15 00:00:00+00:00,268.8,270.7,268.55,270.7,241,0
2000-12-18 00:00:00+00:00,270.3,271.4,269.3,270.4,411,0
2000-12-19 00:00:00+00:00,269.9,271.05,268.75,270.5,401,0
2000-12-20 00:00:00+00:00,270.3,274.5,269.25,273.1,771,0
2000-12-21 00:00:00+00:00,272.6,275.45,272.0,274.4,511,0
2000-12-22 00:00:00+00:00,273.9,275.95,272.75,274.2,611,0
2000-12-25 00:00:00+00:00,273.54,273.89,273.54,273.54,71,0
2000-12-26 00:00:00+00:00,273.55,275.45,272.9,274.7,396,0
2000-12-27 00:00:00+00:00,274.2,276.45,273.85,275.7,371,0
2000-12-28 00:00:00+00:00,275.15,276.65,270.95,272.5,876,0
2000-12-29 00:00:00+00:00,272.0,274.85,270.65,272.5,791,0
2001-01-01 00:00:00+00:00,272.45,272.7,272.25,272.5,86,0
2001-01-02 00:00:00+00:00,272.25,274.0,267.5,269.55,1031,0
2001-01-03 00:00:00+00:00,268.4,270.45,266.0,268.3,881,0
2001-01-04 00:00:00+00:00,267.9,269.8,266.3,267.8,691,0
2001-01-05 00:00:00+00:00,267.25,269.5,266.4,268.4,506,0
2001-01-08 00:00:00+00:00,267.85,270.4,267.45,268.6,516,0
2001-01-09 00:00:00+00:00,268.1,269.1,266.5,268.0,511,0
2001-01-10 00:00:00+00:00,267.5,268.55,264.1,265.2,661,0
2001-01-11 00:00:00+00:00,264.7,266.35,263.0,264.9,651,0
2001-01-12 00:00:00+00:00,264.1,265.45,263.1,264.57,424,0
2001-01-15 00:00:00+00:00,264.1,265.1,262.85,263.81,422,0
2001-01-16 00:00:00+00:00,263.48,266.2,262.45,264.0,699,0
2001-01-17 00:00:00+00:00,263.7,264.94,262.36,264.3,457,0
2001-01-18 00:00:00+00:00,263.5,265.85,262.9,265.3,411,0
2001-01-19 00:00:00+00:00,264.8,267.25,263.95,265.0,641,0
2001-01-22 00:00:00+00:00,264.5,269.05,264.2,267.15,706,0
2001-01-23 00:00:00+00:00,266.8,269.75,265.05,266.8,941,0
2001-01-24 00:00:00+00:00,266.5,267.5,263.2,265.4,751,0
2001-01-25 00:00:00+00:00,264.5,265.95,262.6,265.2,601,0
2001-01-26 00:00:00+00:00,264.7,267.4,261.7,263.55,1026,0
2001-01-29 00:00:00+00:00,262.9,265.25,262.05,263.5,581,0
2001-01-30 00:00:00+00:00,262.8,267.1,262.5,266.1,591,0
2001-01-31 00:00:00+00:00,265.6,267.2,263.8,266.55,586,0
2001-02-01 00:00:00+00:00,265.6,269.45,264.55,268.6,681,0
2001-02-02 00:00:00+00:00,268.2,269.15,266.2,267.8,551,0
2001-02-05 00:00:00+00:00,267.2,268.05,264.75,265.75,516,0
2001-02-06 00:00:00+00:00,265.3,267.5,261.85,264.0,1001,0
2001-02-07 00:00:00+00:00,263.5,265.8,262.15,263.6,721,0
2001-02-08 00:00:00+00:00,263.1,264.4,260.0,260.9,661,0
2001-02-09 00:00:00+00:00,260.6,262.15,258.8,260.9,641,0
2001-02-12 00:00:00+00:00,260.4,262.6,260.1,261.7,371,0
2001-02-13 00:00:00+00:00,261.2,262.4,259.7,261.2,541,0
2001-02-14 00:00:00+00:00,260.4,261.9,259.25,260.35,526,0
2001-02-15 00:00:00+00:00,259.8,261.0,254.7,256.1,891,0
2001-02-16 00:00:00+00:00,255.55,260.05,253.5,259.2,946,0
2001-02-19 00:00:00+00:00,258.6,260.55,258.2,259.9,341,0
2001-02-20 00:00:00+00:00,259.4,260.2,255.75,256.9,641,0
2001-02-21 00:00:00+00:00,255.75,259.95,255.65,258.9,546,0
2001-02-22 00:00:00+00:00,258.5,261.45,257.15,259.3,781,0
2001-02-23 00:00:00+00:00,258.8,262.4,258.05,261.8,571,0
2001-02-26 00:00:00+00:00,261.3,267.5,261.25,266.8,701,0
2001-02-27 00:00:00+00:00,266.3,270.12,265.4,268.5,725,0
2001-02-28 00:00:00+00:00,267.0,269.0,264.15,267.4,931,0
2001-03-01 00:00:00+00:00,266.9,268.55,264.65,265.9,681,0
2001-03-02 00:00:00+00:00,265.4,266.3,261.95,263.1,641,0
2001-03-05 00:00:00+00:00,262.5,263.95,261.45,263.3,421,0
2001-03-06 00:00:00+00:00,262.9,264.0,259.5,261.0,711,0
2001-03-07 00:00:00+00:00,260.4,263.5,259.55,262.5,581,0
2001-03-08 00:00:00+00:00,262.2,267.85,261.65,266.3,831,0
2001-03-09 00:00:00+00:00,267.6,273.05,265.5,272.0,1071,0
2001-03-12 00:00:00+00:00,271.9,275.6,269.25,272.8,1181,0
2001-03-13 00:00:00+00:00,272.3,273.15,267.15,268.4,811,0
2001-03-14 00:00:00+00:00,267.9,270.65,262.35,263.4,1211,0
2001-03-15 00:00:00+00:00,262.7,264.4,259.2,260.9,861,0
2001-03-16 00:00:00+00:00,260.4,263.0,257.95,259.3,901,0
2001-03-19 00:00:00+00:00,259.1,262.55,258.25,260.95,676,0
2001-03-20 00:00:00+00:00,260.6,263.75,260.35,261.8,561,0
2001-03-21 00:00:00+00:00,261.3,263.05,260.45,263.05,346,0
2001-03-22 00:00:00+00:00,262.6,264.0,260.55,262.3,661,0
2001-03-23 00:00:00+00:00,261.8,264.6,261.3,262.6,581,0
2001-03-26 00:00:00+00:00,261.9,263.75,260.55,262.9,541,0
2001-03-27 00:00:00+00:00,262.4,264.0,260.65,261.8,611,0
2001-03-28 00:00:00+00:00,260.7,262.7,259.05,260.3,691,0
2001-03-29 00:00:00+00:00,260.0,261.45,258.15,259.2,581,0
2001-03-30 00:00:00+00:00,258.9,260.6,256.75,258.2,701,0
2001-04-02 00:00:00+00:00,257.8,259.0,254.2,255.8,761,0
2001-04-03 00:00:00+00:00,255.3,259.05,254.9,257.75,586,0
2001-04-04 00:00:00+00:00,256.8,261.25,256.25,258.7,811,0
2001-04-05 00:00:00+00:00,258.2,259.85,257.2,258.8,471,0
2001-04-06 00:00:00+00:00,258.3,260.85,257.2,260.3,531,0
2001-04-09 00:00:00+00:00,259.8,261.75,257.75,258.8,701,0
2001-04-10 00:00:00+00:00,258.25,259.75,256.05,257.75,691,0
2001-04-11 00:00:00+00:00,257.2,260.25,256.35,259.05,596,0
2001-04-12 00:00:00+00:00,258.45,261.35,257.4,260.4,596,0
2001-04-13 00:00:00+00:00,259.9,260.75,259.0,259.5,311,0
2001-04-16 00:00:00+00:00,259.0,264.65,259.0,263.6,671,0
2001-04-17 00:00:00+00:00,263.4,264.75,259.55,261.3,831,0
2001-04-18 00:00:00+00:00,260.8,262.8,257.95,261.5,901,0
2001-04-19 00:00:00+00:00,260.5,265.2,260.35,265.2,501,0
2001-04-20 00:00:00+00:00,265.2,266.1,263.3,264.9,531,0
2001-04-23 00:00:00+00:00,264.15,265.55,262.0,263.9,686,0
2001-04-24 00:00:00+00:00,263.4,265.4,262.35,264.4,511,0
2001-04-25 00:00:00+00:00,263.9,265.15,261.35,262.5,621,0
2001-04-26 00:00:00+00:00,262.4,264.95,261.5,264.4,491,0
2001-04-27 00:00:00+00:00,263.9,267.45,263.3,263.9,831,0
2001-04-30 00:00:00+00:00,263.3,263.8,262.65,263.8,181,0
2001-05-01 00:00:00+00:00,263.3,264.4,263.25,264.4,121,0
2001-05-02 00:00:00+00:00,263.8,265.25,263.35,265.25,236,0
2001-05-03 00:00:00+00:00,265.35,268.05,264.5,266.5,596,0
2001-05-04 00:00:00+00:00,266.0,268.05,264.9,266.4,591,0
2001-05-07 00:00:00+00:00,266.15,267.15,264.98,266.5,400,0
2001-05-08 00:00:00+00:00,266.0,266.6,264.05,265.5,461,0
2001-05-09 00:00:00+00:00,265.0,271.25,264.45,270.3,831,0
2001-05-10 00:00:00+00:00,269.8,271.15,267.9,269.5,621,0
2001-05-11 00:00:00+00:00,269.0,270.25,267.45,268.3,491,0
2001-05-14 00:00:00+00:00,267.9,269.6,267.05,268.9,411,0
2001-05-15 00:00:00+00:00,267.7,268.2,266.0,268.2,391,0
2001-05-16 00:00:00+00:00,268.2,273.05,267.75,272.5,631,0
2001-05-17 00:00:00+00:00,272.0,275.15,271.05,274.0,621,0
2001-05-18 00:00:00+00:00,272.8,287.3,271.1,287.3,1791,0
2001-05-21 00:00:00+00:00,285.75,299.0,282.15,285.9,3356,0
2001-05-22 00:00:00+00:00,285.2,286.75,281.1,285.4,1111,0
2001-05-23 00:00:00+00:00,284.9,286.5,281.8,284.0,851,0
2001-05-24 00:00:00+00:00,283.75,288.5,275.3,279.4,2206,0
2001-05-25 00:00:00+00:00,278.9,282.3,274.57,277.9,1447,0
2001-05-28 00:00:00+00:00,277.4,280.0,275.75,277.9,801,0
2001-05-29 00:00:00+00:00,277.6,279.3,272.55,274.1,1001,0
2001-05-30 00:00:00+00:00,273.25,276.2,264.4,266.3,1666,0
2001-05-31 00:00:00+00:00,265.8,269.02,264.8,266.1,815,0
2001-06-01 00:00:00+00:00,265.6,268.1,264.55,267.3,541,0
2001-06-04 00:00:00+00:00,266.5,268.4,264.6,266.0,711,0
2001-06-05 00:00:00+00:00,265.5,267.6,264.25,266.5,571,0
2001-06-06 00:00:00+00:00,266.0,268.3,264.8,266.5,651,0
2001-06-07 00:00:00+00:00,265.5,266.8,265.0,266.8,231,0
2001-06-08 00:00:00+00:00,266.3,275.5,265.6,274.0,1211,0
2001-06-11 00:00:00+00:00,273.0,274.25,266.1,268.4,1171,0
2001-06-12 00:00:00+00:00,267.8,273.25,266.6,272.0,911,0
2001-06-13 00:00:00+00:00,271.5,274.15,269.05,272.6,911,0
2001-06-14 00:00:00+00:00,272.15,277.4,270.45,276.25,981,0
2001-06-15 00:00:00+00:00,275.2,276.85,269.75,271.8,1081,0
2001-06-18 00:00:00+00:00,271.0,274.65,270.6,273.0,611,0
2001-06-19 00:00:00+00:00,272.15,275.5,271.55,273.9,616,0
2001-06-20 00:00:00+00:00,273.4,274.8,270.65,273.0,791,0
2001-06-21 00:00:00+00:00,272.5,274.65,270.85,273.2,691,0
2001-06-22 00:00:00+00:00,272.7,276.2,271.6,272.9,901,0
2001-06-25 00:00:00+00:00,272.3,275.65,272.15,274.2,511,0
2001-06-26 00:00:00+00:00,274.0,279.55,272.6,276.4,1151,0
2001-06-27 00:00:00+00:00,276.25,277.95,270.95,272.85,1061,0
2001-06-28 00:00:00+00:00,272.35,276.0,267.3,269.5,1456,0
2001-06-29 00:00:00+00:00,269.25,272.65,268.75,271.1,596,0
2001-07-02 00:00:00+00:00,270.6,271.45,267.4,269.8,731,0
2001-07-03 00:00:00+00:00,269.3,272.5,267.25,268.0,921,0
2001-07-04 00:00:00+00:00,267.5,269.15,267.15,268.2,331,0
2001-07-05 00:00:00+00:00,267.7,268.95,264.45,265.6,691,0
2001-07-06 00:00:00+00:00,265.1,267.9,264.15,266.5,611,0
2001-07-09 00:00:00+00:00,266.5,267.65,265.1,266.9,471,0
2001-07-10 00:00:00+00:00,266.4,268.25,265.6,266.6,511,0
2001-07-11 00:00:00+00:00,266.1,270.35,265.5,268.7,711,0
2001-07-12 00:00:00+00:00,268.75,269.25,265.25,267.1,636,0
2001-07-13 00:00:00+00:00,266.6,268.3,265.65,267.6,431,0
2001-07-16 00:00:00+00:00,266.95,269.75,266.25,267.75,621,0
2001-07-17 00:00:00+00:00,266.75,268.1,266.25,268.1,236,0
2001-07-18 00:00:00+00:00,268.1,271.6,266.75,271.0,681,0
2001-07-19 00:00:00+00:00,270.75,272.35,267.25,269.8,926,0
2001-07-20 00:00:00+00:00,268.75,271.85,268.35,270.3,546,0
2001-07-23 00:00:00+00:00,270.15,270.8,268.25,269.1,406,0
2001-07-24 00:00:00+00:00,268.6,270.65,267.95,270.0,401,0
2001-07-25 00:00:00+00:00,269.5,270.25,266.75,268.2,571,0
2001-07-26 00:00:00+00:00,267.5,269.0,265.35,266.7,651,0
2001-07-27 00:00:00+00:00,266.2,268.45,265.0,267.8,531,0
2001-07-30 00:00:00+00:00,267.6,268.75,264.45,265.5,651,0
2001-07-31 00:00:00+00:00,265.0,267.65,264.0,267.1,521,0
2001-08-01 00:00:00+00:00,266.6,269.25,265.9,268.2,511,0
2001-08-02 00:00:00+00:00,267.7,269.1,266.65,268.3,431,0
2001-08-03 00:00:00+00:00,267.8,269.55,266.25,268.8,561,0
2001-08-06 00:00:00+00:00,268.5,269.25,266.65,268.0,471,0
2001-08-07 00:00:00+00:00,267.15,268.45,265.75,267.9,466,0
2001-08-08 00:00:00+00:00,267.4,269.25,265.75,268.6,581,0
2001-08-09 00:00:00+00:00,267.6,273.9,266.6,273.9,831,0
2001-08-10 00:00:00+00:00,273.9,277.55,272.1,274.8,1001,0
2001-08-13 00:00:00+00:00,273.5,277.9,273.5,276.2,611,0
2001-08-14 00:00:00+00:00,275.2,276.5,273.0,276.5,571,0
2001-08-15 00:00:00+00:00,276.5,278.45,274.25,276.1,801,0
2001-08-16 00:00:00+00:00,275.6,277.35,274.15,275.6,641,0
2001-08-17 00:00:00+00:00,275.1,281.7,274.4,279.5,1021,0
2001-08-20 00:00:00+00:00,279.0,280.05,275.35,276.3,671,0
2001-08-21 00:00:00+00:00,275.8,279.0,273.45,275.3,1061,0
2001-08-22 00:00:00+00:00,274.8,278.55,273.95,275.0,901,0
2001-08-23 00:00:00+00:00,274.5,276.9,273.75,275.6,521,0
2001-08-24 00:00:00+00:00,275.1,276.35,271.55,273.1,761,0
2001-08-27 00:00:00+00:00,272.25,274.95,270.95,273.1,716,0
2001-08-28 00:00:00+00:00,272.55,273.25,270.15,272.55,621,0
2001-08-29 00:00:00+00:00,272.0,274.85,271.7,273.9,441,0
2001-08-30 00:00:00+00:00,273.0,275.05,271.75,275.05,456,0
2001-08-31 00:00:00+00:00,274.95,276.75,271.95,274.7,936,0
2001-09-03 00:00:00+00:00,274.45,274.95,272.6,273.75,401,0
2001-09-04 00:00:00+00:00,273.25,274.25,270.75,272.4,616,0
2001-09-05 00:00:00+00:00,271.55,273.25,270.7,272.3,436,0
2001-09-06 00:00:00+00:00,271.8,274.15,270.75,273.4,521,0
2001-09-07 00:00:00+00:00,272.9,275.25,271.7,273.4,661,0
2001-09-10 00:00:00+00:00,273.0,274.1,270.45,272.0,631,0
2001-09-11 00:00:00+00:00,271.5,296.0,270.8,287.0,3491,0
2001-09-12 00:00:00+00:00,286.0,293.0,275.5,278.5,2751,0
2001-09-13 00:00:00+00:00,278.0,284.0,275.5,281.5,1351,0
2001-09-14 00:00:00+00:00,281.0,291.0,278.0,285.8,2121,0
2001-09-17 00:00:00+00:00,288.0,296.0,283.75,290.5,2201,0
2001-09-18 00:00:00+00:00,289.4,292.0,285.12,288.0,1237,0
2001-09-19 00:00:00+00:00,287.5,293.3,286.0,290.4,1171,0
2001-09-20 00:00:00+00:00,289.9,291.5,286.9,288.9,821,0
2001-09-21 00:00:00+00:00,288.4,296.1,287.5,291.7,1391,0
2001-09-24 00:00:00+00:00,290.5,293.5,286.7,289.5,1261,0
2001-09-25 00:00:00+00:00,289.0,291.25,286.5,290.0,851,0
2001-09-26 00:00:00+00:00,289.5,294.4,286.75,293.3,1151,0
2001-09-27 00:00:00+00:00,292.8,293.93,288.5,292.2,1027,0
2001-09-28 00:00:00+00:00,291.7,294.65,289.4,293.45,876,0
2001-10-01 00:00:00+00:00,292.0,293.7,289.8,291.95,776,0
2001-10-02 00:00:00+00:00,291.45,293.5,288.3,289.7,866,0
2001-10-03 00:00:00+00:00,289.2,293.5,288.62,289.7,927,0
2001-10-04 00:00:00+00:00,289.2,292.7,288.1,290.1,831,0
2001-10-05 00:00:00+00:00,289.6,292.88,289.5,291.2,517,0
2001-10-08 00:00:00+00:00,290.75,294.62,290.2,292.15,745,0
2001-10-09 00:00:00+00:00,291.65,293.5,287.5,288.25,861,0
2001-10-10 00:00:00+00:00,287.75,291.25,283.5,285.1,1286,0
2001-10-11 00:00:00+00:00,284.6,288.7,279.7,281.5,1491,0
2001-10-12 00:00:00+00:00,282.2,286.6,281.0,284.7,871,0
2001-10-15 00:00:00+00:00,284.2,286.25,280.9,281.7,821,0
2001-10-16 00:00:00+00:00,281.3,284.25,280.3,281.6,761,0
2001-10-17 00:00:00+00:00,281.1,285.0,280.55,282.7,731,0
2001-10-18 00:00:00+00:00,282.2,284.3,277.3,279.7,1151,0
2001-10-19 00:00:00+00:00,279.2,283.6,277.2,279.9,1211,0
2001-10-22 00:00:00+00:00,279.4,280.0,274.7,275.8,701,0
2001-10-23 00:00:00+00:00,275.3,278.7,273.95,276.2,861,0
2001-10-24 00:00:00+00:00,275.7,277.2,274.77,275.6,477,0
2001-10-25 00:00:00+00:00,275.2,278.07,274.6,277.5,465,0
2001-10-26 00:00:00+00:00,276.5,278.4,276.0,277.6,371,0
2001-10-29 00:00:00+00:00,277.1,279.9,276.65,279.4,421,0
2001-10-30 00:00:00+00:00,278.9,282.0,278.6,280.75,496,0
2001-10-31 00:00:00+00:00,280.25,282.5,277.8,279.75,891,0
2001-11-01 00:00:00+00:00,279.25,281.8,278.15,279.9,666,0
2001-11-02 00:00:00+00:00,279.05,281.3,278.8,280.2,386,0
2001-11-05 00:00:00+00:00,279.7,280.65,277.35,279.3,621,0
2001-11-06 00:00:00+00:00,278.3,280.4,277.85,280.4,301,0
2001-11-07 00:00:00+00:00,280.25,281.6,278.6,281.0,526,0
2001-11-08 00:00:00+00:00,280.3,281.25,276.05,277.3,741,0
2001-11-09 00:00:00+00:00,276.8,280.8,276.0,277.95,846,0
2001-11-12 00:00:00+00:00,277.2,282.5,277.0,278.65,956,0
2001-11-13 00:00:00+00:00,278.15,280.6,275.6,277.8,966,0
2001-11-14 00:00:00+00:00,277.3,280.05,276.55,278.0,631,0
2001-11-15 00:00:00+00:00,277.6,278.6,274.15,275.6,691,0
2001-11-16 00:00:00+00:00,275.1,277.35,273.45,275.1,781,0
2001-11-19 00:00:00+00:00,274.6,276.25,271.85,273.0,721,0
2001-11-20 00:00:00+00:00,272.6,275.0,272.05,273.75,476,0
2001-11-21 00:00:00+00:00,273.0,274.35,271.7,273.4,491,0
2001-11-22 00:00:00+00:00,272.8,274.05,271.85,273.1,411,0
2001-11-23 00:00:00+00:00,272.6,273.9,272.0,273.15,326,0
2001-11-26 00:00:00+00:00,272.8,274.1,272.0,273.2,381,0
2001-11-27 00:00:00+00:00,272.8,274.4,272.25,273.7,341,0
2001-11-28 00:00:00+00:00,273.3,275.9,273.1,274.8,411,0
2001-11-29 00:00:00+00:00,274.2,276.35,273.05,274.5,631,0
2001-11-30 00:00:00+00:00,273.4,276.55,273.1,274.65,566,0
2001-12-03 00:00:00+00:00,274.15,278.7,274.0,277.6,596,0
2001-12-04 00:00:00+00:00,277.1,278.05,275.05,276.0,491,0
2001-12-05 00:00:00+00:00,275.5,277.1,273.25,274.7,691,0
2001-12-06 00:00:00+00:00,273.8,277.1,273.1,275.05,676,0
2001-12-07 00:00:00+00:00,274.0,275.75,273.25,274.8,421,0
2001-12-10 00:00:00+00:00,274.3,275.2,270.95,273.0,721,0
2001-12-11 00:00:00+00:00,272.6,273.75,271.35,273.1,431,0
2001-12-12 00:00:00+00:00,272.0,274.3,271.9,274.3,251,0
2001-12-13 00:00:00+00:00,273.8,274.25,273.25,274.25,156,0
2001-12-14 00:00:00+00:00,274.25,279.95,273.55,278.7,836,0
2001-12-17 00:00:00+00:00,277.35,279.3,276.15,278.6,506,0
2001-12-18 00:00:00+00:00,278.0,281.75,277.55,280.7,571,0
2001-12-19 00:00:00+00:00,280.2,280.8,274.85,276.4,811,0
2001-12-20 00:00:00+00:00,275.9,279.85,274.0,276.6,1101,0
2001-12-21 00:00:00+00:00,276.1,280.0,275.6,278.4,651,0
2001-12-24 00:00:00+00:00,277.7,279.38,276.9,278.3,437,0
2001-12-25 00:00:00+00:00,277.8,280.75,277.5,279.0,531,0
2001-12-26 00:00:00+00:00,278.5,280.5,277.7,279.5,461,0
2001-12-27 00:00:00+00:00,279.0,281.25,276.35,277.3,811,0
2001-12-28 00:00:00+00:00,276.8,278.8,275.55,276.8,651,0
2001-12-31 00:00:00+00:00,275.9,279.6,275.65,279.2,461,0
2002-01-01 00:00:00+00:00,278.2,278.7,276.7,278.7,351,0
2002-01-02 00:00:00+00:00,278.7,279.95,277.35,279.0,491,0
2002-01-03 00:00:00+00:00,278.5,280.75,276.55,278.7,821,0
2002-01-04 00:00:00+00:00,278.05,280.15,276.8,279.2,556,0
2002-01-07 00:00:00+00:00,278.4,281.01,276.9,279.0,763,0
2002-01-08 00:00:00+00:00,278.5,280.5,277.75,279.3,471,0
2002-01-09 00:00:00+00:00,278.8,285.15,278.2,284.45,826,0
2002-01-10 00:00:00+00:00,283.6,290.0,282.3,286.65,1236,0
2002-01-11 00:00:00+00:00,286.15,288.65,285.15,287.8,536,0
2002-01-14 00:00:00+00:00,286.6,287.85,284.35,285.4,581,0
2002-01-15 00:00:00+00:00,285.0,286.0,282.55,284.9,681,0
2002-01-16 00:00:00+00:00,284.4,290.0,283.05,287.4,1091,0
2002-01-17 00:00:00+00:00,287.15,289.35,283.55,284.3,876,0
2002-01-18 00:00:00+00:00,283.8,285.3,282.45,283.8,571,0
2002-01-21 00:00:00+00:00,283.3,284.55,281.5,282.8,561,0
2002-01-22 00:00:00+00:00,282.3,284.55,280.5,281.85,766,0
2002-01-23 00:00:00+00:00,281.4,283.5,278.15,279.5,881,0
2002-01-24 00:00:00+00:00,279.0,280.35,277.35,279.5,551,0
2002-01-25 00:00:00+00:00,278.25,279.2,277.75,279.2,196,0
2002-01-28 00:00:00+00:00,279.2,280.4,277.95,279.0,471,0
2002-01-29 00:00:00+00:00,277.9,281.7,276.6,281.7,641,0
2002-01-30 00:00:00+00:00,281.7,284.5,279.2,282.2,1011,0
2002-01-31 00:00:00+00:00,281.2,282.95,280.75,282.95,266,0
2002-02-01 00:00:00+00:00,282.7,287.7,281.45,286.5,871,0
2002-02-04 00:00:00+00:00,285.25,291.6,284.9,291.6,706,0
2002-02-05 00:00:00+00:00,290.1,299.5,289.1,297.8,1311,0
2002-02-06 00:00:00+00:00,297.45,307.5,295.5,297.0,2356,0
2002-02-07 00:00:00+00:00,296.38,303.0,296.38,303.0,663,0
2002-02-08 00:00:00+00:00,301.5,309.3,299.6,304.0,1691,0
2002-02-11 00:00:00+00:00,303.5,305.8,297.1,299.5,1341,0
2002-02-12 00:00:00+00:00,299.0,302.75,296.9,300.5,1021,0
2002-02-13 00:00:00+00:00,300.0,301.4,295.1,299.75,1236,0
2002-02-14 00:00:00+00:00,299.25,301.2,297.4,300.2,666,0
2002-02-15 00:00:00+00:00,299.4,302.8,297.4,298.1,951,0
2002-02-18 00:00:00+00:00,298.5,299.88,296.38,298.0,651,0
2002-02-19 00:00:00+00:00,297.5,299.35,292.0,293.35,1056,0
2002-02-20 00:00:00+00:00,292.85,294.9,290.3,291.7,806,0
2002-02-21 00:00:00+00:00,291.2,294.5,289.55,293.0,811,0
2002-02-22 00:00:00+00:00,292.5,295.12,291.1,293.0,755,0
2002-02-25 00:00:00+00:00,292.75,293.8,290.4,292.8,676,0
2002-02-26 00:00:00+00:00,292.3,298.55,291.68,298.0,805,0
2002-02-27 00:00:00+00:00,297.5,300.12,295.15,296.6,905,0
2002-02-28 00:00:00+00:00,296.6,298.55,295.4,296.8,611,0
2002-03-01 00:00:00+00:00,296.3,300.05,294.75,298.4,851,0
2002-03-04 00:00:00+00:00,297.6,300.62,296.35,297.1,805,0
2002-03-05 00:00:00+00:00,296.6,300.0,293.55,294.55,1086,0
2002-03-06 00:00:00+00:00,293.8,295.55,292.1,293.75,686,0
2002-03-07 00:00:00+00:00,293.15,294.15,289.05,289.8,686,0
2002-03-08 00:00:00+00:00,289.3,290.85,287.4,290.0,621,0
2002-03-11 00:00:00+00:00,289.35,293.45,288.9,290.95,751,0
2002-03-12 00:00:00+00:00,290.45,295.15,290.0,294.1,666,0
2002-03-13 00:00:00+00:00,293.6,295.4,292.45,293.6,591,0
2002-03-14 00:00:00+00:00,293.1,294.3,290.05,291.5,691,0
2002-03-15 00:00:00+00:00,291.0,292.15,288.85,290.3,591,0
2002-03-18 00:00:00+00:00,289.8,293.38,289.5,292.8,477,0
2002-03-19 00:00:00+00:00,292.3,294.55,291.35,293.45,526,0
2002-03-20 00:00:00+00:00,292.95,293.8,291.2,292.6,486,0
2002-03-21 00:00:00+00:00,292.1,294.15,291.6,293.4,381,0
2002-03-22 00:00:00+00:00,292.9,298.38,292.6,298.0,647,0
2002-03-25 00:00:00+00:00,297.4,299.3,296.6,298.6,421,0
2002-03-26 00:00:00+00:00,297.75,298.75,295.35,297.0,606,0
2002-03-27 00:00:00+00:00,296.75,303.8,295.85,302.5,1016,0
2002-03-28 00:00:00+00:00,302.0,305.27,300.0,302.9,965,0
2002-03-29 00:00:00+00:00,302.4,304.0,301.75,302.75,416,0
2002-04-01 00:00:00+00:00,301.75,303.1,300.45,303.1,396,0
2002-04-02 00:00:00+00:00,303.1,307.2,301.88,306.1,765,0
2002-04-03 00:00:00+00:00,305.6,307.45,300.8,302.8,1051,0
2002-04-04 00:00:00+00:00,302.3,303.5,298.45,301.25,906,0
2002-04-05 00:00:00+00:00,300.75,302.75,297.75,300.3,956,0
2002-04-08 00:00:00+00:00,299.85,301.75,297.95,300.75,671,0
2002-04-09 00:00:00+00:00,300.25,300.8,297.75,298.8,466,0
2002-04-10 00:00:00+00:00,298.3,302.65,296.75,301.5,861,0
2002-04-11 00:00:00+00:00,301.0,303.75,298.5,302.9,861,0
2002-04-12 00:00:00+00:00,301.65,301.9,299.7,301.9,416,0
2002-04-15 00:00:00+00:00,301.9,303.2,299.15,300.1,631,0
2002-04-16 00:00:00+00:00,299.6,300.5,297.15,299.25,636,0
2002-04-17 00:00:00+00:00,298.75,303.15,297.6,302.3,756,0
2002-04-18 00:00:00+00:00,301.8,306.6,301.0,303.9,911,0
2002-04-19 00:00:00+00:00,303.4,305.8,300.7,302.6,941,0
2002-04-22 00:00:00+00:00,302.0,305.0,301.35,303.15,616,0
2002-04-23 00:00:00+00:00,302.5,305.05,301.5,303.9,571,0
2002-04-24 00:00:00+00:00,303.4,306.05,303.0,304.3,521,0
2002-04-25 00:00:00+00:00,304.05,309.6,303.55,307.9,826,0
2002-04-26 00:00:00+00:00,307.65,312.5,305.6,311.6,986,0
2002-04-29 00:00:00+00:00,310.75,313.0,308.0,311.55,921,0
2002-04-30 00:00:00+00:00,311.05,311.85,306.55,308.7,826,0
2002-05-01 00:00:00+00:00,308.2,311.35,306.7,309.35,816,0
2002-05-02 00:00:00+00:00,308.6,309.75,306.35,308.1,631,0
2002-05-03 00:00:00+00:00,307.6,313.85,307.05,312.2,901,0
2002-05-06 00:00:00+00:00,311.5,313.7,310.0,311.7,721,0
2002-05-07 00:00:00+00:00,311.2,314.4,308.6,311.8,1101,0
2002-05-08 00:00:00+00:00,311.3,313.55,307.55,308.5,921,0
2002-05-09 00:00:00+00:00,308.0,310.75,307.55,309.8,461,0
2002-05-10 00:00:00+00:00,309.3,312.45,308.6,311.3,571,0
2002-05-13 00:00:00+00:00,310.6,312.25,308.85,311.2,621,0
2002-05-14 00:00:00+00:00,310.5,311.35,306.45,307.9,721,0
2002-05-15 00:00:00+00:00,306.9,308.8,305.95,308.8,381,0
2002-05-16 00:00:00+00:00,308.8,311.15,308.1,310.1,481,0
2002-05-17 00:00:00+00:00,309.9,312.65,308.75,311.3,641,0
2002-05-20 00:00:00+00:00,310.6,317.15,309.75,316.2,921,0
2002-05-21 00:00:00+00:00,315.7,317.75,311.5,316.4,1181,0
2002-05-22 00:00:00+00:00,315.7,320.35,315.1,317.9,831,0
2002-05-23 00:00:00+00:00,317.4,324.48,315.0,322.3,1407,0
2002-05-24 00:00:00+00:00,321.8,323.25,317.3,320.8,1091,0
2002-05-27 00:00:00+00:00,320.3,322.25,319.7,320.5,491,0
2002-05-28 00:00:00+00:00,320.0,329.1,319.5,324.6,1461,0
2002-05-29 00:00:00+00:00,324.35,328.05,322.6,325.3,996,0
2002-05-30 00:00:00+00:00,324.7,327.3,321.0,325.3,1201,0
2002-05-31 00:00:00+00:00,324.7,330.25,323.5,326.8,1141,0
2002-06-03 00:00:00+00:00,326.3,329.05,324.45,327.4,811,0
2002-06-04 00:00:00+00:00,328.1,332.15,323.75,325.2,1391,0
2002-06-05 00:00:00+00:00,324.6,327.95,319.75,321.7,1351,0
2002-06-06 00:00:00+00:00,320.9,325.4,320.8,325.4,471,0
2002-06-07 00:00:00+00:00,325.35,328.3,322.1,324.2,1126,0
2002-06-10 00:00:00+00:00,324.6,325.6,317.25,319.3,1141,0
2002-06-11 00:00:00+00:00,318.8,321.85,315.45,321.3,1031,0
2002-06-12 00:00:00+00:00,320.6,322.6,318.5,319.5,711,0
2002-06-13 00:00:00+00:00,319.0,322.0,316.4,318.4,1061,0
2002-06-14 00:00:00+00:00,317.75,323.65,317.6,319.6,1026,0
2002-06-17 00:00:00+00:00,319.1,321.0,316.6,317.1,681,0
2002-06-18 00:00:00+00:00,316.7,319.8,316.25,319.8,401,0
2002-06-19 00:00:00+00:00,320.0,322.9,318.55,321.1,761,0
2002-06-20 00:00:00+00:00,320.85,325.0,318.9,324.2,886,0
2002-06-21 00:00:00+00:00,323.7,325.6,321.95,324.9,611,0
2002-06-24 00:00:00+00:00,324.4,327.3,322.0,322.9,911,0
2002-06-25 00:00:00+00:00,322.5,326.1,317.5,321.7,1641,0
2002-06-26 00:00:00+00:00,321.2,326.1,318.9,319.5,1271,0
2002-06-27 00:00:00+00:00,319.0,322.3,316.1,318.5,1191,0
2002-06-28 00:00:00+00:00,318.25,321.5,309.9,314.7,1966,0
2002-07-01 00:00:00+00:00,313.7,314.9,310.9,314.9,681,0
2002-07-02 00:00:00+00:00,314.65,316.4,312.2,313.2,696,0
2002-07-03 00:00:00+00:00,312.7,314.85,310.0,311.4,841,0
2002-07-04 00:00:00+00:00,310.9,312.1,310.3,311.0,351,0
2002-07-05 00:00:00+00:00,310.55,312.0,310.5,311.8,176,0
2002-07-08 00:00:00+00:00,311.2,315.0,309.9,313.1,831,0
2002-07-09 00:00:00+00:00,312.6,317.6,310.0,316.9,1091,0
2002-07-10 00:00:00+00:00,316.4,317.7,313.9,316.3,751,0
2002-07-11 00:00:00+00:00,315.7,318.5,313.2,316.8,951,0
2002-07-12 00:00:00+00:00,316.3,317.5,314.8,316.3,541,0
2002-07-15 00:00:00+00:00,315.7,320.9,315.7,318.4,771,0
2002-07-16 00:00:00+00:00,317.8,321.35,316.0,318.5,1001,0
2002-07-17 00:00:00+00:00,318.0,319.1,315.5,318.0,721,0
2002-07-18 00:00:00+00:00,317.0,317.7,316.25,317.7,221,0
2002-07-19 00:00:00+00:00,317.7,326.4,316.5,324.2,1331,0
2002-07-22 00:00:00+00:00,323.7,326.23,321.9,323.4,837,0
2002-07-23 00:00:00+00:00,322.9,323.8,311.2,313.25,1556,0
2002-07-24 00:00:00+00:00,312.9,319.5,306.6,311.5,2441,0
2002-07-25 00:00:00+00:00,311.0,312.6,308.0,310.6,881,0
2002-07-26 00:00:00+00:00,310.0,312.5,300.5,304.0,1801,0
2002-07-29 00:00:00+00:00,304.2,305.0,301.0,302.9,671,0
2002-07-30 00:00:00+00:00,302.4,306.4,301.5,305.35,686,0
2002-07-31 00:00:00+00:00,304.5,306.5,302.0,303.8,831,0
2002-08-01 00:00:00+00:00,303.3,305.7,298.45,304.9,1291,0
2002-08-02 00:00:00+00:00,304.4,308.5,303.5,307.4,701,0
2002-08-05 00:00:00+00:00,307.1,310.35,305.2,308.4,901,0
2002-08-06 00:00:00+00:00,307.9,308.5,304.7,306.6,631,0
2002-08-07 00:00:00+00:00,306.1,316.05,303.7,314.3,1651,0
2002-08-08 00:00:00+00:00,313.8,315.2,310.1,310.9,731,0
2002-08-09 00:00:00+00:00,310.4,315.6,308.05,314.8,1071,0
2002-08-12 00:00:00+00:00,314.3,318.5,313.15,314.6,1041,0
2002-08-13 00:00:00+00:00,313.5,315.4,313.3,315.4,231,0
2002-08-14 00:00:00+00:00,315.4,318.0,310.8,312.0,1101,0
2002-08-15 00:00:00+00:00,311.4,316.7,311.2,315.2,721,0
2002-08-16 00:00:00+00:00,314.7,315.85,312.1,314.2,701,0
2002-08-19 00:00:00+00:00,313.7,316.4,304.3,307.0,1751,0
2002-08-20 00:00:00+00:00,306.5,310.75,305.9,309.3,691,0
2002-08-21 00:00:00+00:00,309.2,310.2,305.5,308.3,851,0
2002-08-22 00:00:00+00:00,307.8,308.4,304.6,307.4,721,0
2002-08-23 00:00:00+00:00,306.8,307.85,303.95,307.3,731,0
2002-08-26 00:00:00+00:00,306.7,311.1,306.2,309.8,671,0
2002-08-27 00:00:00+00:00,309.2,313.6,308.15,313.0,711,0
2002-08-28 00:00:00+00:00,312.5,313.1,309.2,310.5,581,0
2002-08-29 00:00:00+00:00,309.3,313.7,307.0,313.7,901,0
2002-08-30 00:00:00+00:00,313.7,315.3,311.4,313.0,711,0
2002-09-02 00:00:00+00:00,312.5,313.15,311.65,312.5,301,0
2002-09-03 00:00:00+00:00,312.0,315.2,310.9,314.4,621,0
2002-09-04 00:00:00+00:00,313.8,316.5,312.3,315.0,721,0
2002-09-05 00:00:00+00:00,314.0,319.0,313.45,319.0,611,0
2002-09-06 00:00:00+00:00,319.0,322.1,317.6,320.5,751,0
2002-09-09 00:00:00+00:00,319.9,324.6,318.8,321.5,1001,0
2002-09-10 00:00:00+00:00,321.0,321.7,317.1,318.0,621,0
2002-09-11 00:00:00+00:00,317.5,319.0,314.4,317.6,911,0
2002-09-12 00:00:00+00:00,317.1,320.5,316.4,319.35,596,0
2002-09-13 00:00:00+00:00,318.8,320.6,315.4,317.1,871,0
2002-09-16 00:00:00+00:00,316.9,318.65,314.9,317.7,671,0
2002-09-17 00:00:00+00:00,315.75,317.8,313.5,317.25,1575,0
2002-09-18 00:00:00+00:00,318.35,321.6,316.3,320.17,1887,0
2002-09-19 00:00:00+00:00,320.37,323.82,319.32,323.27,2015,0
2002-09-20 00:00:00+00:00,323.05,324.5,320.5,322.15,1459,0
2002-09-23 00:00:00+00:00,322.15,325.1,320.9,322.75,1590,0
2002-09-24 00:00:00+00:00,322.47,328.3,322.2,326.15,2115,0
2002-09-25 00:00:00+00:00,326.25,326.8,322.0,322.25,1213,0
2002-09-26 00:00:00+00:00,322.47,323.75,318.5,320.05,1529,0
2002-09-27 00:00:00+00:00,320.15,322.3,318.8,319.95,1386,0
2002-09-30 00:00:00+00:00,320.25,325.5,319.4,324.17,1422,0
2002-10-01 00:00:00+00:00,323.75,324.0,323.5,323.75,202,0
2002-10-02 00:00:00+00:00,320.0,322.8,319.8,322.35,2136,0
2002-10-03 00:00:00+00:00,323.05,324.72,321.1,321.65,233,0
2002-10-04 00:00:00+00:00,321.37,323.1,319.0,322.25,1092,0
2002-10-07 00:00:00+00:00,322.25,323.7,321.2,322.37,209,0
2002-10-08 00:00:00+00:00,322.45,322.8,317.92,318.25,711,0
2002-10-09 00:00:00+00:00,318.45,320.7,318.2,320.05,559,0
2002-10-10 00:00:00+00:00,320.05,321.2,316.0,316.85,831,0
2002-10-11 00:00:00+00:00,316.97,318.6,315.9,316.75,1059,0
2002-10-14 00:00:00+00:00,318.45,319.1,316.8,317.95,1966,0
2002-10-15 00:00:00+00:00,318.4,318.7,312.1,312.9,3316,0
2002-10-16 00:00:00+00:00,313.5,315.4,313.2,314.35,1225,0
2002-10-17 00:00:00+00:00,313.75,314.32,310.4,311.55,1600,0
2002-10-18 00:00:00+00:00,311.45,313.7,310.22,312.85,984,0
2002-10-21 00:00:00+00:00,312.75,314.1,310.2,311.15,1168,0
2002-10-22 00:00:00+00:00,310.55,313.9,310.2,313.05,1188,0
2002-10-23 00:00:00+00:00,313.0,314.1,311.6,311.85,475,0
2002-10-24 00:00:00+00:00,311.95,312.9,308.5,311.65,1033,0
2002-10-25 00:00:00+00:00,311.77,314.6,308.5,313.05,921,0
2002-10-28 00:00:00+00:00,313.27,315.6,312.5,315.15,1034,0
2002-10-29 00:00:00+00:00,314.55,318.6,314.3,316.75,1615,0
2002-10-30 00:00:00+00:00,316.97,317.7,315.6,316.37,985,0
2002-10-31 00:00:00+00:00,316.25,318.5,315.7,317.77,1159,0
2002-11-01 00:00:00+00:00,317.75,321.8,317.3,318.75,1801,0
2002-11-04 00:00:00+00:00,320.35,320.6,316.5,318.05,1063,0
2002-11-05 00:00:00+00:00,318.55,320.2,317.5,317.75,939,0
2002-11-06 00:00:00+00:00,317.85,318.8,316.6,318.15,970,0
2002-11-07 00:00:00+00:00,318.05,321.5,317.8,320.97,1411,0
2002-11-08 00:00:00+00:00,321.05,323.5,320.0,321.05,1377,0
2002-11-11 00:00:00+00:00,321.55,322.1,319.5,321.15,650,0
2002-11-12 00:00:00+00:00,321.47,325.1,320.4,324.45,1219,0
2002-11-13 00:00:00+00:00,323.75,325.4,316.5,319.17,3548,0
2002-11-14 00:00:00+00:00,319.07,320.0,316.8,318.35,1509,0
2002-11-15 00:00:00+00:00,318.15,321.4,317.2,320.55,1469,0
2002-11-18 00:00:00+00:00,320.55,321.3,317.8,319.45,1060,0
2002-11-19 00:00:00+00:00,319.35,320.8,318.3,318.75,1078,0
2002-11-20 00:00:00+00:00,318.35,320.35,317.2,317.85,1263,0
2002-11-21 00:00:00+00:00,317.95,319.1,317.02,317.65,1063,0
2002-11-22 00:00:00+00:00,317.75,322.5,316.3,321.05,1689,0
2002-11-25 00:00:00+00:00,320.15,321.5,316.7,318.07,1357,0
2002-11-26 00:00:00+00:00,318.25,319.4,316.9,317.85,1033,0
2002-11-27 00:00:00+00:00,318.45,319.1,315.62,317.25,1036,0
2002-11-28 00:00:00+00:00,317.37,318.6,316.02,317.85,469,0
2002-11-29 00:00:00+00:00,317.85,320.6,316.8,318.15,332,0
2002-12-02 00:00:00+00:00,318.47,319.3,315.7,317.75,1389,0
2002-12-03 00:00:00+00:00,317.85,321.32,316.9,320.75,1634,0
2002-12-04 00:00:00+00:00,320.65,324.1,319.4,322.15,1468,0
2002-12-05 00:00:00+00:00,322.15,325.3,320.7,324.57,1609,0
2002-12-06 00:00:00+00:00,324.65,329.6,323.62,326.25,2088,0
2002-12-09 00:00:00+00:00,326.57,326.82,324.5,325.45,1138,0
2002-12-10 00:00:00+00:00,326.05,326.5,322.3,323.45,742,0
2002-12-11 00:00:00+00:00,323.55,325.6,322.4,324.97,1022,0
2002-12-12 00:00:00+00:00,324.85,333.1,324.0,331.35,2039,0
2002-12-13 00:00:00+00:00,331.25,336.0,329.8,330.55,2070,0
2002-12-16 00:00:00+00:00,333.15,337.8,331.9,336.65,1150,0
2002-12-17 00:00:00+00:00,336.25,343.2,335.6,336.75,2773,0
2002-12-18 00:00:00+00:00,336.35,343.15,335.7,343.15,2288,0
2002-12-19 00:00:00+00:00,344.97,354.72,343.2,345.55,2490,0
2002-12-20 00:00:00+00:00,345.86,349.05,338.35,340.25,1992,0
2002-12-23 00:00:00+00:00,340.76,346.6,340.45,345.35,1548,0
2002-12-24 00:00:00+00:00,345.65,349.5,344.4,346.55,1322,0
2002-12-25 00:00:00+00:00,346.97,347.5,343.5,344.97,33,0
2002-12-26 00:00:00+00:00,345.47,350.52,343.1,349.25,718,0
2002-12-27 00:00:00+00:00,349.65,351.51,346.6,349.25,1928,0
2002-12-30 00:00:00+00:00,349.17,350.5,341.85,343.65,1769,0
2002-12-31 00:00:00+00:00,343.15,348.4,341.1,348.05,1458,0
2003-01-01 00:00:00+00:00,347.3,347.8,346.7,347.8,171,0
2003-01-02 00:00:00+00:00,348.05,348.3,342.11,345.58,1799,0
2003-01-03 00:00:00+00:00,345.36,353.5,343.0,351.25,2209,0
2003-01-06 00:00:00+00:00,349.85,357.35,349.6,351.25,2504,0
2003-01-07 00:00:00+00:00,350.75,352.05,344.45,347.25,2552,0
2003-01-08 00:00:00+00:00,347.15,356.0,344.8,353.59,3281,0
2003-01-09 00:00:00+00:00,353.45,357.75,350.9,353.76,2875,0
2003-01-10 00:00:00+00:00,353.86,356.65,350.05,354.75,2712,0
2003-01-13 00:00:00+00:00,354.75,355.4,351.2,353.0,1990,0
2003-01-14 00:00:00+00:00,354.85,355.25,351.01,351.5,2849,0
2003-01-15 00:00:00+00:00,351.75,353.9,345.51,350.75,2504,0
2003-01-16 00:00:00+00:00,350.55,359.2,350.1,357.45,3013,0
2003-01-17 00:00:00+00:00,357.09,358.85,354.95,356.55,2174,0
2003-01-20 00:00:00+00:00,356.55,357.4,355.34,355.75,405,0
2003-01-21 00:00:00+00:00,355.75,358.25,353.05,357.65,2308,0
2003-01-22 00:00:00+00:00,357.75,363.0,357.1,361.55,2419,0
2003-01-23 00:00:00+00:00,362.09,368.21,360.61,363.35,2795,0
2003-01-24 00:00:00+00:00,363.05,370.5,362.5,368.35,2490,0
2003-01-27 00:00:00+00:00,373.97,374.22,367.0,369.65,2254,0
2003-01-28 00:00:00+00:00,368.59,370.55,365.4,368.96,2156,0
2003-01-29 00:00:00+00:00,368.75,371.61,365.21,365.95,2629,0
2003-01-30 00:00:00+00:00,366.25,370.6,362.4,369.79,3316,0
2003-01-31 00:00:00+00:00,370.36,372.22,366.9,368.15,2229,0
2003-02-03 00:00:00+00:00,368.15,372.2,367.4,371.05,1929,0
2003-02-04 00:00:00+00:00,371.34,382.59,371.09,382.34,3328,0
2003-02-05 00:00:00+00:00,382.11,389.25,370.0,371.5,3737,0
2003-02-06 00:00:00+00:00,370.0,376.75,367.8,370.25,2242,0
2003-02-07 00:00:00+00:00,369.3,375.15,366.75,369.75,3463,0
2003-02-10 00:00:00+00:00,369.75,373.36,362.4,362.75,2986,0
2003-02-11 00:00:00+00:00,362.61,365.95,360.25,363.45,3255,0
2003-02-12 00:00:00+00:00,363.84,365.75,351.09,352.75,3130,0
2003-02-13 00:00:00+00:00,352.9,358.95,346.75,356.55,2620,0
2003-02-14 00:00:00+00:00,356.75,358.35,347.85,351.55,2868,0
2003-02-17 00:00:00+00:00,351.0,352.35,341.0,347.2,891,0
2003-02-18 00:00:00+00:00,347.0,348.97,342.25,343.55,2843,0
2003-02-19 00:00:00+00:00,343.35,349.45,341.97,349.45,2877,0
2003-02-20 00:00:00+00:00,349.61,354.78,349.1,352.45,3501,0
2003-02-21 00:00:00+00:00,352.64,355.05,350.35,351.9,2193,0
2003-02-24 00:00:00+00:00,351.75,358.04,350.0,357.09,2296,0
2003-02-25 00:00:00+00:00,357.07,360.65,350.25,351.95,2396,0
2003-02-26 00:00:00+00:00,352.09,355.55,350.9,354.05,2470,0
2003-02-27 00:00:00+00:00,354.62,357.15,345.0,345.95,2844,0
2003-02-28 00:00:00+00:00,345.11,351.5,344.75,349.95,3188,0
2003-03-03 00:00:00+00:00,349.5,349.75,344.7,349.61,2149,0
2003-03-04 00:00:00+00:00,349.45,355.0,348.97,353.15,2335,0
2003-03-05 00:00:00+00:00,354.11,357.9,351.28,353.55,1638,0
2003-03-06 00:00:00+00:00,353.87,357.4,352.1,356.25,4246,0
2003-03-07 00:00:00+00:00,356.34,358.6,346.5,350.75,2793,0
2003-03-10 00:00:00+00:00,352.22,355.4,351.47,354.72,2273,0
2003-03-11 00:00:00+00:00,354.85,355.47,348.2,350.65,1950,0
2003-03-12 00:00:00+00:00,350.53,351.0,345.3,346.0,2266,0
2003-03-13 00:00:00+00:00,346.35,346.86,331.45,334.35,1932,0
2003-03-14 00:00:00+00:00,334.45,338.15,331.5,336.35,1577,0
2003-03-17 00:00:00+00:00,339.45,345.65,334.45,336.9,1831,0
2003-03-18 00:00:00+00:00,337.15,340.98,333.75,338.1,1719,0
2003-03-19 00:00:00+00:00,337.95,341.25,333.95,335.93,2024,0
2003-03-20 00:00:00+00:00,336.85,338.15,331.6,332.25,2194,0
2003-03-21 00:00:00+00:00,331.97,335.0,325.49,326.05,2324,0
2003-03-24 00:00:00+00:00,328.13,331.25,325.88,329.65,1909,0
2003-03-25 00:00:00+00:00,329.85,334.7,327.1,328.55,2190,0
2003-03-26 00:00:00+00:00,328.74,331.25,327.88,330.25,1459,0
2003-03-27 00:00:00+00:00,330.35,334.62,328.1,328.45,2255,0
2003-03-28 00:00:00+00:00,329.6,332.9,328.9,332.45,1707,0
2003-03-31 00:00:00+00:00,332.61,337.0,332.2,336.55,2188,0
2003-04-01 00:00:00+00:00,337.11,339.15,333.28,334.95,1952,0
2003-04-02 00:00:00+00:00,335.5,335.8,327.38,329.95,1604,0
2003-04-03 00:00:00+00:00,329.5,329.8,323.13,325.32,2253,0
2003-04-04 00:00:00+00:00,325.41,325.95,321.88,325.38,2314,0
2003-04-07 00:00:00+00:00,321.72,323.38,318.88,322.55,2102,0
2003-04-08 00:00:00+00:00,322.72,324.63,319.07,322.8,1944,0
2003-04-09 00:00:00+00:00,323.01,327.6,320.88,326.32,2430,0
2003-04-10 00:00:00+00:00,326.85,327.7,323.86,326.5,2214,0
2003-04-11 00:00:00+00:00,326.12,329.55,322.88,328.05,1943,0
2003-04-14 00:00:00+00:00,326.13,327.7,323.7,324.35,1598,0
2003-04-15 00:00:00+00:00,324.63,326.62,321.88,324.95,1808,0
2003-04-16 00:00:00+00:00,324.72,327.13,322.38,326.45,1999,0
2003-04-17 00:00:00+00:00,326.82,328.5,325.5,327.13,1149,0
2003-04-18 00:00:00+00:00,327.22,327.7,325.3,327.25,245,0
2003-04-21 00:00:00+00:00,327.13,334.3,326.3,333.55,1540,0
2003-04-22 00:00:00+00:00,333.65,336.66,331.7,333.11,2507,0
2003-04-23 00:00:00+00:00,333.15,336.09,330.8,331.25,2206,0
2003-04-24 00:00:00+00:00,331.22,335.45,330.87,334.45,2331,0
2003-04-25 00:00:00+00:00,334.05,334.97,332.09,333.25,1523,0
2003-04-28 00:00:00+00:00,333.34,335.6,328.43,334.05,2056,0
2003-04-29 00:00:00+00:00,328.7,334.8,327.13,333.45,1566,0
2003-04-30 00:00:00+00:00,329.1,340.35,328.85,338.55,2735,0
2003-05-01 00:00:00+00:00,339.45,343.75,337.7,341.75,2319,0
2003-05-02 00:00:00+00:00,342.15,344.0,338.7,340.95,2236,0
2003-05-05 00:00:00+00:00,341.72,343.7,340.47,342.25,1426,0
2003-05-06 00:00:00+00:00,342.35,345.45,340.97,344.55,2044,0
2003-05-07 00:00:00+00:00,344.34,345.05,339.15,342.05,2164,0
2003-05-08 00:00:00+00:00,341.95,349.95,340.5,348.6,2627,0
2003-05-09 00:00:00+00:00,348.65,349.62,346.2,348.55,1959,0
2003-05-12 00:00:00+00:00,348.8,352.85,348.47,351.25,2133,0
2003-05-13 00:00:00+00:00,351.5,352.25,348.55,349.71,1627,0
2003-05-14 00:00:00+00:00,350.0,355.85,348.05,352.45,2536,0
2003-05-15 00:00:00+00:00,352.5,356.3,350.7,352.0,2155,0
2003-05-16 00:00:00+00:00,351.65,357.5,351.07,354.75,2203,0
2003-05-19 00:00:00+00:00,357.0,365.75,356.4,365.75,1572,0
2003-05-20 00:00:00+00:00,366.34,370.6,363.8,367.95,2716,0
2003-05-21 00:00:00+00:00,368.05,373.65,363.36,372.34,2935,0
2003-05-22 00:00:00+00:00,371.84,373.3,366.4,368.34,2422,0
2003-05-23 00:00:00+00:00,368.25,371.3,365.0,368.75,2089,0
2003-05-26 00:00:00+00:00,368.0,371.36,367.3,370.65,434,0
2003-05-27 00:00:00+00:00,370.61,375.02,364.5,365.11,2327,0
2003-05-28 00:00:00+00:00,364.95,367.3,358.3,364.52,2150,0
2003-05-29 00:00:00+00:00,366.11,370.35,359.4,369.25,2266,0
2003-05-30 00:00:00+00:00,368.61,369.45,360.4,364.85,1981,0
2003-06-02 00:00:00+00:00,363.25,367.7,359.36,365.95,2560,0
2003-06-03 00:00:00+00:00,365.85,367.65,363.25,365.25,1916,0
2003-06-04 00:00:00+00:00,365.52,366.25,360.59,362.75,2270,0
2003-06-05 00:00:00+00:00,361.82,370.3,360.7,368.3,2525,0
2003-06-06 00:00:00+00:00,368.22,369.1,361.4,363.85,2275,0
2003-06-09 00:00:00+00:00,362.75,367.45,360.8,361.32,2033,0
2003-06-10 00:00:00+00:00,362.05,362.3,351.2,352.45,4036,0
2003-06-11 00:00:00+00:00,353.55,358.1,351.4,355.35,3797,0
2003-06-12 00:00:00+00:00,355.45,356.8,350.8,353.75,3626,0
2003-06-13 00:00:00+00:00,353.55,358.0,350.7,356.95,2957,0
2003-06-16 00:00:00+00:00,356.85,362.2,355.9,359.35,2874,0
2003-06-17 00:00:00+00:00,359.55,366.1,358.8,363.05,3300,0
2003-06-18 00:00:00+00:00,363.55,365.2,355.9,357.55,3486,0
2003-06-19 00:00:00+00:00,358.35,363.6,354.8,361.55,3022,0
2003-06-20 00:00:00+00:00,361.95,363.6,355.3,356.45,2601,0
2003-06-23 00:00:00+00:00,356.45,358.7,350.6,353.25,3694,0
2003-06-24 00:00:00+00:00,353.25,355.8,345.8,346.45,4796,0
2003-06-25 00:00:00+00:00,347.95,350.7,346.2,348.95,2899,0
2003-06-26 00:00:00+00:00,347.85,350.0,343.0,343.95,3162,0
2003-06-27 00:00:00+00:00,343.85,347.8,342.6,345.45,2800,0
2003-06-30 00:00:00+00:00,345.55,348.7,344.1,345.45,2308,0
2003-07-01 00:00:00+00:00,345.55,354.2,345.2,351.25,3140,0
2003-07-02 00:00:00+00:00,350.75,353.8,349.8,351.35,2303,0
2003-07-03 00:00:00+00:00,351.75,353.0,349.1,351.25,2059,0
2003-07-04 00:00:00+00:00,351.05,352.4,350.4,351.05,483,0
2003-07-07 00:00:00+00:00,351.75,353.0,347.2,348.35,2569,0
2003-07-08 00:00:00+00:00,348.35,349.3,342.3,344.75,3761,0
2003-07-09 00:00:00+00:00,344.45,346.8,343.1,344.45,3918,0
2003-07-10 00:00:00+00:00,344.55,346.6,341.8,345.65,3468,0
2003-07-11 00:00:00+00:00,344.85,346.9,342.0,344.75,3107,0
2003-07-14 00:00:00+00:00,345.25,349.0,343.5,347.55,2100,0
2003-07-15 00:00:00+00:00,347.65,350.1,340.6,342.75,4289,0
2003-07-16 00:00:00+00:00,342.05,345.1,340.3,343.75,2586,0
2003-07-17 00:00:00+00:00,343.45,346.2,340.8,344.95,2958,0
2003-07-18 00:00:00+00:00,344.35,348.6,342.8,347.35,4224,0
2003-07-21 00:00:00+00:00,346.75,353.2,346.5,351.95,3775,0
2003-07-22 00:00:00+00:00,352.45,353.9,349.0,350.65,3531,0
2003-07-23 00:00:00+00:00,350.95,360.8,350.2,360.25,4613,0
2003-07-24 00:00:00+00:00,360.85,364.6,355.9,362.05,5092,0
2003-07-25 00:00:00+00:00,361.95,365.4,359.5,362.95,3770,0
2003-07-28 00:00:00+00:00,362.8,368.8,359.8,365.3,3172,0
2003-07-29 00:00:00+00:00,364.8,366.3,360.3,362.1,4182,0
2003-07-30 00:00:00+00:00,361.6,362.8,354.3,356.6,3475,0
2003-07-31 00:00:00+00:00,356.5,358.8,353.0,355.3,5543,0
2003-08-01 00:00:00+00:00,355.8,357.0,344.8,346.6,4116,0
2003-08-04 00:00:00+00:00,348.8,351.3,346.1,349.8,3906,0
2003-08-05 00:00:00+00:00,349.6,353.3,347.3,352.1,3329,0
2003-08-06 00:00:00+00:00,351.8,354.6,348.6,352.0,4136,0
2003-08-07 00:00:00+00:00,351.8,354.9,349.3,353.0,3850,0
2003-08-08 00:00:00+00:00,353.1,358.7,352.1,356.8,4388,0
2003-08-11 00:00:00+00:00,356.5,363.3,355.5,362.1,4783,0
2003-08-12 00:00:00+00:00,361.3,363.3,357.6,358.6,3455,0
2003-08-13 00:00:00+00:00,359.5,365.6,355.1,362.6,4134,0
2003-08-14 00:00:00+00:00,362.8,368.3,359.8,366.6,4048,0
2003-08-15 00:00:00+00:00,367.3,367.9,362.5,363.5,2059,0
2003-08-18 00:00:00+00:00,363.5,365.0,357.3,358.6,1544,0
2003-08-19 00:00:00+00:00,359.0,363.6,356.0,362.0,4477,0
2003-08-20 00:00:00+00:00,362.3,367.8,361.1,366.5,4299,0
2003-08-21 00:00:00+00:00,366.8,367.6,358.1,360.8,4030,0
2003-08-22 00:00:00+00:00,361.3,365.1,357.6,363.1,3922,0
2003-08-25 00:00:00+00:00,363.3,364.8,360.1,361.5,2964,0
2003-08-26 00:00:00+00:00,361.6,367.0,358.5,364.8,3488,0
2003-08-27 00:00:00+00:00,364.8,375.1,362.5,372.6,5247,0
2003-08-28 00:00:00+00:00,372.6,373.3,368.1,369.8,4375,0
2003-08-29 00:00:00+00:00,370.0,378.6,368.3,375.3,4260,0
2003-09-01 00:00:00+00:00,375.0,379.7,374.1,375.3,836,0
2003-09-02 00:00:00+00:00,375.5,380.0,370.8,371.6,1610,0
2003-09-03 00:00:00+00:00,371.8,376.0,369.3,373.8,1663,0
2003-09-04 00:00:00+00:00,374.3,376.0,369.1,373.3,1253,0
2003-09-05 00:00:00+00:00,373.6,379.6,370.0,377.1,1354,0
2003-09-08 00:00:00+00:00,377.3,378.1,373.0,375.1,1190,0
2003-09-09 00:00:00+00:00,374.7,384.0,374.0,382.6,1423,0
2003-09-10 00:00:00+00:00,381.8,383.5,377.8,380.5,1530,0
2003-09-11 00:00:00+00:00,380.6,382.1,374.1,379.8,2185,0
2003-09-12 00:00:00+00:00,380.5,382.3,374.3,375.0,1657,0
2003-09-15 00:00:00+00:00,375.3,378.0,372.1,374.1,1640,0
2003-09-16 00:00:00+00:00,374.3,377.2,371.1,373.1,1705,0
2003-09-17 00:00:00+00:00,373.6,377.8,371.8,376.6,1789,0
2003-09-18 00:00:00+00:00,376.7,380.6,374.6,376.6,1739,0
2003-09-19 00:00:00+00:00,376.6,384.3,374.6,381.8,1772,0
2003-09-22 00:00:00+00:00,381.0,389.1,380.5,387.0,2132,0
2003-09-23 00:00:00+00:00,386.8,388.8,382.8,385.1,1922,0
2003-09-24 00:00:00+00:00,384.8,390.3,382.8,389.3,2075,0
2003-09-25 00:00:00+00:00,389.6,394.5,383.3,385.6,2230,0
2003-09-26 00:00:00+00:00,385.5,387.3,378.8,380.6,1776,0
2003-09-29 00:00:00+00:00,381.1,386.0,378.8,382.3,1876,0
2003-09-30 00:00:00+00:00,382.8,388.8,381.1,385.1,1959,0
2003-10-01 00:00:00+00:00,385.5,387.1,382.1,384.8,1625,0
2003-10-02 00:00:00+00:00,384.6,387.7,380.6,383.0,1721,0
2003-10-03 00:00:00+00:00,382.8,386.6,366.5,369.3,2274,0
2003-10-06 00:00:00+00:00,369.8,374.3,368.6,373.1,1974,0
2003-10-07 00:00:00+00:00,373.6,378.1,371.6,376.3,1966,0
2003-10-08 00:00:00+00:00,376.8,378.8,374.1,375.5,1677,0
2003-10-09 00:00:00+00:00,375.3,378.1,367.6,370.0,2047,0
2003-10-10 00:00:00+00:00,370.0,374.6,368.1,373.1,1895,0
2003-10-13 00:00:00+00:00,373.1,376.3,369.1,374.6,1795,0
2003-10-14 00:00:00+00:00,375.0,377.6,371.8,375.5,4123,0
2003-10-15 00:00:00+00:00,375.5,377.1,370.8,373.3,2196,0
2003-10-16 00:00:00+00:00,372.8,376.0,369.8,371.6,2580,0
2003-10-17 00:00:00+00:00,371.6,373.5,366.0,371.3,2389,0
2003-10-20 00:00:00+00:00,371.3,375.3,369.0,373.6,3221,0
2003-10-21 00:00:00+00:00,373.1,382.3,371.6,381.5,3561,0
2003-10-22 00:00:00+00:00,381.0,388.1,379.1,386.1,3563,0
2003-10-23 00:00:00+00:00,385.5,388.8,382.1,384.3,5039,0
2003-10-24 00:00:00+00:00,384.5,392.8,383.3,388.6,3255,0
2003-10-27 00:00:00+00:00,387.6,389.6,384.8,387.6,3157,0
2003-10-28 00:00:00+00:00,388.1,389.3,381.8,383.1,2953,0
2003-10-29 00:00:00+00:00,383.1,388.1,379.3,386.5,3017,0
2003-10-30 00:00:00+00:00,386.8,392.1,381.6,383.3,3209,0
2003-10-31 00:00:00+00:00,383.6,389.8,380.6,384.0,3035,0
2003-11-03 00:00:00+00:00,384.6,386.1,375.4,377.8,2440,0
2003-11-04 00:00:00+00:00,377.8,381.3,375.6,379.6,2943,0
2003-11-05 00:00:00+00:00,379.6,385.1,378.3,381.6,2623,0
2003-11-06 00:00:00+00:00,381.5,384.8,378.3,380.3,3064,0
2003-11-07 00:00:00+00:00,380.5,384.1,375.3,383.3,2627,0
2003-11-10 00:00:00+00:00,382.8,388.0,381.6,386.1,2825,0
2003-11-11 00:00:00+00:00,385.6,389.6,384.8,387.8,2668,0
2003-11-12 00:00:00+00:00,388.3,397.3,386.2,394.3,3738,0
2003-11-13 00:00:00+00:00,393.8,398.3,392.1,394.8,3230,0
2003-11-14 00:00:00+00:00,394.6,399.5,393.3,397.8,2976,0
2003-11-17 00:00:00+00:00,397.3,400.3,385.3,390.6,3254,0
2003-11-18 00:00:00+00:00,390.3,399.8,389.7,398.8,3350,0
2003-11-19 00:00:00+00:00,398.5,401.6,392.0,395.1,2595,0
2003-11-20 00:00:00+00:00,394.6,397.9,391.1,394.3,2217,0
2003-11-21 00:00:00+00:00,394.8,398.8,391.8,395.8,2485,0
2003-11-24 00:00:00+00:00,395.8,397.5,389.6,391.3,2593,0
2003-11-25 00:00:00+00:00,391.3,394.0,389.1,391.5,2481,0
2003-11-26 00:00:00+00:00,391.0,401.1,390.1,396.3,2383,0
2003-11-27 00:00:00+00:00,396.8,398.1,394.3,395.0,657,0
2003-11-28 00:00:00+00:00,395.0,400.1,393.3,397.8,1071,0
2003-12-01 00:00:00+00:00,397.5,404.1,396.3,402.6,3085,0
2003-12-02 00:00:00+00:00,402.0,406.1,398.6,403.5,3155,0
2003-12-03 00:00:00+00:00,403.0,405.6,400.6,404.6,2588,0
2003-12-04 00:00:00+00:00,404.1,405.3,399.0,402.8,2898,0
2003-12-05 00:00:00+00:00,402.3,407.6,398.8,406.1,2584,0
2003-12-08 00:00:00+00:00,406.1,410.3,403.8,406.5,2340,0
2003-12-09 00:00:00+00:00,406.5,410.5,404.8,408.5,3251,0
2003-12-10 00:00:00+00:00,408.0,412.7,404.8,405.3,2408,0
2003-12-11 00:00:00+00:00,405.3,407.3,402.1,405.3,2042,0
2003-12-12 00:00:00+00:00,404.8,410.1,403.6,408.8,1874,0
2003-12-15 00:00:00+00:00,409.1,411.3,401.3,410.3,2864,0
2003-12-16 00:00:00+00:00,410.0,411.3,403.8,407.6,2369,0
2003-12-17 00:00:00+00:00,407.5,413.8,406.1,412.2,2696,0
2003-12-18 00:00:00+00:00,412.1,412.8,407.1,410.8,2582,0
2003-12-19 00:00:00+00:00,411.1,412.0,406.6,409.1,2584,0
2003-12-22 00:00:00+00:00,409.0,412.8,407.1,410.1,2179,0
2003-12-23 00:00:00+00:00,410.1,412.0,408.3,410.8,1906,0
2003-12-24 00:00:00+00:00,410.8,413.5,409.7,412.1,1204,0
2003-12-25 00:00:00+00:00,412.5,414.8,411.3,413.2,53,0
2003-12-26 00:00:00+00:00,413.6,414.8,410.1,412.26,292,0
2003-12-29 00:00:00+00:00,412.3,416.5,410.8,415.3,1852,0
2003-12-30 00:00:00+00:00,415.1,418.1,413.3,416.3,1965,0
2003-12-31 00:00:00+00:00,416.3,418.6,413.6,415.6,1306,0
2004-01-01 00:00:00+00:00,414.61,415.19,414.45,414.88,122,0
2004-01-02 00:00:00+00:00,415.3,417.0,414.3,416.1,172,0
2004-01-05 00:00:00+00:00,414.8,425.5,414.3,424.2,2212,0
2004-01-06 00:00:00+00:00,424.18,431.1,420.6,422.6,2313,0
2004-01-07 00:00:00+00:00,422.7,425.0,418.8,420.0,4603,0
2004-01-08 00:00:00+00:00,420.0,425.6,416.2,423.3,5768,0
2004-01-09 00:00:00+00:00,423.4,427.8,418.3,425.7,4760,0
2004-01-12 00:00:00+00:00,427.2,430.1,422.2,425.6,4168,0
2004-01-13 00:00:00+00:00,425.6,427.8,421.5,423.1,4734,0
2004-01-14 00:00:00+00:00,423.0,425.0,416.7,421.2,5532,0
2004-01-15 00:00:00+00:00,420.2,421.7,406.9,408.0,6505,0
2004-01-16 00:00:00+00:00,408.0,411.1,404.5,406.3,4404,0
2004-01-19 00:00:00+00:00,407.85,408.89,406.2,406.89,2745,0
2004-01-20 00:00:00+00:00,406.8,413.8,406.3,412.5,4257,0
2004-01-21 00:00:00+00:00,412.3,414.3,406.5,410.7,4743,0
2004-01-22 00:00:00+00:00,410.6,414.0,407.6,409.4,4736,0
2004-01-23 00:00:00+00:00,409.5,413.8,406.0,407.5,5798,0
2004-01-26 00:00:00+00:00,407.5,410.3,404.1,406.0,4967,0
2004-01-27 00:00:00+00:00,406.1,413.2,402.1,409.6,11961,0
2004-01-28 00:00:00+00:00,409.6,416.0,407.8,414.2,3962,0
2004-01-29 00:00:00+00:00,414.1,414.7,395.8,399.1,6386,0
2004-01-30 00:00:00+00:00,399.1,403.6,397.8,401.6,5369,0
2004-02-02 00:00:00+00:00,402.6,404.6,394.1,398.5,4572,0
2004-02-03 00:00:00+00:00,398.0,404.4,397.5,398.7,5053,0
2004-02-04 00:00:00+00:00,398.7,402.1,397.6,400.5,4706,0
2004-02-05 00:00:00+00:00,400.6,401.8,396.1,397.4,4723,0
2004-02-06 00:00:00+00:00,397.6,410.1,394.3,403.0,5388,0
2004-02-09 00:00:00+00:00,402.9,408.6,402.0,406.2,3520,0
2004-02-10 00:00:00+00:00,406.2,411.1,404.8,406.1,5549,0
2004-02-11 00:00:00+00:00,405.4,413.2,404.4,411.6,5681,0
2004-02-12 00:00:00+00:00,411.1,414.7,408.6,413.0,4584,0
2004-02-13 00:00:00+00:00,412.1,418.2,406.1,409.6,5678,0
2004-02-16 00:00:00+00:00,412.5,413.0,408.8,411.3,946,0
2004-02-17 00:00:00+00:00,411.5,417.2,410.1,415.3,5535,0
2004-02-18 00:00:00+00:00,415.4,417.8,409.4,411.7,6629,0
2004-02-19 00:00:00+00:00,411.6,413.1,407.6,409.1,6542,0
2004-02-20 00:00:00+00:00,409.2,412.6,393.8,397.0,6710,0
2004-02-23 00:00:00+00:00,397.0,401.3,395.5,398.4,5432,0
2004-02-24 00:00:00+00:00,398.3,405.5,397.2,403.9,3887,0
2004-02-25 00:00:00+00:00,403.9,405.8,392.3,395.2,5309,0
2004-02-26 00:00:00+00:00,395.2,398.6,390.3,395.0,5643,0
2004-02-27 00:00:00+00:00,394.7,399.1,391.2,396.0,6047,0
2004-03-01 00:00:00+00:00,395.0,404.0,394.5,398.8,4841,0
2004-03-02 00:00:00+00:00,398.8,402.8,390.6,393.1,5792,0
2004-03-03 00:00:00+00:00,393.1,394.5,387.6,392.0,5605,0
2004-03-04 00:00:00+00:00,392.0,396.8,391.0,392.5,5405,0
2004-03-05 00:00:00+00:00,392.5,402.6,391.2,401.0,5645,0
2004-03-08 00:00:00+00:00,400.9,402.1,397.1,400.2,3796,0
2004-03-09 00:00:00+00:00,400.1,406.5,399.3,403.8,4809,0
2004-03-10 00:00:00+00:00,403.8,405.4,396.6,399.6,5678,0
2004-03-11 00:00:00+00:00,399.6,401.6,396.1,400.3,5138,0
2004-03-12 00:00:00+00:00,400.4,404.1,394.0,394.9,5442,0
2004-03-15 00:00:00+00:00,395.5,401.1,395.0,400.1,4319,0
2004-03-16 00:00:00+00:00,400.1,404.8,398.5,401.9,4532,0
2004-03-17 00:00:00+00:00,401.9,408.1,400.8,406.5,2967,0
2004-03-18 00:00:00+00:00,406.4,414.7,405.1,410.5,3471,0
2004-03-19 00:00:00+00:00,410.5,414.0,408.1,412.0,3140,0
2004-03-22 00:00:00+00:00,411.9,419.3,410.3,416.9,2924,0
2004-03-23 00:00:00+00:00,416.8,421.3,414.5,419.3,2826,0
2004-03-24 00:00:00+00:00,419.3,421.0,414.3,415.0,3301,0
2004-03-25 00:00:00+00:00,415.1,419.2,413.5,416.2,3137,0
2004-03-26 00:00:00+00:00,416.2,424.3,414.0,421.3,2675,0
2004-03-29 00:00:00+00:00,421.5,422.3,415.7,416.3,2624,0
2004-03-30 00:00:00+00:00,416.4,422.8,415.6,421.1,3371,0
2004-03-31 00:00:00+00:00,421.1,427.8,419.4,426.7,3040,0
2004-04-01 00:00:00+00:00,426.7,431.6,423.8,427.2,2920,0
2004-04-02 00:00:00+00:00,427.2,429.8,417.2,420.9,3029,0
2004-04-05 00:00:00+00:00,421.0,422.3,413.2,414.8,3368,0
2004-04-06 00:00:00+00:00,414.8,420.1,413.0,418.3,3362,0
2004-04-07 00:00:00+00:00,418.3,424.3,417.0,422.2,3350,0
2004-04-08 00:00:00+00:00,422.3,424.1,417.7,419.3,3156,0
2004-04-09 00:00:00+00:00,419.2,421.8,418.5,420.8,808,0
2004-04-12 00:00:00+00:00,420.5,422.6,416.7,419.4,1822,0
2004-04-13 00:00:00+00:00,418.6,422.1,404.5,406.5,3396,0
2004-04-14 00:00:00+00:00,406.5,408.5,396.4,399.3,3145,0
2004-04-15 00:00:00+00:00,399.2,402.1,394.8,398.6,2954,0
2004-04-16 00:00:00+00:00,398.6,403.1,396.4,400.5,3177,0
2004-04-19 00:00:00+00:00,400.4,406.3,399.3,400.9,2231,0
2004-04-20 00:00:00+00:00,400.1,401.8,394.3,397.3,2891,0
2004-04-21 00:00:00+00:00,397.3,397.9,389.0,390.3,3317,0
2004-04-22 00:00:00+00:00,389.9,394.8,388.7,393.0,3408,0
2004-04-23 00:00:00+00:00,393.0,397.1,392.3,394.8,2521,0
2004-04-26 00:00:00+00:00,395.1,398.5,392.9,395.7,2345,0
2004-04-27 00:00:00+00:00,396.6,400.1,395.0,398.6,1927,0
2004-04-28 00:00:00+00:00,398.5,399.6,383.1,385.1,3215,0
2004-04-29 00:00:00+00:00,385.1,388.8,377.2,388.0,2074,0
2004-04-30 00:00:00+00:00,387.9,391.3,385.3,386.7,1661,0
2004-05-03 00:00:00+00:00,386.8,390.0,385.4,386.4,2159,0
2004-05-04 00:00:00+00:00,386.9,393.8,385.8,391.1,2598,0
2004-05-05 00:00:00+00:00,391.1,395.5,389.5,393.1,2725,0
2004-05-06 00:00:00+00:00,393.3,394.3,386.2,387.8,2625,0
2004-05-07 00:00:00+00:00,387.8,390.6,376.9,378.5,3172,0
2004-05-10 00:00:00+00:00,378.6,380.1,370.5,378.8,2704,0
2004-05-11 00:00:00+00:00,377.6,380.6,374.1,377.8,981,0
2004-05-12 00:00:00+00:00,378.1,384.8,376.3,378.1,1666,0
2004-05-13 00:00:00+00:00,378.3,379.5,372.3,374.1,2725,0
2004-05-14 00:00:00+00:00,374.5,378.1,372.5,376.6,2924,0
2004-05-17 00:00:00+00:00,376.7,384.0,375.9,379.5,4244,0
2004-05-18 00:00:00+00:00,379.0,380.6,374.6,375.4,3365,0
2004-05-19 00:00:00+00:00,374.9,383.8,374.3,382.0,3388,0
2004-05-20 00:00:00+00:00,382.6,383.3,377.4,378.1,2734,0
2004-05-21 00:00:00+00:00,378.2,387.8,377.6,384.5,3307,0
2004-05-24 00:00:00+00:00,384.1,387.3,382.3,385.8,3096,0
2004-05-25 00:00:00+00:00,385.5,390.3,383.6,388.1,2274,0
2004-05-26 00:00:00+00:00,388.3,392.5,386.8,388.6,2599,0
2004-05-27 00:00:00+00:00,387.3,396.6,387.3,394.5,2015,0
2004-05-28 00:00:00+00:00,394.8,397.3,391.8,393.3,1658,0
2004-05-31 00:00:00+00:00,393.3,396.3,393.3,395.1,237,0
2004-06-01 00:00:00+00:00,395.3,399.3,392.6,394.3,2379,0
2004-06-02 00:00:00+00:00,394.3,397.8,389.5,391.3,2691,0
2004-06-03 00:00:00+00:00,390.8,393.3,387.1,387.8,1717,0
2004-06-04 00:00:00+00:00,387.6,392.3,384.8,389.6,1294,0
2004-06-07 00:00:00+00:00,390.25,394.8,390.25,393.3,1741,0
2004-06-08 00:00:00+00:00,393.5,395.8,389.8,390.6,1819,0
2004-06-09 00:00:00+00:00,390.8,392.1,382.3,384.1,2965,0
2004-06-10 00:00:00+00:00,384.3,388.3,381.6,385.1,2337,0
2004-06-11 00:00:00+00:00,385.1,386.5,382.8,384.3,569,0
2004-06-14 00:00:00+00:00,384.3,386.8,381.8,383.3,2007,0
2004-06-15 00:00:00+00:00,382.6,389.8,381.1,389.1,2093,0
2004-06-16 00:00:00+00:00,387.8,390.8,382.6,384.3,2129,0
2004-06-17 00:00:00+00:00,384.1,390.3,383.0,388.1,1667,0
2004-06-18 00:00:00+00:00,388.6,396.8,385.8,394.8,2418,0
2004-06-21 00:00:00+00:00,394.1,397.8,392.1,393.5,1794,0
2004-06-22 00:00:00+00:00,393.6,397.3,392.3,394.6,1581,0
2004-06-23 00:00:00+00:00,395.1,397.6,392.3,394.6,1982,0
2004-06-24 00:00:00+00:00,394.5,403.8,393.1,401.6,2178,0
2004-06-25 00:00:00+00:00,402.3,403.8,400.1,401.6,1754,0
2004-06-28 00:00:00+00:00,402.3,405.6,398.8,400.3,2251,0
2004-06-29 00:00:00+00:00,399.8,401.5,390.3,391.8,2281,0
2004-06-30 00:00:00+00:00,391.5,397.3,391.1,393.3,2273,0
2004-07-01 00:00:00+00:00,393.6,396.8,391.5,395.5,1893,0
2004-07-02 00:00:00+00:00,395.6,400.8,391.3,398.3,1653,0
2004-07-05 00:00:00+00:00,397.89,398.89,397.0,397.89,2182,0
2004-07-06 00:00:00+00:00,397.8,399.8,388.5,392.6,1050,0
2004-07-07 00:00:00+00:00,392.8,404.1,392.1,402.3,898,0
2004-07-08 00:00:00+00:00,401.3,409.6,399.3,407.3,1016,0
2004-07-09 00:00:00+00:00,407.1,408.8,405.0,407.6,889,0
2004-07-12 00:00:00+00:00,407.3,409.3,405.0,407.1,981,0
2004-07-13 00:00:00+00:00,407.1,408.6,399.8,402.1,1079,0
2004-07-14 00:00:00+00:00,401.3,406.8,400.8,405.3,1097,0
2004-07-15 00:00:00+00:00,404.8,406.1,400.8,403.8,1156,0
2004-07-16 00:00:00+00:00,404.3,408.1,401.8,406.1,932,0
2004-07-19 00:00:00+00:00,406.5,408.3,403.5,405.8,805,0
2004-07-20 00:00:00+00:00,405.3,407.3,398.8,399.8,805,0
2004-07-21 00:00:00+00:00,400.3,402.6,394.3,397.1,930,0
2004-07-22 00:00:00+00:00,396.3,398.8,393.1,393.8,977,0
2004-07-23 00:00:00+00:00,393.3,395.3,386.8,390.1,1050,0
2004-07-26 00:00:00+00:00,390.0,393.1,388.1,388.8,761,0
2004-07-27 00:00:00+00:00,388.3,394.1,385.3,387.1,1079,0
2004-07-28 00:00:00+00:00,387.3,390.8,385.1,387.8,814,0
2004-07-29 00:00:00+00:00,387.1,391.8,385.3,387.6,830,0
2004-07-30 00:00:00+00:00,388.1,392.8,386.5,390.6,1459,0
2004-08-02 00:00:00+00:00,390.8,395.3,390.3,391.8,600,0
2004-08-03 00:00:00+00:00,391.3,395.3,388.6,393.3,839,0
2004-08-04 00:00:00+00:00,393.1,394.8,390.3,391.8,764,0
2004-08-05 00:00:00+00:00,391.8,394.0,390.3,392.3,626,0
2004-08-06 00:00:00+00:00,391.8,401.3,391.3,399.8,560,0
2004-08-09 00:00:00+00:00,399.1,401.3,397.5,399.8,672,0
2004-08-10 00:00:00+00:00,399.8,401.6,397.3,398.8,1447,0
2004-08-11 00:00:00+00:00,397.8,400.1,392.3,395.1,1729,0
2004-08-12 00:00:00+00:00,395.1,398.3,392.8,394.0,2028,0
2004-08-13 00:00:00+00:00,393.8,400.1,391.8,398.6,3036,0
2004-08-16 00:00:00+00:00,398.3,404.1,397.6,401.8,1696,0
2004-08-17 00:00:00+00:00,402.8,405.8,399.6,404.8,1854,0
2004-08-18 00:00:00+00:00,404.8,405.8,401.1,403.8,1102,0
2004-08-19 00:00:00+00:00,403.8,408.5,403.1,406.6,1647,0
2004-08-20 00:00:00+00:00,406.3,414.8,404.6,412.7,1596,0
2004-08-23 00:00:00+00:00,413.0,413.6,407.8,409.8,1841,0
2004-08-24 00:00:00+00:00,409.8,410.6,401.6,402.3,1984,0
2004-08-25 00:00:00+00:00,402.1,408.6,401.6,406.8,2826,0
2004-08-26 00:00:00+00:00,406.8,409.8,404.1,407.0,1646,0
2004-08-27 00:00:00+00:00,406.8,409.5,400.8,402.8,2426,0
2004-08-30 00:00:00+00:00,402.3,409.6,402.1,407.3,2376,0
2004-08-31 00:00:00+00:00,407.3,411.8,406.3,409.6,1564,0
2004-09-01 00:00:00+00:00,409.3,410.8,405.8,408.3,2009,0
2004-09-02 00:00:00+00:00,408.6,409.6,404.8,405.6,1408,0
2004-09-03 00:00:00+00:00,405.5,407.3,398.6,400.3,1760,0
2004-09-06 00:00:00+00:00,400.1,402.2,400.1,401.89,1683,0
2004-09-07 00:00:00+00:00,401.1,402.6,396.3,397.8,1536,0
2004-09-08 00:00:00+00:00,398.6,400.8,394.3,398.8,2682,0
2004-09-09 00:00:00+00:00,399.1,401.3,396.6,398.1,3506,0
2004-09-10 00:00:00+00:00,398.3,403.3,397.5,402.3,3368,0
2004-09-13 00:00:00+00:00,401.6,405.3,398.1,403.3,3065,0
2004-09-14 00:00:00+00:00,403.1,407.6,401.6,405.6,2173,0
2004-09-15 00:00:00+00:00,405.3,406.6,402.1,404.6,2614,0
2004-09-16 00:00:00+00:00,404.6,406.3,401.6,404.3,3353,0
2004-09-17 00:00:00+00:00,404.6,407.6,402.5,405.5,3306,0
2004-09-20 00:00:00+00:00,405.3,406.3,402.8,404.8,2460,0
2004-09-21 00:00:00+00:00,404.8,410.7,403.5,409.3,2060,0
2004-09-22 00:00:00+00:00,408.8,410.3,403.5,407.0,2554,0
2004-09-23 00:00:00+00:00,407.5,412.6,405.6,410.5,2477,0
2004-09-24 00:00:00+00:00,410.6,412.3,405.8,407.1,2342,0
2004-09-27 00:00:00+00:00,409.3,410.6,406.6,408.8,1076,0
2004-09-28 00:00:00+00:00,408.3,413.6,408.0,412.1,2562,0
2004-09-29 00:00:00+00:00,411.7,414.7,410.2,412.6,3912,0
2004-09-30 00:00:00+00:00,412.7,419.6,410.5,417.8,4501,0
2004-10-01 00:00:00+00:00,417.8,420.3,416.3,419.5,1785,0
2004-10-04 00:00:00+00:00,418.8,419.5,411.3,413.6,967,0
2004-10-05 00:00:00+00:00,413.8,420.3,412.3,418.3,879,0
2004-10-06 00:00:00+00:00,419.0,420.8,415.6,417.3,1060,0
2004-10-07 00:00:00+00:00,418.6,420.7,416.7,417.6,3341,0
2004-10-08 00:00:00+00:00,417.3,424.3,416.8,422.8,703,0
2004-10-11 00:00:00+00:00,422.6,424.0,420.6,421.6,865,0
2004-10-12 00:00:00+00:00,421.6,423.1,412.6,414.8,1056,0
2004-10-13 00:00:00+00:00,414.8,417.1,409.1,416.1,1452,0
2004-10-14 00:00:00+00:00,415.3,419.5,413.8,417.3,1616,0
2004-10-15 00:00:00+00:00,417.3,421.8,417.2,418.8,1143,0
2004-10-18 00:00:00+00:00,418.1,420.8,415.3,415.8,1236,0
2004-10-19 00:00:00+00:00,415.3,421.2,414.3,419.3,1439,0
2004-10-20 00:00:00+00:00,420.2,426.5,419.3,423.6,1113,0
2004-10-21 00:00:00+00:00,423.3,426.8,421.5,423.3,1373,0
2004-10-22 00:00:00+00:00,420.3,425.7,420.3,424.2,1138,0
2004-10-25 00:00:00+00:00,424.6,431.2,424.6,427.8,1331,0
2004-10-26 00:00:00+00:00,428.6,430.0,424.3,426.8,1181,0
2004-10-27 00:00:00+00:00,426.3,429.3,422.8,423.8,1370,0
2004-10-28 00:00:00+00:00,423.6,427.8,420.3,424.3,1484,0
2004-10-29 00:00:00+00:00,423.8,429.3,423.3,428.1,1410,0
2004-11-01 00:00:00+00:00,429.1,431.1,425.7,426.8,1249,0
2004-11-02 00:00:00+00:00,427.0,428.0,416.8,421.6,1252,0
2004-11-03 00:00:00+00:00,420.8,427.8,418.8,426.8,1254,0
2004-11-04 00:00:00+00:00,425.8,433.6,424.6,429.1,1226,0
2004-11-05 00:00:00+00:00,428.1,434.6,424.5,433.1,1474,0
2004-11-08 00:00:00+00:00,433.1,435.8,430.7,431.6,1031,0
2004-11-09 00:00:00+00:00,431.8,437.2,430.8,434.8,1295,0
2004-11-10 00:00:00+00:00,435.1,438.6,432.0,433.8,1332,0
2004-11-11 00:00:00+00:00,432.8,436.1,431.6,434.1,878,0
2004-11-12 00:00:00+00:00,434.8,439.5,433.8,437.8,1432,0
2004-11-15 00:00:00+00:00,437.8,440.8,435.2,436.5,1366,0
2004-11-16 00:00:00+00:00,436.3,441.3,434.8,439.3,2259,0
2004-11-17 00:00:00+00:00,439.2,445.6,438.0,444.6,2375,0
2004-11-18 00:00:00+00:00,444.3,446.7,439.7,442.1,1284,0
2004-11-19 00:00:00+00:00,442.1,448.8,441.3,447.1,1482,0
2004-11-22 00:00:00+00:00,446.6,449.5,445.6,448.3,884,0
2004-11-23 00:00:00+00:00,448.8,450.2,445.5,447.3,1094,0
2004-11-24 00:00:00+00:00,447.6,450.1,446.7,448.8,1448,0
2004-11-25 00:00:00+00:00,449.1,452.6,448.6,451.29,2527,0
2004-11-26 00:00:00+00:00,454.1,455.8,449.0,451.8,365,0
2004-11-29 00:00:00+00:00,452.0,455.3,449.0,453.3,1109,0
2004-11-30 00:00:00+00:00,453.6,454.3,447.6,450.8,1728,0
2004-12-01 00:00:00+00:00,450.6,456.2,449.8,454.3,1368,0
2004-12-02 00:00:00+00:00,454.3,457.3,446.6,449.1,1358,0
2004-12-03 00:00:00+00:00,448.8,456.8,447.7,455.3,1480,0
2004-12-06 00:00:00+00:00,455.3,456.8,450.5,451.8,1027,0
2004-12-07 00:00:00+00:00,451.8,455.6,449.8,450.8,1611,0
2004-12-08 00:00:00+00:00,450.5,451.3,432.8,440.1,2837,0
2004-12-09 00:00:00+00:00,440.7,441.8,432.6,436.8,3976,0
2004-12-10 00:00:00+00:00,437.3,438.2,431.5,434.2,1256,0
2004-12-13 00:00:00+00:00,433.7,440.6,433.7,439.3,1029,0
2004-12-14 00:00:00+00:00,438.6,440.1,434.5,435.6,1255,0
2004-12-15 00:00:00+00:00,435.5,442.0,434.8,440.8,1132,0
2004-12-16 00:00:00+00:00,440.8,443.3,435.1,437.1,1716,0
2004-12-17 00:00:00+00:00,437.2,442.5,436.3,441.5,1350,0
2004-12-20 00:00:00+00:00,441.3,444.6,440.3,442.1,750,0
2004-12-21 00:00:00+00:00,442.5,444.1,440.1,441.6,823,0
2004-12-22 00:00:00+00:00,441.2,443.6,438.3,439.7,875,0
2004-12-23 00:00:00+00:00,439.6,443.1,439.1,441.8,759,0
2004-12-24 00:00:00+00:00,441.6,442.89,441.0,442.1,1856,0
2004-12-27 00:00:00+00:00,443.1,446.1,441.8,444.3,572,0
2004-12-28 00:00:00+00:00,444.1,446.1,442.3,443.3,661,0
2004-12-29 00:00:00+00:00,443.3,444.6,433.1,436.3,1919,0
2004-12-30 00:00:00+00:00,435.8,439.3,433.3,437.5,1016,0
2004-12-31 00:00:00+00:00,436.89,439.39,436.6,437.79,2329,0
2005-01-03 00:00:00+00:00,438.3,438.8,426.7,429.0,1372,0
2005-01-04 00:00:00+00:00,429.6,430.5,423.7,427.3,1669,0
2005-01-05 00:00:00+00:00,427.1,429.0,424.8,426.6,1424,0
2005-01-06 00:00:00+00:00,426.8,428.1,420.0,421.3,1241,0
2005-01-07 00:00:00+00:00,421.1,425.5,416.5,418.6,1577,0
2005-01-10 00:00:00+00:00,419.6,422.3,418.3,419.3,1182,0
2005-01-11 00:00:00+00:00,420.1,423.3,419.0,421.8,1939,0
2005-01-12 00:00:00+00:00,421.5,428.3,420.1,425.8,2505,0
2005-01-13 00:00:00+00:00,426.0,427.5,422.7,425.0,1749,0
2005-01-14 00:00:00+00:00,425.1,426.2,420.1,422.6,1853,0
2005-01-17 00:00:00+00:00,423.0,423.6,421.0,421.2,136,0
2005-01-18 00:00:00+00:00,421.8,424.3,420.8,422.5,835,0
2005-01-19 00:00:00+00:00,422.8,427.6,421.5,423.1,2110,0
2005-01-20 00:00:00+00:00,423.3,423.8,419.6,422.2,1753,0
2005-01-21 00:00:00+00:00,422.3,428.8,420.6,427.2,2173,0
2005-01-24 00:00:00+00:00,426.1,428.6,426.0,427.3,1236,0
2005-01-25 00:00:00+00:00,427.2,428.3,420.3,422.1,2281,0
2005-01-26 00:00:00+00:00,422.0,428.2,420.8,426.6,1943,0
2005-01-27 00:00:00+00:00,426.5,428.6,423.6,426.3,1690,0
2005-01-28 00:00:00+00:00,426.3,428.2,423.5,426.5,1845,0
2005-01-31 00:00:00+00:00,425.8,427.1,419.2,422.1,2435,0
2005-02-01 00:00:00+00:00,422.7,423.2,419.1,421.0,1866,0
2005-02-02 00:00:00+00:00,420.6,423.3,419.6,421.3,1405,0
2005-02-03 00:00:00+00:00,421.7,422.3,414.2,417.1,2080,0
2005-02-04 00:00:00+00:00,417.3,418.3,413.3,414.7,1905,0
2005-02-07 00:00:00+00:00,414.2,416.7,412.2,413.2,2083,0
2005-02-08 00:00:00+00:00,412.6,414.8,410.2,412.3,2073,0
2005-02-09 00:00:00+00:00,412.3,414.3,409.8,413.2,1677,0
2005-02-10 00:00:00+00:00,413.6,419.3,411.3,417.7,2375,0
2005-02-11 00:00:00+00:00,417.8,422.6,415.8,420.3,1983,0
2005-02-14 00:00:00+00:00,420.0,426.8,420.0,425.6,2443,0
2005-02-15 00:00:00+00:00,425.3,427.8,423.2,425.3,2368,0
2005-02-16 00:00:00+00:00,425.0,426.5,421.6,425.3,2251,0
2005-02-17 00:00:00+00:00,425.2,429.1,423.7,427.1,2016,0
2005-02-18 00:00:00+00:00,427.3,428.7,425.3,427.3,1603,0
2005-02-21 00:00:00+00:00,426.79,428.89,425.79,426.7,1957,0
2005-02-22 00:00:00+00:00,430.6,436.5,429.8,435.6,2097,0
2005-02-23 00:00:00+00:00,435.8,436.3,431.2,433.8,2256,0
2005-02-24 00:00:00+00:00,433.8,437.3,431.6,433.7,2149,0
2005-02-25 00:00:00+00:00,433.7,436.2,430.6,434.8,2065,0
2005-02-28 00:00:00+00:00,434.3,438.7,434.2,435.5,2263,0
2005-03-01 00:00:00+00:00,434.8,436.2,430.3,432.3,2234,0
2005-03-02 00:00:00+00:00,432.3,434.2,428.3,432.6,1369,0
2005-03-03 00:00:00+00:00,432.8,434.1,428.6,429.7,1720,0
2005-03-04 00:00:00+00:00,429.6,435.8,428.7,433.8,2261,0
2005-03-07 00:00:00+00:00,433.8,435.8,431.8,434.0,1496,0
2005-03-08 00:00:00+00:00,434.8,441.3,433.8,440.5,774,0
2005-03-09 00:00:00+00:00,440.3,443.1,438.5,440.2,1412,0
2005-03-10 00:00:00+00:00,440.3,443.3,439.5,442.1,1109,0
2005-03-11 00:00:00+00:00,441.8,447.6,439.6,444.3,959,0
2005-03-14 00:00:00+00:00,444.3,446.0,439.6,440.5,1060,0
2005-03-15 00:00:00+00:00,440.5,444.8,439.2,440.2,936,0
2005-03-16 00:00:00+00:00,440.8,444.5,439.3,443.2,1049,0
2005-03-17 00:00:00+00:00,443.5,444.6,437.1,438.8,1025,0
2005-03-18 00:00:00+00:00,438.5,440.3,435.5,438.8,930,0
2005-03-21 00:00:00+00:00,438.6,440.2,428.7,430.8,1000,0
2005-03-22 00:00:00+00:00,431.2,433.1,425.6,427.1,1280,0
2005-03-23 00:00:00+00:00,426.8,429.2,423.5,425.3,1553,0
2005-03-24 00:00:00+00:00,425.0,427.0,423.6,424.3,1533,0
2005-03-25 00:00:00+00:00,424.7,425.39,424.6,425.0,1143,0
2005-03-28 00:00:00+00:00,424.3,427.1,423.1,426.2,507,0
2005-03-29 00:00:00+00:00,425.6,428.3,425.1,425.7,1061,0
2005-03-30 00:00:00+00:00,425.8,428.6,424.8,426.3,1911,0
2005-03-31 00:00:00+00:00,426.0,429.5,425.2,427.8,1562,0
2005-04-01 00:00:00+00:00,427.6,429.3,424.0,425.6,1678,0
2005-04-04 00:00:00+00:00,425.8,427.2,421.8,423.8,1711,0
2005-04-05 00:00:00+00:00,424.0,426.1,422.0,424.8,1575,0
2005-04-06 00:00:00+00:00,424.5,427.8,423.3,426.3,1581,0
2005-04-07 00:00:00+00:00,426.2,429.0,424.7,425.3,1767,0
2005-04-08 00:00:00+00:00,425.3,428.0,423.8,426.6,1378,0
2005-04-11 00:00:00+00:00,426.7,430.3,425.3,427.8,1619,0
2005-04-12 00:00:00+00:00,428.0,430.6,425.7,427.8,1613,0
2005-04-13 00:00:00+00:00,427.8,430.0,426.3,428.7,1864,0
2005-04-14 00:00:00+00:00,428.6,429.8,421.8,423.8,1856,0
2005-04-15 00:00:00+00:00,423.5,426.3,421.7,424.3,1764,0
2005-04-18 00:00:00+00:00,424.7,428.6,422.8,426.5,1182,0
2005-04-19 00:00:00+00:00,427.1,434.3,425.7,433.7,1852,0
2005-04-20 00:00:00+00:00,433.1,436.2,431.0,434.0,1662,0
2005-04-21 00:00:00+00:00,434.1,435.7,431.2,432.5,1715,0
2005-04-22 00:00:00+00:00,432.3,436.0,431.2,434.2,1409,0
2005-04-25 00:00:00+00:00,434.3,435.3,431.7,434.3,1549,0
2005-04-26 00:00:00+00:00,434.3,438.2,433.3,436.6,1633,0
2005-04-27 00:00:00+00:00,436.5,437.8,431.1,432.3,1799,0
2005-04-28 00:00:00+00:00,432.3,434.3,429.8,431.1,1726,0
2005-04-29 00:00:00+00:00,430.8,437.3,430.3,434.5,1737,0
2005-05-02 00:00:00+00:00,434.6,435.1,427.8,429.2,1556,0
2005-05-03 00:00:00+00:00,428.8,430.6,425.3,427.3,1803,0
2005-05-04 00:00:00+00:00,426.5,430.3,425.8,428.8,1780,0
2005-05-05 00:00:00+00:00,428.8,431.8,427.3,430.1,2088,0
2005-05-06 00:00:00+00:00,430.1,431.7,423.2,425.8,1702,0
2005-05-09 00:00:00+00:00,425.7,426.8,423.8,425.8,2313,0
2005-05-10 00:00:00+00:00,425.8,428.5,425.2,426.2,1998,0
2005-05-11 00:00:00+00:00,425.8,429.0,424.6,427.1,3091,0
2005-05-12 00:00:00+00:00,427.0,427.8,420.0,421.3,1979,0
2005-05-13 00:00:00+00:00,420.8,423.1,418.2,419.8,1891,0
2005-05-16 00:00:00+00:00,419.3,421.3,417.6,419.1,1661,0
2005-05-17 00:00:00+00:00,419.2,421.8,417.7,418.3,1827,0
2005-05-18 00:00:00+00:00,418.5,422.3,417.8,421.2,2343,0
2005-05-19 00:00:00+00:00,421.3,423.8,418.7,420.1,1592,0
2005-05-20 00:00:00+00:00,419.8,421.7,416.3,417.1,810,0
2005-05-23 00:00:00+00:00,417.1,418.8,415.8,416.8,1317,0
2005-05-24 00:00:00+00:00,417.1,419.8,415.3,417.8,1644,0
2005-05-25 00:00:00+00:00,418.0,420.1,416.2,419.0,1558,0
2005-05-26 00:00:00+00:00,418.8,420.6,416.1,417.5,1732,0
2005-05-27 00:00:00+00:00,416.8,420.8,416.8,420.1,996,0
2005-05-30 00:00:00+00:00,420.0,420.2,417.7,418.1,1914,0
2005-05-31 00:00:00+00:00,417.6,418.3,413.3,416.8,566,0
2005-06-01 00:00:00+00:00,416.5,418.3,414.2,414.8,882,0
2005-06-02 00:00:00+00:00,415.1,424.1,414.6,421.8,1076,0
2005-06-03 00:00:00+00:00,421.6,425.3,421.2,422.3,863,0
2005-06-06 00:00:00+00:00,422.1,427.8,422.1,425.6,1037,0
2005-06-07 00:00:00+00:00,425.6,428.1,423.8,424.6,731,0
2005-06-08 00:00:00+00:00,423.8,427.1,422.6,423.2,717,0
2005-06-09 00:00:00+00:00,423.2,425.5,420.6,423.3,739,0
2005-06-10 00:00:00+00:00,423.3,428.8,421.7,426.6,950,0
2005-06-13 00:00:00+00:00,426.6,431.2,423.5,426.7,1021,0
2005-06-14 00:00:00+00:00,428.1,429.0,426.0,426.3,633,0
2005-06-15 00:00:00+00:00,426.8,430.5,425.5,428.3,714,0
2005-06-16 00:00:00+00:00,428.6,436.8,427.8,435.1,1005,0
2005-06-17 00:00:00+00:00,435.8,439.8,435.0,437.1,1013,0
2005-06-20 00:00:00+00:00,437.6,441.8,436.8,437.6,725,0
2005-06-21 00:00:00+00:00,437.3,439.5,433.6,438.5,845,0
2005-06-22 00:00:00+00:00,438.2,439.6,435.8,438.2,647,0
2005-06-23 00:00:00+00:00,437.6,442.8,435.3,441.2,1042,0
2005-06-24 00:00:00+00:00,440.8,444.2,437.8,439.8,965,0
2005-06-27 00:00:00+00:00,439.3,440.8,438.1,439.7,641,0
2005-06-28 00:00:00+00:00,439.3,440.3,434.8,435.6,752,0
2005-06-29 00:00:00+00:00,435.8,438.8,433.5,436.6,706,0
2005-06-30 00:00:00+00:00,436.3,439.3,434.3,435.0,875,0
2005-07-01 00:00:00+00:00,434.3,437.2,426.3,426.8,838,0
2005-07-04 00:00:00+00:00,427.7,428.6,425.8,427.0,121,0
2005-07-05 00:00:00+00:00,427.0,427.5,421.3,423.2,697,0
2005-07-06 00:00:00+00:00,423.1,425.3,422.8,423.2,573,0
2005-07-07 00:00:00+00:00,423.8,429.3,421.5,424.0,903,0
2005-07-08 00:00:00+00:00,424.1,425.5,421.6,423.1,673,0
2005-07-11 00:00:00+00:00,422.6,427.1,422.6,425.8,665,0
2005-07-12 00:00:00+00:00,426.3,428.3,424.5,426.8,913,0
2005-07-13 00:00:00+00:00,427.1,428.1,422.8,423.6,700,0
2005-07-14 00:00:00+00:00,424.6,425.2,418.6,419.1,1034,0
2005-07-15 00:00:00+00:00,419.3,422.1,417.8,421.1,815,0
2005-07-18 00:00:00+00:00,421.3,423.3,419.8,420.6,564,0
2005-07-19 00:00:00+00:00,420.8,422.6,418.5,419.5,715,0
2005-07-20 00:00:00+00:00,419.3,423.8,419.3,422.8,673,0
2005-07-21 00:00:00+00:00,422.6,426.3,422.5,425.3,663,0
2005-07-22 00:00:00+00:00,425.8,427.5,423.8,425.0,631,0
2005-07-25 00:00:00+00:00,424.6,427.5,423.8,425.3,745,0
2005-07-26 00:00:00+00:00,425.5,426.6,422.0,422.8,903,0
2005-07-27 00:00:00+00:00,423.6,426.3,421.5,424.8,726,0
2005-07-28 00:00:00+00:00,425.2,429.8,424.1,427.6,888,0
2005-07-29 00:00:00+00:00,428.0,431.3,426.8,429.3,887,0
2005-08-01 00:00:00+00:00,429.8,433.1,428.6,431.3,948,0
2005-08-02 00:00:00+00:00,431.8,433.8,430.6,432.1,827,0
2005-08-03 00:00:00+00:00,432.45,438.1,431.1,436.2,1136,0
2005-08-04 00:00:00+00:00,437.0,439.8,435.1,437.0,1295,0
2005-08-05 00:00:00+00:00,437.6,439.8,436.5,436.8,930,0
2005-08-08 00:00:00+00:00,437.2,438.3,433.8,434.6,983,0
2005-08-09 00:00:00+00:00,435.0,436.2,432.6,434.6,744,0
2005-08-10 00:00:00+00:00,435.1,438.0,434.0,437.3,705,0
2005-08-11 00:00:00+00:00,437.5,446.8,436.5,445.3,995,0
2005-08-12 00:00:00+00:00,445.7,449.1,443.5,445.7,845,0
2005-08-15 00:00:00+00:00,445.7,445.7,440.8,442.3,579,0
2005-08-16 00:00:00+00:00,442.2,446.5,440.0,445.8,814,0
2005-08-17 00:00:00+00:00,445.6,445.7,437.8,439.8,893,0
2005-08-18 00:00:00+00:00,440.0,442.0,437.5,439.3,778,0
2005-08-19 00:00:00+00:00,439.0,440.2,435.6,435.8,694,0
2005-08-22 00:00:00+00:00,436.0,440.2,435.5,437.6,639,0
2005-08-23 00:00:00+00:00,437.5,440.0,437.5,438.7,783,0
2005-08-24 00:00:00+00:00,439.0,440.3,435.3,437.0,814,0
2005-08-25 00:00:00+00:00,437.2,439.5,436.8,438.0,604,0
2005-08-26 00:00:00+00:00,437.8,439.6,436.0,437.2,557,0
2005-08-29 00:00:00+00:00,438.1,440.2,436.0,436.1,573,0
2005-08-30 00:00:00+00:00,436.0,436.5,429.0,431.2,891,0
2005-08-31 00:00:00+00:00,431.1,435.0,430.6,434.7,638,0
2005-09-01 00:00:00+00:00,434.6,444.8,434.3,442.8,725,0
2005-09-02 00:00:00+00:00,442.3,446.8,441.6,443.8,501,0
2005-09-05 00:00:00+00:00,444.1,446.48,443.39,444.67,4372,0
2005-09-06 00:00:00+00:00,444.2,445.7,442.5,443.3,667,0
2005-09-07 00:00:00+00:00,443.6,445.6,442.3,444.3,894,0
2005-09-08 00:00:00+00:00,444.2,449.3,443.3,446.7,644,0
2005-09-09 00:00:00+00:00,446.5,449.3,445.6,448.3,1225,0
2005-09-12 00:00:00+00:00,448.2,451.3,446.6,448.8,2083,0
2005-09-13 00:00:00+00:00,448.7,449.3,444.5,445.8,1151,0
2005-09-14 00:00:00+00:00,446.1,450.3,446.0,450.1,681,0
2005-09-15 00:00:00+00:00,450.0,455.3,448.1,455.3,835,0
2005-09-16 00:00:00+00:00,455.1,459.8,453.8,459.3,802,0
2005-09-19 00:00:00+00:00,458.8,468.1,458.2,463.8,880,0
2005-09-20 00:00:00+00:00,463.9,470.6,463.3,464.1,940,0
2005-09-21 00:00:00+00:00,464.3,472.3,463.6,471.6,1190,0
2005-09-22 00:00:00+00:00,471.8,475.0,462.8,465.5,1481,0
2005-09-23 00:00:00+00:00,465.1,466.1,460.5,462.8,963,0
2005-09-26 00:00:00+00:00,463.3,467.1,458.6,466.1,980,0
2005-09-27 00:00:00+00:00,465.8,466.1,457.6,462.7,1152,0
2005-09-28 00:00:00+00:00,462.8,469.8,460.8,468.6,881,0
2005-09-29 00:00:00+00:00,468.7,473.3,467.8,471.3,1024,0
2005-09-30 00:00:00+00:00,471.2,474.1,467.3,468.8,1027,0
2005-10-03 00:00:00+00:00,467.3,468.3,463.6,465.3,662,0
2005-10-04 00:00:00+00:00,465.1,469.1,464.1,465.8,900,0
2005-10-05 00:00:00+00:00,465.79,466.6,462.8,464.8,802,0
2005-10-06 00:00:00+00:00,464.6,473.6,464.1,473.6,1085,0
2005-10-07 00:00:00+00:00,473.3,475.6,469.6,474.3,976,0
2005-10-10 00:00:00+00:00,474.1,478.3,472.1,475.1,658,0
2005-10-11 00:00:00+00:00,474.8,478.2,474.1,475.2,1050,0
2005-10-12 00:00:00+00:00,475.3,480.0,469.7,471.1,1411,0
2005-10-13 00:00:00+00:00,471.2,473.8,467.3,471.0,1171,0
2005-10-14 00:00:00+00:00,471.2,471.6,465.3,469.2,1302,0
2005-10-17 00:00:00+00:00,469.0,475.0,468.8,473.6,880,0
2005-10-18 00:00:00+00:00,473.7,474.2,470.3,471.1,848,0
2005-10-19 00:00:00+00:00,471.15,471.3,461.6,464.0,1197,0
2005-10-20 00:00:00+00:00,463.8,464.6,459.5,460.8,1083,0
2005-10-21 00:00:00+00:00,460.7,466.8,460.3,466.3,890,0
2005-10-24 00:00:00+00:00,465.8,468.3,462.8,464.5,789,0
2005-10-25 00:00:00+00:00,464.3,473.2,464.0,472.1,933,0
2005-10-26 00:00:00+00:00,472.0,474.0,470.1,470.6,1023,0
2005-10-27 00:00:00+00:00,470.5,475.5,469.8,473.1,920,0
2005-10-28 00:00:00+00:00,472.8,474.3,469.3,472.1,1042,0
2005-10-31 00:00:00+00:00,472.2,472.8,464.6,465.2,919,0
2005-11-01 00:00:00+00:00,465.3,466.3,457.7,458.7,1068,0
2005-11-02 00:00:00+00:00,458.8,463.5,458.6,462.6,812,0
2005-11-03 00:00:00+00:00,462.5,464.8,458.5,460.5,909,0
2005-11-04 00:00:00+00:00,460.6,464.0,454.8,456.3,970,0
2005-11-07 00:00:00+00:00,456.5,459.3,455.8,458.8,792,0
2005-11-08 00:00:00+00:00,459.1,462.2,456.2,460.7,850,0
2005-11-09 00:00:00+00:00,460.3,467.6,460.0,466.1,1077,0
2005-11-10 00:00:00+00:00,466.3,469.6,465.1,466.2,918,0
2005-11-11 00:00:00+00:00,465.8,468.6,464.6,468.2,655,0
2005-11-14 00:00:00+00:00,468.3,470.3,466.3,467.2,764,0
2005-11-15 00:00:00+00:00,467.1,469.5,466.1,468.3,829,0
2005-11-16 00:00:00+00:00,468.2,478.8,467.8,478.7,931,0
2005-11-17 00:00:00+00:00,478.6,486.7,477.5,485.1,1437,0
2005-11-18 00:00:00+00:00,485.2,488.6,482.8,484.8,1722,0
2005-11-21 00:00:00+00:00,485.0,491.5,484.3,490.8,903,0
2005-11-22 00:00:00+00:00,491.2,495.0,489.3,493.3,1170,0
2005-11-23 00:00:00+00:00,493.2,493.2,487.1,491.6,820,0
2005-11-24 00:00:00+00:00,491.7,494.5,491.6,493.0,3745,0
2005-11-25 00:00:00+00:00,493.0,496.79,493.0,495.7,4015,0
2005-11-28 00:00:00+00:00,498.1,498.8,492.8,498.3,653,0
2005-11-29 00:00:00+00:00,498.5,502.2,494.3,498.6,1174,0
2005-11-30 00:00:00+00:00,498.7,499.3,491.7,492.6,1198,0
2005-12-01 00:00:00+00:00,492.2,504.2,490.3,503.7,1203,0
2005-12-02 00:00:00+00:00,503.5,506.3,499.8,502.8,1187,0
2005-12-05 00:00:00+00:00,503.6,509.6,503.5,508.6,989,0
2005-12-06 00:00:00+00:00,508.7,511.2,503.8,510.6,1113,0
2005-12-07 00:00:00+00:00,510.5,516.2,508.3,514.7,931,0
2005-12-08 00:00:00+00:00,514.0,520.7,512.2,520.2,943,0
2005-12-09 00:00:00+00:00,520.5,530.2,519.2,525.7,934,0
2005-12-12 00:00:00+00:00,526.0,540.5,525.7,527.1,1380,0
2005-12-13 00:00:00+00:00,526.7,529.2,517.0,517.0,1425,0
2005-12-14 00:00:00+00:00,516.7,516.7,504.6,505.1,1596,0
2005-12-15 00:00:00+00:00,505.5,508.8,499.5,501.0,1307,0
2005-12-16 00:00:00+00:00,501.1,507.0,492.8,502.7,1624,0
2005-12-19 00:00:00+00:00,501.8,508.8,500.8,503.0,1073,0
2005-12-20 00:00:00+00:00,503.2,507.8,491.3,492.0,1474,0
2005-12-21 00:00:00+00:00,492.3,494.8,489.3,494.3,1220,0
2005-12-22 00:00:00+00:00,494.2,504.2,493.2,503.8,1267,0
2005-12-23 00:00:00+00:00,504.0,505.8,499.7,502.3,755,0
2005-12-26 00:00:00+00:00,502.5,503.48,501.89,502.5,769,0
2005-12-27 00:00:00+00:00,505.3,507.5,504.3,506.6,625,0
2005-12-28 00:00:00+00:00,506.7,517.1,506.6,516.0,983,0
2005-12-29 00:00:00+00:00,516.2,517.0,509.8,514.7,956,0
2005-12-30 00:00:00+00:00,514.5,516.7,511.1,516.0,554,0
2006-01-02 00:00:00+00:00,516.7,517.0,516.2,516.5,1260,0
2006-01-03 00:00:00+00:00,519.2,534.6,518.5,533.6,752,0
2006-01-04 00:00:00+00:00,533.5,535.2,525.1,533.6,1348,0
2006-01-05 00:00:00+00:00,534.1,534.6,522.1,524.7,1118,0
2006-01-06 00:00:00+00:00,524.6,539.7,522.7,539.2,983,0
2006-01-09 00:00:00+00:00,539.0,551.1,534.7,547.7,1316,0
2006-01-10 00:00:00+00:00,548.5,549.0,539.0,541.7,1701,0
2006-01-11 00:00:00+00:00,541.6,549.2,539.2,548.5,1551,0
2006-01-12 00:00:00+00:00,548.7,549.2,541.7,545.0,1440,0
2006-01-13 00:00:00+00:00,545.5,557.2,544.0,556.7,1149,0
2006-01-16 00:00:00+00:00,555.7,562.09,555.28,561.59,3365,0
2006-01-17 00:00:00+00:00,558.2,560.1,551.6,554.2,1150,0
2006-01-18 00:00:00+00:00,554.6,557.0,542.1,542.2,1961,0
2006-01-19 00:00:00+00:00,542.5,558.7,539.5,557.7,2271,0
2006-01-20 00:00:00+00:00,557.2,567.6,552.1,554.0,1877,0
2006-01-23 00:00:00+00:00,553.0,560.2,549.0,558.6,1358,0
2006-01-24 00:00:00+00:00,558.7,559.5,552.7,558.0,1200,0
2006-01-25 00:00:00+00:00,557.7,566.1,556.7,562.7,1169,0
2006-01-26 00:00:00+00:00,563.0,563.1,554.2,559.5,969,0
2006-01-27 00:00:00+00:00,559.7,565.7,555.1,559.0,863,0
2006-01-30 00:00:00+00:00,556.6,568.7,556.6,568.2,767,0
2006-01-31 00:00:00+00:00,568.1,572.2,565.7,568.7,1106,0
2006-02-01 00:00:00+00:00,568.6,571.2,563.0,569.6,1215,0
2006-02-02 00:00:00+00:00,569.7,574.7,567.5,571.7,1019,0
2006-02-03 00:00:00+00:00,571.6,573.6,564.7,567.15,922,0
2006-02-06 00:00:00+00:00,567.0,573.2,567.0,568.7,674,0
2006-02-07 00:00:00+00:00,569.2,571.2,546.2,548.7,1469,0
2006-02-08 00:00:00+00:00,549.0,552.6,544.7,549.1,1451,0
2006-02-09 00:00:00+00:00,549.5,566.5,549.1,564.7,1408,0
2006-02-10 00:00:00+00:00,565.0,568.2,546.2,550.5,1368,0
2006-02-13 00:00:00+00:00,549.0,551.2,538.0,539.7,1116,0
2006-02-14 00:00:00+00:00,539.5,547.5,534.6,547.0,1197,0
2006-02-15 00:00:00+00:00,547.1,547.6,535.7,538.2,1266,0
2006-02-16 00:00:00+00:00,539.6,549.0,535.2,548.5,1290,0
2006-02-17 00:00:00+00:00,548.2,554.0,543.7,551.6,831,0
2006-02-20 00:00:00+00:00,552.2,556.5,551.7,555.65,3475,0
2006-02-21 00:00:00+00:00,552.2,555.7,551.0,553.7,577,0
2006-02-22 00:00:00+00:00,553.5,555.6,547.1,555.0,881,0
2006-02-23 00:00:00+00:00,554.7,555.1,547.6,549.1,1058,0
2006-02-24 00:00:00+00:00,549.2,559.5,547.0,558.5,841,0
2006-02-27 00:00:00+00:00,558.6,558.6,551.7,553.1,893,0
2006-02-28 00:00:00+00:00,553.0,562.2,552.6,561.2,844,0
2006-03-01 00:00:00+00:00,562.0,566.1,559.7,562.5,916,0
2006-03-02 00:00:00+00:00,562.6,570.7,561.2,569.0,918,0
2006-03-03 00:00:00+00:00,569.2,570.2,564.2,564.7,692,0
2006-03-06 00:00:00+00:00,565.2,568.0,551.5,554.5,854,0
2006-03-07 00:00:00+00:00,554.6,558.2,548.1,551.7,978,0
2006-03-08 00:00:00+00:00,552.0,553.7,538.0,542.5,1117,0
2006-03-09 00:00:00+00:00,542.2,550.0,538.0,545.5,795,0
2006-03-10 00:00:00+00:00,544.7,546.6,533.7,540.5,762,0
2006-03-13 00:00:00+00:00,540.2,546.2,540.0,545.2,710,0
2006-03-14 00:00:00+00:00,545.5,552.0,538.2,550.5,781,0
2006-03-15 00:00:00+00:00,550.6,556.7,549.7,552.5,791,0
2006-03-16 00:00:00+00:00,552.6,556.2,547.0,555.1,918,0
2006-03-17 00:00:00+00:00,555.0,557.1,551.6,553.6,610,0
2006-03-20 00:00:00+00:00,553.7,556.0,550.0,553.5,610,0
2006-03-21 00:00:00+00:00,554.2,554.6,546.7,551.7,850,0
2006-03-22 00:00:00+00:00,552.0,553.1,546.7,550.2,703,0
2006-03-23 00:00:00+00:00,550.5,551.0,544.7,549.6,652,0
2006-03-24 00:00:00+00:00,549.7,560.7,548.2,559.6,583,0
2006-03-27 00:00:00+00:00,559.5,568.2,558.2,566.7,702,0
2006-03-28 00:00:00+00:00,566.6,569.0,562.0,563.1,831,0
2006-03-29 00:00:00+00:00,563.2,573.7,560.0,573.1,874,0
2006-03-30 00:00:00+00:00,573.0,589.1,571.0,588.1,1408,0
2006-03-31 00:00:00+00:00,587.7,588.6,578.6,583.5,1230,0
2006-04-03 00:00:00+00:00,582.35,591.2,581.2,587.6,795,0
2006-04-04 00:00:00+00:00,587.2,589.7,584.2,585.6,963,0
2006-04-05 00:00:00+00:00,585.7,589.2,581.7,588.5,898,0
2006-04-06 00:00:00+00:00,588.7,596.5,587.0,595.2,1055,0
2006-04-07 00:00:00+00:00,594.7,597.7,584.7,588.2,1008,0
2006-04-10 00:00:00+00:00,588.6,599.7,588.0,599.7,907,0
2006-04-11 00:00:00+00:00,599.6,603.7,592.5,592.7,1197,0
2006-04-12 00:00:00+00:00,593.0,599.7,593.0,597.7,1073,0
2006-04-13 00:00:00+00:00,598.0,598.2,590.2,596.0,838,0
2006-04-14 00:00:00+00:00,595.9,599.09,595.9,597.9,1610,0
2006-04-17 00:00:00+00:00,605.5,615.2,603.2,613.7,901,0
2006-04-18 00:00:00+00:00,613.2,622.2,612.0,621.5,1139,0
2006-04-19 00:00:00+00:00,621.1,642.1,621.0,639.0,1688,0
2006-04-20 00:00:00+00:00,639.2,645.2,607.2,613.2,1771,0
2006-04-21 00:00:00+00:00,613.1,634.2,610.1,633.5,1157,0
2006-04-24 00:00:00+00:00,638.5,639.5,619.0,619.1,1198,0
2006-04-25 00:00:00+00:00,619.2,634.6,618.2,630.0,972,0
2006-04-26 00:00:00+00:00,630.2,640.7,628.0,639.2,989,0
2006-04-27 00:00:00+00:00,639.7,643.2,627.5,633.6,1289,0
2006-04-28 00:00:00+00:00,633.7,655.5,633.2,653.7,1306,0
2006-05-01 00:00:00+00:00,654.1,661.1,650.7,654.5,1839,0
2006-05-02 00:00:00+00:00,654.7,669.1,652.5,668.7,1113,0
2006-05-03 00:00:00+00:00,668.6,677.0,657.7,664.2,1466,0
2006-05-04 00:00:00+00:00,664.1,680.2,660.7,679.7,1677,0
2006-05-05 00:00:00+00:00,679.6,684.2,674.7,683.2,1127,0
2006-05-08 00:00:00+00:00,682.2,686.1,670.5,678.2,1386,0
2006-05-09 00:00:00+00:00,678.5,700.6,677.7,699.7,1352,0
2006-05-10 00:00:00+00:00,700.2,709.2,693.2,708.1,1538,0
2006-05-11 00:00:00+00:00,708.0,726.2,704.2,713.7,1785,0
2006-05-12 00:00:00+00:00,713.2,729.7,707.7,714.2,1714,0
2006-05-15 00:00:00+00:00,714.3,719.7,676.1,678.6,4335,0
2006-05-16 00:00:00+00:00,679.1,692.7,674.5,688.5,3385,0
2006-05-17 00:00:00+00:00,688.7,716.5,684.7,686.2,3072,0
2006-05-18 00:00:00+00:00,686.5,694.1,678.2,684.7,3680,0
2006-05-19 00:00:00+00:00,684.6,688.2,650.6,657.2,3365,0
2006-05-22 00:00:00+00:00,657.7,660.7,636.1,655.4,2337,0
2006-05-23 00:00:00+00:00,656.0,674.5,650.8,668.0,2639,0
2006-05-24 00:00:00+00:00,668.2,669.7,635.6,642.1,2562,0
2006-05-25 00:00:00+00:00,641.6,651.2,638.0,651.0,2099,0
2006-05-26 00:00:00+00:00,650.7,655.0,640.0,651.2,1471,0
2006-05-29 00:00:00+00:00,653.5,653.75,647.0,650.0,463,0
2006-05-30 00:00:00+00:00,651.3,664.7,650.7,652.6,1312,0
2006-05-31 00:00:00+00:00,652.2,659.5,638.3,642.6,3716,0
2006-06-01 00:00:00+00:00,642.8,645.2,620.7,628.5,2529,0
2006-06-02 00:00:00+00:00,628.7,638.7,618.7,637.7,1404,0
2006-06-05 00:00:00+00:00,638.0,645.1,634.5,635.2,3083,0
2006-06-06 00:00:00+00:00,635.1,639.0,625.2,629.6,3688,0
2006-06-07 00:00:00+00:00,629.3,630.8,616.5,626.8,4161,0
2006-06-08 00:00:00+00:00,626.9,627.2,607.1,613.5,3824,0
2006-06-09 00:00:00+00:00,613.6,617.1,600.6,607.1,3575,0
2006-06-12 00:00:00+00:00,606.7,611.2,602.2,604.2,1480,0
2006-06-13 00:00:00+00:00,604.5,604.6,560.5,565.6,1985,0
2006-06-14 00:00:00+00:00,564.6,570.7,543.2,558.2,4017,0
2006-06-15 00:00:00+00:00,558.7,578.2,553.7,575.8,4093,0
2006-06-16 00:00:00+00:00,575.6,584.3,566.6,580.6,4247,0
2006-06-19 00:00:00+00:00,580.1,580.1,563.7,565.2,2934,0
2006-06-20 00:00:00+00:00,565.5,577.2,560.7,574.7,1315,0
2006-06-21 00:00:00+00:00,575.0,590.2,570.5,586.5,1415,0
2006-06-22 00:00:00+00:00,586.7,594.7,578.7,580.6,1288,0
2006-06-23 00:00:00+00:00,580.2,586.0,571.7,582.5,1384,0
2006-06-26 00:00:00+00:00,584.2,587.5,577.2,585.0,1100,0
2006-06-27 00:00:00+00:00,584.7,595.5,578.2,579.5,1435,0
2006-06-28 00:00:00+00:00,579.2,586.0,576.6,579.1,1086,0
2006-06-29 00:00:00+00:00,579.2,600.0,578.5,598.2,1138,0
2006-06-30 00:00:00+00:00,597.8,616.0,596.8,615.2,1043,0
2006-07-03 00:00:00+00:00,617.0,624.7,614.1,623.0,423,0
2006-07-04 00:00:00+00:00,623.5,623.6,620.7,620.7,17,0
2006-07-05 00:00:00+00:00,626.0,629.2,617.7,627.1,949,0
2006-07-06 00:00:00+00:00,627.0,634.7,622.0,633.0,987,0
2006-07-07 00:00:00+00:00,633.2,637.0,627.2,628.7,1068,0
2006-07-10 00:00:00+00:00,629.5,632.0,620.2,623.2,944,0
2006-07-11 00:00:00+00:00,623.6,643.2,621.2,640.7,1044,0
2006-07-12 00:00:00+00:00,640.5,655.0,639.2,650.1,1308,0
2006-07-13 00:00:00+00:00,650.0,665.2,644.6,662.7,1292,0
2006-07-14 00:00:00+00:00,662.5,667.2,659.0,663.6,1169,0
2006-07-17 00:00:00+00:00,667.5,676.0,640.6,642.0,1400,0
2006-07-18 00:00:00+00:00,642.6,654.0,627.6,630.0,1452,0
2006-07-19 00:00:00+00:00,630.1,645.7,617.2,642.2,1279,0
2006-07-20 00:00:00+00:00,642.5,644.7,627.2,629.0,1185,0
2006-07-21 00:00:00+00:00,629.7,636.6,615.5,619.2,1632,0
2006-07-24 00:00:00+00:00,620.1,620.7,602.1,615.0,1300,0
2006-07-25 00:00:00+00:00,614.7,623.7,609.7,618.6,995,0
2006-07-26 00:00:00+00:00,618.5,627.2,613.1,623.0,1005,0
2006-07-27 00:00:00+00:00,622.0,640.2,622.0,634.1,1064,0
2006-07-28 00:00:00+00:00,633.7,637.2,626.2,634.2,927,0
2006-07-31 00:00:00+00:00,636.0,639.2,629.0,635.5,937,0
2006-08-01 00:00:00+00:00,635.7,648.0,630.2,647.5,1053,0
2006-08-02 00:00:00+00:00,647.2,655.5,644.7,651.2,1025,0
2006-08-03 00:00:00+00:00,651.6,652.6,639.1,644.7,907,0
2006-08-04 00:00:00+00:00,645.0,653.7,643.2,646.0,980,0
2006-08-07 00:00:00+00:00,644.0,651.6,643.7,648.2,881,0
2006-08-08 00:00:00+00:00,647.5,648.7,640.5,641.7,820,0
2006-08-09 00:00:00+00:00,642.0,654.6,635.1,650.2,1052,0
2006-08-10 00:00:00+00:00,650.1,653.5,633.7,637.2,1139,0
2006-08-11 00:00:00+00:00,637.1,644.7,626.2,632.0,1013,0
2006-08-14 00:00:00+00:00,632.7,632.7,623.2,626.2,1148,0
2006-08-15 00:00:00+00:00,625.2,628.0,620.7,624.2,836,0
2006-08-16 00:00:00+00:00,623.7,632.2,622.0,628.5,842,0
2006-08-17 00:00:00+00:00,628.2,631.6,612.7,613.7,885,0
2006-08-18 00:00:00+00:00,613.1,618.7,607.0,614.2,1079,0
2006-08-21 00:00:00+00:00,614.7,629.2,613.2,627.5,881,0
2006-08-22 00:00:00+00:00,627.6,628.2,620.5,623.0,934,0
2006-08-23 00:00:00+00:00,623.2,630.1,620.5,621.0,960,0
2006-08-24 00:00:00+00:00,621.2,626.2,618.2,620.7,965,0
2006-08-25 00:00:00+00:00,619.7,623.7,617.5,622.0,934,0
2006-08-28 00:00:00+00:00,622.6,623.7,612.6,613.2,848,0
2006-08-29 00:00:00+00:00,613.1,617.6,607.2,614.0,1127,0
2006-08-30 00:00:00+00:00,614.2,620.2,612.2,618.7,870,0
2006-08-31 00:00:00+00:00,618.6,627.1,618.1,625.0,1020,0
2006-09-01 00:00:00+00:00,625.2,627.5,619.7,624.7,762,0
2006-09-04 00:00:00+00:00,624.5,627.5,624.5,626.0,409,0
2006-09-05 00:00:00+00:00,628.7,640.2,627.2,638.1,2942,0
2006-09-06 00:00:00+00:00,638.2,640.0,632.2,633.2,1903,0
2006-09-07 00:00:00+00:00,633.1,635.7,614.0,616.5,1302,0
2006-09-08 00:00:00+00:00,616.7,619.0,606.2,610.2,1131,0
2006-09-11 00:00:00+00:00,603.2,610.1,583.0,588.7,1104,0
2006-09-12 00:00:00+00:00,589.1,599.3,584.2,585.5,4319,0
2006-09-13 00:00:00+00:00,585.6,593.2,578.6,589.7,4956,0
2006-09-14 00:00:00+00:00,589.6,594.7,574.1,574.7,4623,0
2006-09-15 00:00:00+00:00,575.0,581.6,570.3,579.0,5050,0
2006-09-18 00:00:00+00:00,582.6,587.7,577.3,586.8,3980,0
2006-09-19 00:00:00+00:00,587.7,588.8,571.8,572.2,4371,0
2006-09-20 00:00:00+00:00,572.1,586.2,572.0,576.2,4426,0
2006-09-21 00:00:00+00:00,576.0,585.0,574.2,583.7,4362,0
2006-09-22 00:00:00+00:00,584.0,592.2,583.6,589.1,4290,0
2006-09-25 00:00:00+00:00,589.5,591.7,581.7,589.2,1988,0
2006-09-26 00:00:00+00:00,589.3,593.3,585.7,591.2,2212,0
2006-09-27 00:00:00+00:00,590.7,603.0,589.5,602.6,2489,0
2006-09-28 00:00:00+00:00,602.5,606.5,599.8,600.6,4123,0
2006-09-29 00:00:00+00:00,600.5,603.3,593.7,597.7,3465,0
2006-10-02 00:00:00+00:00,598.0,603.6,594.3,594.7,3873,0
2006-10-03 00:00:00+00:00,594.8,597.7,573.6,574.0,5332,0
2006-10-04 00:00:00+00:00,573.8,580.6,559.2,567.2,5672,0
2006-10-05 00:00:00+00:00,567.0,574.1,562.1,573.2,5334,0
2006-10-06 00:00:00+00:00,573.3,573.7,560.2,573.2,3026,0
2006-10-09 00:00:00+00:00,574.1,580.5,571.2,576.3,2968,0
2006-10-10 00:00:00+00:00,576.2,581.0,568.7,572.7,3547,0
2006-10-11 00:00:00+00:00,572.5,578.6,570.0,572.6,3723,0
2006-10-12 00:00:00+00:00,572.7,579.1,570.6,578.8,3214,0
2006-10-13 00:00:00+00:00,579.0,589.8,576.7,589.6,3375,0
2006-10-16 00:00:00+00:00,591.2,596.7,589.7,596.7,2820,0
2006-10-17 00:00:00+00:00,596.7,597.3,585.6,589.2,2908,0
2006-10-18 00:00:00+00:00,589.1,594.7,587.0,589.5,2360,0
2006-10-19 00:00:00+00:00,589.7,600.5,586.5,599.1,3392,0
2006-10-20 00:00:00+00:00,598.7,602.0,590.5,591.1,3639,0
2006-10-23 00:00:00+00:00,591.2,592.6,579.2,581.2,4090,0
2006-10-24 00:00:00+00:00,581.3,586.7,572.3,585.2,4279,0
2006-10-25 00:00:00+00:00,584.8,591.6,579.5,591.6,3431,0
2006-10-26 00:00:00+00:00,591.5,598.3,589.6,596.0,4286,0
2006-10-27 00:00:00+00:00,596.3,599.7,591.5,599.3,3392,0
2006-10-30 00:00:00+00:00,598.3,610.6,598.2,603.7,5347,0
2006-10-31 00:00:00+00:00,603.8,607.3,597.6,605.7,4630,0
2006-11-01 00:00:00+00:00,606.0,619.2,605.1,616.5,2613,0
2006-11-02 00:00:00+00:00,616.3,625.7,613.8,624.1,4853,0
2006-11-03 00:00:00+00:00,624.0,629.0,617.1,626.8,3614,0
2006-11-06 00:00:00+00:00,626.0,629.2,622.0,623.1,4383,0
2006-11-07 00:00:00+00:00,623.2,628.7,621.3,624.2,4625,0
2006-11-08 00:00:00+00:00,623.7,626.5,612.7,615.6,5521,0
2006-11-09 00:00:00+00:00,615.3,635.3,614.6,635.1,5038,0
2006-11-10 00:00:00+00:00,635.0,636.2,624.7,628.1,5865,0
2006-11-13 00:00:00+00:00,628.0,632.2,620.1,624.6,4924,0
2006-11-14 00:00:00+00:00,624.7,628.8,618.7,620.7,4780,0
2006-11-15 00:00:00+00:00,620.5,624.3,614.8,622.2,5488,0
2006-11-16 00:00:00+00:00,622.5,627.7,617.5,618.7,4424,0
2006-11-17 00:00:00+00:00,618.2,622.2,614.2,621.2,4034,0
2006-11-20 00:00:00+00:00,620.2,626.7,619.8,622.2,3953,0
2006-11-21 00:00:00+00:00,622.0,628.7,621.7,627.8,3855,0
2006-11-22 00:00:00+00:00,627.5,634.2,625.7,627.8,2890,0
2006-11-23 00:00:00+00:00,629.1,631.5,628.1,630.7,1411,0
2006-11-24 00:00:00+00:00,630.0,639.7,630.0,637.7,4109,0
2006-11-27 00:00:00+00:00,639.5,641.6,636.3,640.5,3668,0
2006-11-28 00:00:00+00:00,640.6,640.8,632.5,639.2,3510,0
2006-11-29 00:00:00+00:00,639.1,640.2,634.2,636.6,3695,0
2006-11-30 00:00:00+00:00,636.1,648.3,636.1,647.2,2593,0
2006-12-01 00:00:00+00:00,647.5,649.6,643.2,644.8,3442,0
2006-12-04 00:00:00+00:00,645.5,647.6,640.1,645.5,3195,0
2006-12-05 00:00:00+00:00,645.6,648.2,638.2,641.2,4274,0
2006-12-06 00:00:00+00:00,640.8,642.3,627.2,630.7,5384,0
2006-12-07 00:00:00+00:00,630.3,633.6,624.5,632.2,4665,0
2006-12-08 00:00:00+00:00,632.5,637.7,622.7,624.6,4088,0
2006-12-11 00:00:00+00:00,623.8,630.2,622.7,629.2,3463,0
2006-12-12 00:00:00+00:00,629.8,630.7,626.3,629.0,2862,0
2006-12-13 00:00:00+00:00,628.7,630.1,623.1,628.2,3262,0
2006-12-14 00:00:00+00:00,627.3,629.1,624.7,628.5,2609,0
2006-12-15 00:00:00+00:00,625.2,628.7,614.1,614.7,3343,0
2006-12-18 00:00:00+00:00,615.2,617.8,611.1,614.7,3462,0
2006-12-19 00:00:00+00:00,614.7,622.7,614.7,622.3,2547,0
2006-12-20 00:00:00+00:00,622.2,624.2,618.3,619.9,2906,0
2006-12-21 00:00:00+00:00,620.0,622.1,617.5,618.1,4053,0
2006-12-22 00:00:00+00:00,618.3,621.6,618.0,619.3,1759,0
2006-12-26 00:00:00+00:00,624.0,628.6,622.8,623.6,1136,0
2006-12-27 00:00:00+00:00,623.8,628.3,623.1,626.7,2337,0
2006-12-28 00:00:00+00:00,626.0,635.0,625.7,633.1,2176,0
2006-12-29 00:00:00+00:00,634.2,635.7,631.1,635.6,1568,0
2007-01-02 00:00:00+00:00,638.2,640.7,636.6,640.2,1304,0
2007-01-03 00:00:00+00:00,640.0,644.7,624.7,627.1,3971,0
2007-01-04 00:00:00+00:00,627.2,630.2,620.3,621.7,4443,0
2007-01-05 00:00:00+00:00,621.3,625.8,601.5,606.7,4724,0
2007-01-08 00:00:00+00:00,608.2,610.5,603.3,608.5,3490,0
2007-01-09 00:00:00+00:00,609.6,615.3,605.6,613.6,4220,0
2007-01-10 00:00:00+00:00,613.2,613.5,605.3,611.0,4145,0
2007-01-11 00:00:00+00:00,610.7,615.7,608.6,610.5,3739,0
2007-01-12 00:00:00+00:00,610.2,627.2,609.3,626.5,3964,0
2007-01-15 00:00:00+00:00,626.3,627.7,624.5,626.1,1164,0
2007-01-16 00:00:00+00:00,625.2,627.7,622.3,624.6,3359,0
2007-01-17 00:00:00+00:00,624.7,633.2,619.7,632.2,3591,0
2007-01-18 00:00:00+00:00,632.1,636.2,626.2,627.1,3540,0
2007-01-19 00:00:00+00:00,626.6,636.1,626.2,634.7,2730,0
2007-01-22 00:00:00+00:00,635.5,639.5,631.6,632.7,3187,0
2007-01-23 00:00:00+00:00,633.2,647.5,633.1,645.6,3123,0
2007-01-24 00:00:00+00:00,645.7,648.7,638.5,647.7,3477,0
2007-01-25 00:00:00+00:00,647.6,654.2,644.7,645.6,4096,0
2007-01-26 00:00:00+00:00,645.2,647.7,640.6,645.5,4009,0
2007-01-29 00:00:00+00:00,645.3,647.7,640.7,642.7,2968,0
2007-01-30 00:00:00+00:00,642.8,647.2,640.7,646.0,2664,0
2007-01-31 00:00:00+00:00,646.2,654.5,641.7,652.7,3601,0
2007-02-01 00:00:00+00:00,652.6,661.0,651.5,657.0,3684,0
2007-02-02 00:00:00+00:00,656.2,659.3,642.7,647.2,3425,0
2007-02-05 00:00:00+00:00,647.6,651.7,645.7,647.8,3054,0
2007-02-06 00:00:00+00:00,647.7,658.1,646.1,652.7,3491,0
2007-02-07 00:00:00+00:00,652.8,656.3,649.8,651.5,3472,0
2007-02-08 00:00:00+00:00,651.7,660.7,647.5,659.2,2592,0
2007-02-09 00:00:00+00:00,659.3,668.6,656.7,666.2,3590,0
2007-02-12 00:00:00+00:00,667.3,668.2,659.6,660.6,3260,0
2007-02-13 00:00:00+00:00,660.7,668.7,660.2,663.7,3741,0
2007-02-14 00:00:00+00:00,664.0,671.5,663.2,668.3,4051,0
2007-02-15 00:00:00+00:00,668.0,670.1,662.0,669.2,4437,0
2007-02-16 00:00:00+00:00,669.3,669.5,662.5,668.5,3152,0
2007-02-19 00:00:00+00:00,669.1,672.8,667.2,670.1,1439,0
2007-02-20 00:00:00+00:00,670.6,671.6,655.3,657.3,3704,0
2007-02-21 00:00:00+00:00,657.0,682.1,656.7,678.1,3528,0
2007-02-22 00:00:00+00:00,678.2,680.7,674.7,676.7,3528,0
2007-02-23 00:00:00+00:00,677.3,688.0,672.3,682.0,4069,0
2007-02-26 00:00:00+00:00,681.1,687.7,681.1,685.7,2907,0
2007-02-27 00:00:00+00:00,686.0,688.1,657.7,664.6,3859,0
2007-02-28 00:00:00+00:00,664.3,677.2,660.8,669.1,5479,0
2007-03-01 00:00:00+00:00,669.2,677.0,661.2,664.0,7403,0
2007-03-02 00:00:00+00:00,664.2,665.2,639.1,642.0,7859,0
2007-03-05 00:00:00+00:00,644.1,644.6,632.7,635.8,6178,0
2007-03-06 00:00:00+00:00,635.3,647.5,632.2,646.3,5064,0
2007-03-07 00:00:00+00:00,646.2,651.2,642.3,649.2,4714,0
2007-03-08 00:00:00+00:00,648.7,655.5,646.8,652.1,5046,0
2007-03-09 00:00:00+00:00,652.0,657.7,647.2,648.7,4282,0
2007-03-12 00:00:00+00:00,650.1,653.5,645.2,649.7,3933,0
2007-03-13 00:00:00+00:00,649.6,651.8,641.2,643.3,3332,0
2007-03-14 00:00:00+00:00,643.5,645.6,636.5,644.0,4418,0
2007-03-15 00:00:00+00:00,643.8,649.8,643.3,646.5,3430,0
2007-03-16 00:00:00+00:00,646.6,655.1,645.6,652.7,3516,0
2007-03-19 00:00:00+00:00,653.0,655.8,651.7,654.1,2783,0
2007-03-20 00:00:00+00:00,653.8,660.7,652.2,657.7,3098,0
2007-03-21 00:00:00+00:00,657.8,664.4,656.6,663.6,3512,0
2007-03-22 00:00:00+00:00,663.7,666.3,661.6,663.1,3331,0
2007-03-23 00:00:00+00:00,662.9,664.3,654.7,656.9,3388,0
2007-03-26 00:00:00+00:00,656.2,664.8,656.2,663.2,3291,0
2007-03-27 00:00:00+00:00,662.9,665.2,661.3,664.3,2952,0
2007-03-28 00:00:00+00:00,663.6,669.0,663.1,665.1,3974,0
2007-03-29 00:00:00+00:00,665.4,665.6,655.0,661.2,3324,0
2007-03-30 00:00:00+00:00,661.3,667.3,660.4,663.2,3422,0
2007-04-02 00:00:00+00:00,663.1,665.9,655.9,663.4,3790,0
2007-04-03 00:00:00+00:00,663.5,667.1,661.5,664.0,4283,0
2007-04-04 00:00:00+00:00,663.8,675.3,663.3,673.6,5940,0
2007-04-05 00:00:00+00:00,673.7,675.3,671.3,673.8,3723,0
2007-04-06 00:00:00+00:00,674.0,674.3,672.6,673.9,112,0
2007-04-09 00:00:00+00:00,673.6,677.4,670.3,670.7,3830,0
2007-04-10 00:00:00+00:00,670.8,681.2,670.8,676.7,3597,0
2007-04-11 00:00:00+00:00,676.8,680.4,674.0,676.8,3864,0
2007-04-12 00:00:00+00:00,676.9,679.4,670.9,675.5,3741,0
2007-04-13 00:00:00+00:00,676.0,685.4,675.8,684.6,3552,0
2007-04-16 00:00:00+00:00,685.5,690.7,682.6,690.0,4286,0
2007-04-17 00:00:00+00:00,689.9,690.5,685.5,687.2,3882,0
2007-04-18 00:00:00+00:00,686.4,690.5,685.1,689.5,4008,0
2007-04-19 00:00:00+00:00,689.1,691.2,678.7,682.2,4712,0
2007-04-20 00:00:00+00:00,683.3,693.2,682.5,691.3,3660,0
2007-04-23 00:00:00+00:00,691.6,693.3,686.5,688.7,4674,0
2007-04-24 00:00:00+00:00,689.1,691.4,680.5,682.8,4707,0
2007-04-25 00:00:00+00:00,683.6,686.4,681.7,685.2,3747,0
2007-04-26 00:00:00+00:00,684.4,686.4,671.0,674.4,4196,0
2007-04-27 00:00:00+00:00,674.3,681.3,670.4,680.9,4169,0
2007-04-30 00:00:00+00:00,680.8,681.95,675.5,677.7,3230,0
2007-05-01 00:00:00+00:00,677.8,678.8,671.5,672.8,3364,0
2007-05-02 00:00:00+00:00,673.3,674.7,667.2,672.3,3737,0
2007-05-03 00:00:00+00:00,672.1,681.9,671.6,681.7,3231,0
2007-05-04 00:00:00+00:00,681.8,690.2,679.9,688.3,3151,0
2007-05-07 00:00:00+00:00,687.9,690.4,686.1,688.0,2687,0
2007-05-08 00:00:00+00:00,688.5,688.6,681.7,684.8,3536,0
2007-05-09 00:00:00+00:00,684.7,686.3,675.4,680.3,3597,0
2007-05-10 00:00:00+00:00,680.1,680.7,664.0,666.0,4510,0
2007-05-11 00:00:00+00:00,665.5,672.5,664.3,670.5,3992,0
2007-05-14 00:00:00+00:00,670.3,674.7,666.1,668.9,3810,0
2007-05-15 00:00:00+00:00,669.4,673.1,664.7,671.6,3567,0
2007-05-16 00:00:00+00:00,671.8,673.0,659.4,661.6,3846,0
2007-05-17 00:00:00+00:00,661.9,664.3,653.3,657.2,4108,0
2007-05-18 00:00:00+00:00,657.4,662.7,655.5,661.2,3707,0
2007-05-21 00:00:00+00:00,661.3,663.6,656.7,662.9,3552,0
2007-05-22 00:00:00+00:00,662.8,664.9,657.9,658.7,3068,0
2007-05-23 00:00:00+00:00,658.8,664.3,657.1,660.8,3352,0
2007-05-24 00:00:00+00:00,661.0,662.5,651.5,654.0,3471,0
2007-05-25 00:00:00+00:00,653.4,656.5,653.1,655.5,2691,0
2007-05-28 00:00:00+00:00,655.3,656.4,654.6,655.2,575,0
2007-05-29 00:00:00+00:00,655.4,661.7,654.4,656.2,2469,0
2007-05-30 00:00:00+00:00,655.0,658.3,651.6,653.1,2961,0
2007-05-31 00:00:00+00:00,652.7,661.5,652.7,660.6,3217,0
2007-06-01 00:00:00+00:00,660.5,671.3,660.2,671.2,3198,0
2007-06-04 00:00:00+00:00,671.1,673.6,668.2,670.8,2942,0
2007-06-05 00:00:00+00:00,670.7,673.0,668.7,669.6,2704,0
2007-06-06 00:00:00+00:00,669.3,671.7,664.8,670.5,3559,0
2007-06-07 00:00:00+00:00,670.1,672.7,657.8,658.8,3476,0
2007-06-08 00:00:00+00:00,658.7,662.4,643.6,648.2,4090,0
2007-06-11 00:00:00+00:00,648.8,654.7,648.4,653.1,3168,0
2007-06-12 00:00:00+00:00,653.0,654.3,645.5,646.8,2195,0
2007-06-13 00:00:00+00:00,648.0,652.2,642.7,650.9,3591,0
2007-06-14 00:00:00+00:00,651.0,653.8,645.6,650.8,3031,0
2007-06-15 00:00:00+00:00,651.6,655.5,649.7,654.8,3188,0
2007-06-18 00:00:00+00:00,654.5,658.8,654.3,655.8,2829,0
2007-06-19 00:00:00+00:00,655.4,661.8,653.4,661.1,3057,0
2007-06-20 00:00:00+00:00,660.8,661.6,652.2,654.6,3017,0
2007-06-21 00:00:00+00:00,653.6,656.3,647.5,651.4,3420,0
2007-06-22 00:00:00+00:00,651.5,656.0,650.3,653.6,3170,0
2007-06-25 00:00:00+00:00,653.9,654.2,648.5,650.5,3262,0
2007-06-26 00:00:00+00:00,651.1,651.6,640.0,640.2,3567,0
2007-06-27 00:00:00+00:00,640.6,644.4,638.3,642.8,3691,0
2007-06-28 00:00:00+00:00,643.1,649.6,642.6,648.7,2753,0
2007-06-29 00:00:00+00:00,648.8,652.1,646.2,649.1,2588,0
2007-07-02 00:00:00+00:00,650.2,658.3,648.3,657.0,3473,0
2007-07-03 00:00:00+00:00,657.1,657.8,651.7,652.9,2153,0
2007-07-04 00:00:00+00:00,652.6,654.8,652.5,654.2,728,0
2007-07-05 00:00:00+00:00,654.1,656.2,645.4,649.4,2505,0
2007-07-06 00:00:00+00:00,648.9,655.6,645.0,655.3,3814,0
2007-07-09 00:00:00+00:00,655.2,662.9,653.3,660.2,4101,0
2007-07-10 00:00:00+00:00,660.0,664.6,658.4,663.2,3858,0
2007-07-11 00:00:00+00:00,662.6,665.6,659.5,660.3,3707,0
2007-07-12 00:00:00+00:00,660.4,668.8,660.4,667.1,4256,0
2007-07-13 00:00:00+00:00,666.8,668.5,663.1,666.4,3872,0
2007-07-16 00:00:00+00:00,666.1,668.4,663.2,665.1,3092,0
2007-07-17 00:00:00+00:00,664.8,667.1,662.3,664.8,3041,0
2007-07-18 00:00:00+00:00,664.4,673.8,664.1,672.7,4120,0
2007-07-19 00:00:00+00:00,672.6,677.4,671.0,677.4,3696,0
2007-07-20 00:00:00+00:00,677.5,686.4,674.9,682.7,4205,0
2007-07-23 00:00:00+00:00,682.8,684.5,679.8,680.9,3186,0
2007-07-24 00:00:00+00:00,681.2,687.5,679.8,681.3,3936,0
2007-07-25 00:00:00+00:00,681.0,681.8,670.8,674.8,4717,0
2007-07-26 00:00:00+00:00,675.4,676.6,659.7,662.1,5379,0
2007-07-27 00:00:00+00:00,662.7,666.5,656.5,660.6,4984,0
2007-07-30 00:00:00+00:00,660.7,665.3,659.6,664.6,3003,0
2007-07-31 00:00:00+00:00,664.5,668.5,662.9,663.5,3719,0
2007-08-01 00:00:00+00:00,663.4,666.8,658.8,666.5,4486,0
2007-08-02 00:00:00+00:00,666.9,667.1,662.3,664.6,3497,0
2007-08-03 00:00:00+00:00,665.1,675.1,664.6,672.5,4191,0
2007-08-06 00:00:00+00:00,672.6,674.8,668.7,671.7,4061,0
2007-08-07 00:00:00+00:00,671.5,672.2,665.8,671.9,3375,0
2007-08-08 00:00:00+00:00,671.7,676.4,669.3,674.3,3230,0
2007-08-09 00:00:00+00:00,674.4,674.5,658.9,661.1,4930,0
2007-08-10 00:00:00+00:00,661.2,675.9,657.7,672.4,5222,0
2007-08-13 00:00:00+00:00,671.4,672.7,668.1,669.1,3219,0
2007-08-14 00:00:00+00:00,668.9,671.0,665.2,668.6,3546,0
2007-08-15 00:00:00+00:00,668.9,670.6,661.7,667.0,5034,0
2007-08-16 00:00:00+00:00,666.5,667.6,641.6,652.1,7981,0
2007-08-17 00:00:00+00:00,651.2,663.9,645.3,657.2,6270,0
2007-08-20 00:00:00+00:00,656.4,660.4,652.7,657.5,5415,0
2007-08-21 00:00:00+00:00,657.4,659.7,653.9,657.0,5779,0
2007-08-22 00:00:00+00:00,657.2,661.4,654.2,660.1,4209,0
2007-08-23 00:00:00+00:00,660.2,664.5,658.2,659.5,4798,0
2007-08-24 00:00:00+00:00,659.6,668.6,657.2,668.0,4282,0
2007-08-27 00:00:00+00:00,667.7,668.2,665.3,667.0,2926,0
2007-08-28 00:00:00+00:00,666.6,668.0,661.8,662.1,4791,0
2007-08-29 00:00:00+00:00,663.1,668.8,660.7,666.6,4110,0
2007-08-30 00:00:00+00:00,667.1,667.6,663.1,665.1,4289,0
2007-08-31 00:00:00+00:00,664.5,674.5,664.0,672.8,4615,0
2007-09-03 00:00:00+00:00,672.7,673.3,671.1,672.3,745,0
2007-09-04 00:00:00+00:00,672.1,682.9,671.0,681.6,4386,0
2007-09-05 00:00:00+00:00,681.8,682.6,678.0,681.0,4195,0
2007-09-06 00:00:00+00:00,681.2,697.4,680.6,695.1,5313,0
2007-09-07 00:00:00+00:00,695.2,706.6,691.8,700.2,5759,0
2007-09-10 00:00:00+00:00,700.3,706.5,698.7,702.8,4912,0
2007-09-11 00:00:00+00:00,702.5,713.9,701.9,712.1,5086,0
2007-09-12 00:00:00+00:00,712.0,714.0,705.3,711.6,5218,0
2007-09-13 00:00:00+00:00,710.8,712.0,703.0,707.8,5607,0
2007-09-14 00:00:00+00:00,707.9,717.0,703.7,707.0,6220,0
2007-09-17 00:00:00+00:00,707.2,719.7,706.0,717.1,5975,0
2007-09-18 00:00:00+00:00,717.2,726.8,711.3,723.8,7365,0
2007-09-19 00:00:00+00:00,724.1,726.0,719.3,721.4,7120,0
2007-09-20 00:00:00+00:00,721.3,738.2,720.8,734.1,7317,0
2007-09-21 00:00:00+00:00,733.4,739.1,726.3,730.8,8067,0
2007-09-24 00:00:00+00:00,731.0,735.9,725.5,729.9,6597,0
2007-09-25 00:00:00+00:00,729.7,733.2,721.6,731.4,7443,0
2007-09-26 00:00:00+00:00,731.1,736.4,726.1,727.8,4318,0
2007-09-27 00:00:00+00:00,727.7,735.6,726.6,734.1,4478,0
2007-09-28 00:00:00+00:00,734.0,745.4,733.0,742.9,6120,0
2007-10-01 00:00:00+00:00,742.8,747.4,740.8,747.1,4764,0
2007-10-02 00:00:00+00:00,747.2,747.2,724.2,731.0,5930,0
2007-10-03 00:00:00+00:00,731.6,735.7,725.9,727.0,5892,0
2007-10-04 00:00:00+00:00,727.9,738.2,720.3,737.1,6361,0
2007-10-05 00:00:00+00:00,737.2,744.0,726.5,742.2,5476,0
2007-10-08 00:00:00+00:00,740.4,741.9,730.8,733.0,4680,0
2007-10-09 00:00:00+00:00,732.6,740.2,726.3,737.7,7053,0
2007-10-10 00:00:00+00:00,737.6,745.7,737.1,740.7,6311,0
2007-10-11 00:00:00+00:00,740.8,753.4,740.2,747.4,7556,0
2007-10-12 00:00:00+00:00,747.8,752.1,744.6,749.3,7259,0
2007-10-15 00:00:00+00:00,749.2,759.8,747.3,758.8,6541,0
2007-10-16 00:00:00+00:00,758.5,766.7,753.3,760.5,9976,0
2007-10-17 00:00:00+00:00,760.3,764.6,751.3,754.6,10321,0
2007-10-18 00:00:00+00:00,754.5,768.7,754.5,768.0,8609,0
2007-10-19 00:00:00+00:00,767.8,771.4,757.9,764.8,7460,0
2007-10-22 00:00:00+00:00,766.2,768.2,745.0,753.8,9896,0
2007-10-23 00:00:00+00:00,754.1,760.8,752.4,759.1,5793,0
2007-10-24 00:00:00+00:00,759.2,763.7,753.7,763.3,6175,0
2007-10-25 00:00:00+00:00,763.9,769.1,761.4,768.7,5464,0
2007-10-26 00:00:00+00:00,769.1,785.5,768.0,784.7,8103,0
2007-10-29 00:00:00+00:00,787.0,793.9,784.4,791.4,9104,0
2007-10-30 00:00:00+00:00,791.3,791.6,778.8,779.2,8086,0
2007-10-31 00:00:00+00:00,779.3,797.0,776.5,796.3,10172,0
2007-11-01 00:00:00+00:00,796.4,798.9,783.5,788.5,10687,0
2007-11-02 00:00:00+00:00,788.7,807.6,787.6,806.3,9984,0
2007-11-05 00:00:00+00:00,807.4,811.3,800.6,806.0,8767,0
2007-11-06 00:00:00+00:00,806.5,824.7,805.8,823.8,9625,0
2007-11-07 00:00:00+00:00,824.2,845.4,822.2,829.1,17486,0
2007-11-08 00:00:00+00:00,829.4,845.3,823.3,832.9,16234,0
2007-11-09 00:00:00+00:00,833.0,838.2,826.4,831.6,13255,0
2007-11-12 00:00:00+00:00,829.7,831.2,791.2,793.4,15439,0
2007-11-13 00:00:00+00:00,793.0,808.8,789.9,801.1,15132,0
2007-11-14 00:00:00+00:00,800.0,815.6,799.0,812.3,10968,0
2007-11-15 00:00:00+00:00,811.7,817.8,782.2,787.6,13997,0
2007-11-16 00:00:00+00:00,787.2,797.2,783.4,785.7,11727,0
2007-11-19 00:00:00+00:00,787.1,793.8,774.7,780.9,6266,0
2007-11-20 00:00:00+00:00,781.6,805.4,772.5,802.0,9715,0
2007-11-21 00:00:00+00:00,802.3,806.9,794.1,799.3,7873,0
2007-11-22 00:00:00+00:00,800.2,805.2,797.8,803.5,1383,0
2007-11-23 00:00:00+00:00,803.7,825.2,802.4,823.3,6062,0
2007-11-26 00:00:00+00:00,823.7,836.6,820.7,823.1,12795,0
2007-11-27 00:00:00+00:00,823.2,828.8,807.2,812.6,11831,0
2007-11-28 00:00:00+00:00,812.4,815.5,791.0,804.8,12838,0
2007-11-29 00:00:00+00:00,803.7,807.7,792.0,792.8,11292,0
2007-11-30 00:00:00+00:00,793.3,799.2,778.7,782.7,11310,0
2007-12-03 00:00:00+00:00,783.8,794.5,776.8,794.3,9936,0
2007-12-04 00:00:00+00:00,793.6,805.0,786.2,800.6,9730,0
2007-12-05 00:00:00+00:00,801.0,806.5,790.8,794.8,11037,0
2007-12-06 00:00:00+00:00,794.0,805.3,784.7,800.8,10888,0
2007-12-07 00:00:00+00:00,801.0,805.0,790.9,794.4,9696,0
2007-12-10 00:00:00+00:00,795.4,811.8,793.9,808.2,7528,0
2007-12-11 00:00:00+00:00,808.1,813.2,795.5,796.1,8903,0
2007-12-12 00:00:00+00:00,796.6,816.9,796.3,813.0,10735,0
2007-12-13 00:00:00+00:00,812.9,813.4,792.0,796.0,10108,0
2007-12-14 00:00:00+00:00,797.0,803.1,787.4,794.4,10193,0
2007-12-17 00:00:00+00:00,793.0,798.5,784.8,793.5,7951,0
2007-12-18 00:00:00+00:00,793.6,806.2,790.0,801.8,8313,0
2007-12-19 00:00:00+00:00,802.3,804.3,797.5,802.4,6992,0
2007-12-20 00:00:00+00:00,802.5,802.5,793.1,795.7,5707,0
2007-12-21 00:00:00+00:00,795.6,812.0,795.5,811.2,6185,0
2007-12-24 00:00:00+00:00,811.1,815.2,807.9,812.4,3545,0
2007-12-26 00:00:00+00:00,812.4,824.8,812.3,822.9,1728,0
2007-12-27 00:00:00+00:00,823.0,829.9,820.2,823.6,3994,0
2007-12-28 00:00:00+00:00,824.3,839.4,823.6,839.1,3509,0
2007-12-31 00:00:00+00:00,838.0,841.8,828.5,831.5,1723,0
2008-01-02 00:00:00+00:00,841.0,861.0,839.5,857.2,7298,0
2008-01-03 00:00:00+00:00,858.5,869.0,853.0,863.5,11791,0
2008-01-04 00:00:00+00:00,862.6,868.5,853.9,859.2,10803,0
2008-01-07 00:00:00+00:00,859.5,864.7,854.8,857.2,9423,0
2008-01-08 00:00:00+00:00,857.4,880.6,856.6,877.9,10186,0
2008-01-09 00:00:00+00:00,877.4,891.1,871.6,878.4,14242,0
2008-01-10 00:00:00+00:00,878.3,894.8,865.8,894.3,14504,0
2008-01-11 00:00:00+00:00,893.9,897.8,886.9,894.9,13401,0
2008-01-14 00:00:00+00:00,897.0,914.0,891.0,903.3,13121,0
2008-01-15 00:00:00+00:00,903.7,913.8,887.0,887.6,12601,0
2008-01-16 00:00:00+00:00,888.8,899.3,874.3,875.5,16543,0
2008-01-17 00:00:00+00:00,877.1,890.0,874.6,877.2,14086,0
2008-01-18 00:00:00+00:00,878.5,888.1,869.8,882.7,13171,0
2008-01-21 00:00:00+00:00,882.1,883.1,860.6,863.7,7153,0
2008-01-22 00:00:00+00:00,863.0,894.2,849.6,890.9,13893,0
2008-01-23 00:00:00+00:00,890.8,895.4,876.1,890.4,16488,0
2008-01-24 00:00:00+00:00,890.7,913.2,888.8,912.6,10791,0
2008-01-25 00:00:00+00:00,913.2,923.3,905.7,913.5,12611,0
2008-01-28 00:00:00+00:00,911.7,929.1,911.5,926.7,10522,0
2008-01-29 00:00:00+00:00,927.7,932.9,919.5,923.1,9633,0
2008-01-30 00:00:00+00:00,923.5,936.7,915.5,928.6,10351,0
2008-01-31 00:00:00+00:00,927.9,928.3,918.0,925.0,12538,0
2008-02-01 00:00:00+00:00,924.3,936.5,903.5,905.0,12713,0
2008-02-04 00:00:00+00:00,904.8,912.5,891.8,903.3,8230,0
2008-02-05 00:00:00+00:00,903.2,906.3,883.9,887.9,9924,0
2008-02-06 00:00:00+00:00,888.4,907.1,885.6,900.6,10028,0
2008-02-07 00:00:00+00:00,899.4,911.3,895.8,911.1,10526,0
2008-02-08 00:00:00+00:00,911.0,922.4,907.1,922.1,9967,0
2008-02-11 00:00:00+00:00,919.2,926.7,915.6,922.4,10170,0
2008-02-12 00:00:00+00:00,921.6,924.5,902.4,905.8,10123,0
2008-02-13 00:00:00+00:00,905.7,910.4,895.8,904.7,11131,0
2008-02-14 00:00:00+00:00,905.5,913.6,901.3,907.1,9275,0
2008-02-15 00:00:00+00:00,907.9,915.1,897.3,902.0,8467,0
2008-02-18 00:00:00+00:00,902.1,907.2,899.9,905.2,3933,0
2008-02-19 00:00:00+00:00,906.4,930.3,905.4,927.0,9151,0
2008-02-20 00:00:00+00:00,927.2,945.3,912.9,943.3,12384,0
2008-02-21 00:00:00+00:00,943.8,953.4,937.5,945.5,11829,0
2008-02-22 00:00:00+00:00,945.6,949.6,935.3,944.7,9662,0
2008-02-25 00:00:00+00:00,945.2,951.7,932.7,938.0,8005,0
2008-02-26 00:00:00+00:00,937.9,949.9,926.0,948.0,9966,0
2008-02-27 00:00:00+00:00,950.8,964.7,948.9,958.4,10285,0
2008-02-28 00:00:00+00:00,957.0,972.0,952.8,969.3,10017,0
2008-02-29 00:00:00+00:00,969.4,975.8,964.1,973.5,10191,0
2008-03-03 00:00:00+00:00,974.3,989.1,972.9,983.4,9049,0
2008-03-04 00:00:00+00:00,984.0,987.6,956.1,964.4,11095,0
2008-03-05 00:00:00+00:00,964.7,992.5,958.7,988.8,11692,0
2008-03-06 00:00:00+00:00,988.5,991.8,964.7,974.6,12816,0
2008-03-07 00:00:00+00:00,976.0,988.4,969.2,972.5,11223,0
2008-03-10 00:00:00+00:00,975.9,980.3,960.6,972.9,10860,0
2008-03-11 00:00:00+00:00,973.3,985.0,964.6,973.4,8741,0
2008-03-12 00:00:00+00:00,973.3,983.7,967.8,982.9,9803,0
2008-03-13 00:00:00+00:00,982.7,999.2,981.1,993.5,11606,0
2008-03-14 00:00:00+00:00,993.6,1006.7,990.2,1002.5,7568,0
2008-03-17 00:00:00+00:00,1003.9,1032.2,993.7,1003.8,11386,0
2008-03-18 00:00:00+00:00,1003.9,1011.7,976.2,983.4,8220,0
2008-03-19 00:00:00+00:00,983.3,996.8,937.4,942.6,9014,0
2008-03-20 00:00:00+00:00,942.4,943.2,904.4,910.6,10604,0
2008-03-21 00:00:00+00:00,910.7,917.7,909.5,917.7,78,0
2008-03-24 00:00:00+00:00,912.6,926.5,906.1,912.1,7998,0
2008-03-25 00:00:00+00:00,912.5,940.7,912.5,938.7,6979,0
2008-03-26 00:00:00+00:00,938.9,954.7,934.3,954.5,7568,0
2008-03-27 00:00:00+00:00,954.4,954.6,940.0,949.8,7597,0
2008-03-28 00:00:00+00:00,949.7,950.6,922.9,931.2,7726,0
2008-03-31 00:00:00+00:00,931.1,940.5,912.1,915.8,8472,0
2008-04-01 00:00:00+00:00,915.7,920.5,871.8,883.3,10621,0
2008-04-02 00:00:00+00:00,883.2,905.7,880.8,903.4,10325,0
2008-04-03 00:00:00+00:00,902.4,908.6,887.7,902.8,9022,0
2008-04-04 00:00:00+00:00,903.8,914.3,899.0,913.4,6307,0
2008-04-07 00:00:00+00:00,912.5,929.0,910.4,919.9,7557,0
2008-04-08 00:00:00+00:00,919.7,925.4,907.9,914.46,6775,0
2008-04-09 00:00:00+00:00,915.1,935.2,902.7,933.9,7553,0
2008-04-10 00:00:00+00:00,933.8,939.3,921.8,928.5,7549,0
2008-04-11 00:00:00+00:00,928.6,931.7,917.0,924.7,6387,0
2008-04-14 00:00:00+00:00,920.0,931.2,914.0,923.6,6891,0
2008-04-15 00:00:00+00:00,923.9,935.9,922.8,927.5,5939,0
2008-04-16 00:00:00+00:00,927.4,948.6,924.1,944.6,6007,0
2008-04-17 00:00:00+00:00,944.4,952.4,937.1,939.3,5917,0
2008-04-18 00:00:00+00:00,940.0,946.2,904.4,916.2,6076,0
2008-04-21 00:00:00+00:00,916.9,928.4,910.8,916.2,6473,0
2008-04-22 00:00:00+00:00,915.8,925.1,911.3,915.4,6305,0
2008-04-23 00:00:00+00:00,916.2,922.4,896.6,903.9,6471,0
2008-04-24 00:00:00+00:00,903.3,906.4,882.8,887.8,6598,0
2008-04-25 00:00:00+00:00,887.3,896.1,877.5,885.8,6757,0
2008-04-28 00:00:00+00:00,887.5,895.4,886.6,893.2,6217,0
2008-04-29 00:00:00+00:00,893.3,893.3,868.5,870.6,6736,0
2008-04-30 00:00:00+00:00,870.4,878.3,862.2,876.7,8606,0
2008-05-01 00:00:00+00:00,876.9,881.4,847.0,852.2,9008,0
2008-05-02 00:00:00+00:00,851.9,858.8,844.9,855.9,7366,0
2008-05-05 00:00:00+00:00,858.0,874.0,857.4,873.6,5440,0
2008-05-06 00:00:00+00:00,873.7,882.4,871.2,875.4,5786,0
2008-05-07 00:00:00+00:00,875.6,880.7,863.4,867.9,6689,0
2008-05-08 00:00:00+00:00,868.9,885.1,865.2,882.7,6940,0
2008-05-09 00:00:00+00:00,883.1,889.3,870.4,884.3,6420,0
2008-05-12 00:00:00+00:00,883.5,889.4,877.5,882.4,7116,0
2008-05-13 00:00:00+00:00,882.5,885.2,860.5,866.1,7740,0
2008-05-14 00:00:00+00:00,866.0,870.6,859.6,864.5,7501,0
2008-05-15 00:00:00+00:00,864.4,887.2,861.9,881.2,6674,0
2008-05-16 00:00:00+00:00,881.8,904.4,879.8,902.1,6831,0
2008-05-19 00:00:00+00:00,902.5,913.5,900.5,904.6,6071,0
2008-05-20 00:00:00+00:00,905.0,923.1,902.5,918.9,5753,0
2008-05-21 00:00:00+00:00,920.4,932.3,916.0,932.1,5937,0
2008-05-22 00:00:00+00:00,931.9,934.9,917.0,920.9,7307,0
2008-05-23 00:00:00+00:00,920.6,928.8,914.7,924.5,5526,0
2008-05-26 00:00:00+00:00,924.8,928.8,923.2,928.6,1813,0
2008-05-27 00:00:00+00:00,928.5,930.5,904.0,905.0,6402,0
2008-05-28 00:00:00+00:00,905.5,909.5,889.0,900.7,6554,0
2008-05-29 00:00:00+00:00,902.4,902.9,873.2,876.9,7871,0
2008-05-30 00:00:00+00:00,877.6,888.8,870.4,886.3,6428,0
2008-06-02 00:00:00+00:00,887.9,897.0,880.8,890.0,6424,0
2008-06-03 00:00:00+00:00,890.3,896.4,875.0,880.2,6514,0
2008-06-04 00:00:00+00:00,880.1,886.3,875.7,878.1,6874,0
2008-06-05 00:00:00+00:00,877.9,879.4,864.6,877.9,6019,0
2008-06-06 00:00:00+00:00,877.7,901.9,877.0,901.8,7560,0
2008-06-09 00:00:00+00:00,902.3,908.8,890.8,892.3,9116,0
2008-06-10 00:00:00+00:00,892.0,894.6,863.8,866.7,8022,0
2008-06-11 00:00:00+00:00,867.9,882.5,867.0,880.0,6878,0
2008-06-12 00:00:00+00:00,880.3,881.9,857.1,868.8,6902,0
2008-06-13 00:00:00+00:00,868.6,874.0,859.2,871.0,7216,0
2008-06-16 00:00:00+00:00,870.0,894.3,866.3,881.8,6495,0
2008-06-17 00:00:00+00:00,881.7,888.2,873.8,882.1,7096,0
2008-06-18 00:00:00+00:00,881.4,895.4,880.0,893.7,6863,0
2008-06-19 00:00:00+00:00,894.0,908.3,886.5,898.1,7171,0
2008-06-20 00:00:00+00:00,897.7,907.4,895.6,901.6,6953,0
2008-06-23 00:00:00+00:00,901.7,907.1,875.8,883.5,6685,0
2008-06-24 00:00:00+00:00,883.7,893.7,882.5,889.4,5839,0
2008-06-25 00:00:00+00:00,889.3,890.3,873.2,885.8,7523,0
2008-06-26 00:00:00+00:00,886.2,917.8,884.5,916.5,7267,0
2008-06-27 00:00:00+00:00,916.4,930.4,910.0,927.3,7868,0
2008-06-30 00:00:00+00:00,928.4,934.9,918.2,924.6,7671,0
2008-07-01 00:00:00+00:00,926.1,945.6,921.7,939.3,8044,0
2008-07-02 00:00:00+00:00,940.0,945.3,931.4,944.8,7183,0
2008-07-03 00:00:00+00:00,944.3,946.2,927.5,933.5,8211,0
2008-07-04 00:00:00+00:00,932.0,936.0,928.7,933.6,2536,0
2008-07-07 00:00:00+00:00,932.0,932.3,914.7,926.0,9200,0
2008-07-08 00:00:00+00:00,925.9,932.8,912.4,919.6,8451,0
2008-07-09 00:00:00+00:00,920.3,928.5,915.7,928.0,7462,0
2008-07-10 00:00:00+00:00,928.2,947.4,925.2,946.6,8003,0
2008-07-11 00:00:00+00:00,944.9,967.4,941.3,963.7,9884,0
2008-07-14 00:00:00+00:00,965.8,974.9,953.7,972.2,9411,0
2008-07-15 00:00:00+00:00,973.0,988.0,968.0,977.0,10224,0
2008-07-16 00:00:00+00:00,977.3,980.9,957.3,960.0,9717,0
2008-07-17 00:00:00+00:00,959.8,978.4,952.7,958.1,10592,0
2008-07-18 00:00:00+00:00,957.1,964.3,949.5,954.5,8400,0
2008-07-21 00:00:00+00:00,956.5,968.0,955.0,966.0,6453,0
2008-07-22 00:00:00+00:00,965.8,975.7,943.3,945.7,7739,0
2008-07-23 00:00:00+00:00,946.3,948.7,917.6,920.2,9021,0
2008-07-24 00:00:00+00:00,921.2,930.8,916.5,927.0,6299,0
2008-07-25 00:00:00+00:00,926.8,934.8,918.4,929.1,7758,0
2008-07-28 00:00:00+00:00,928.0,932.5,922.4,930.3,7098,0
2008-07-29 00:00:00+00:00,930.4,932.9,913.9,917.3,7009,0
2008-07-30 00:00:00+00:00,918.2,919.3,893.6,905.8,7305,0
2008-07-31 00:00:00+00:00,907.1,925.1,906.6,913.3,7482,0
2008-08-01 00:00:00+00:00,913.8,916.7,901.7,910.3,6976,0
2008-08-04 00:00:00+00:00,910.8,915.1,893.6,894.7,8968,0
2008-08-05 00:00:00+00:00,894.9,895.3,872.3,873.7,8782,0
2008-08-06 00:00:00+00:00,873.7,886.0,872.5,879.1,7399,0
2008-08-07 00:00:00+00:00,879.4,884.5,867.5,872.8,8875,0
2008-08-08 00:00:00+00:00,871.8,873.6,850.5,856.2,9571,0
2008-08-11 00:00:00+00:00,855.7,865.6,818.1,822.6,9658,0
2008-08-12 00:00:00+00:00,822.7,826.6,801.8,811.3,13484,0
2008-08-13 00:00:00+00:00,811.6,829.4,804.9,826.1,10276,0
2008-08-14 00:00:00+00:00,826.0,836.3,804.4,806.0,9378,0
2008-08-15 00:00:00+00:00,806.2,806.6,772.6,787.1,11655,0
2008-08-18 00:00:00+00:00,790.5,803.7,789.3,798.8,9604,0
2008-08-19 00:00:00+00:00,799.7,816.4,781.9,813.6,9153,0
2008-08-20 00:00:00+00:00,813.2,818.0,799.7,813.1,10406,0
2008-08-21 00:00:00+00:00,813.0,838.8,811.3,835.9,8873,0
2008-08-22 00:00:00+00:00,834.2,837.7,820.9,822.7,6393,0
2008-08-25 00:00:00+00:00,824.6,825.7,815.8,821.0,8974,0
2008-08-26 00:00:00+00:00,821.8,830.2,806.6,824.1,7970,0
2008-08-27 00:00:00+00:00,823.5,834.6,821.6,826.4,9195,0
2008-08-28 00:00:00+00:00,826.5,843.7,825.0,833.7,8452,0
2008-08-29 00:00:00+00:00,832.6,838.4,829.1,830.7,7415,0
2008-09-01 00:00:00+00:00,834.6,836.1,815.4,817.6,3947,0
2008-09-02 00:00:00+00:00,816.9,819.6,790.4,805.0,9822,0
2008-09-03 00:00:00+00:00,804.3,808.0,789.1,802.3,9840,0
2008-09-04 00:00:00+00:00,801.2,814.4,793.0,793.0,9076,0
2008-09-05 00:00:00+00:00,795.0,818.8,790.2,803.3,9540,0
2008-09-08 00:00:00+00:00,813.5,817.8,796.6,801.8,8114,0
2008-09-09 00:00:00+00:00,801.4,804.6,775.6,775.8,10174,0
2008-09-10 00:00:00+00:00,776.1,783.4,751.3,752.0,11938,0
2008-09-11 00:00:00+00:00,751.4,757.7,735.9,747.3,10629,0
2008-09-12 00:00:00+00:00,748.6,766.2,745.9,764.9,8803,0
2008-09-15 00:00:00+00:00,775.3,787.3,764.2,787.3,9916,0
2008-09-16 00:00:00+00:00,786.9,789.5,771.9,778.2,9603,0
2008-09-17 00:00:00+00:00,776.9,868.1,773.8,863.5,10818,0
2008-09-18 00:00:00+00:00,862.0,909.7,835.9,851.7,13184,0
2008-09-19 00:00:00+00:00,852.0,877.1,824.1,872.8,12436,0
2008-09-22 00:00:00+00:00,872.4,908.4,861.7,897.6,12008,0
2008-09-23 00:00:00+00:00,900.1,909.3,880.2,891.3,12192,0
2008-09-24 00:00:00+00:00,890.2,900.6,875.0,881.0,9235,0
2008-09-25 00:00:00+00:00,879.8,897.1,863.4,876.3,12312,0
2008-09-26 00:00:00+00:00,877.2,911.2,865.6,877.8,11272,0
2008-09-29 00:00:00+00:00,872.0,923.9,866.8,905.7,16961,0
2008-09-30 00:00:00+00:00,906.1,914.4,856.7,870.9,15086,0
2008-10-01 00:00:00+00:00,871.6,893.1,864.4,869.9,13676,0
2008-10-02 00:00:00+00:00,870.6,876.0,829.7,836.2,13440,0
2008-10-03 00:00:00+00:00,836.4,847.1,819.0,835.3,11754,0
2008-10-06 00:00:00+00:00,833.0,875.8,825.4,858.6,10764,0
2008-10-07 00:00:00+00:00,858.1,891.1,856.3,888.1,9979,0
2008-10-08 00:00:00+00:00,888.7,920.9,877.5,908.0,9627,0
2008-10-09 00:00:00+00:00,906.5,924.2,881.2,913.0,9774,0
2008-10-10 00:00:00+00:00,912.0,931.1,826.6,849.6,17909,0
2008-10-13 00:00:00+00:00,845.8,871.9,822.6,831.6,11010,0
2008-10-14 00:00:00+00:00,832.7,853.7,831.9,836.2,10455,0
2008-10-15 00:00:00+00:00,837.3,856.5,831.2,847.5,9769,0
2008-10-16 00:00:00+00:00,847.8,849.9,785.1,805.5,10372,0
2008-10-17 00:00:00+00:00,805.9,814.8,772.4,782.8,10994,0
2008-10-20 00:00:00+00:00,782.9,809.7,781.5,792.3,13174,0
2008-10-21 00:00:00+00:00,796.9,803.3,765.3,771.1,12848,0
2008-10-22 00:00:00+00:00,775.5,776.6,720.2,729.2,14063,0
2008-10-23 00:00:00+00:00,728.0,735.0,698.4,723.8,13401,0
2008-10-24 00:00:00+00:00,723.9,747.5,681.4,733.2,15720,0
2008-10-27 00:00:00+00:00,735.0,746.7,706.6,730.4,11395,0
2008-10-28 00:00:00+00:00,730.5,755.4,723.8,750.9,10606,0
2008-10-29 00:00:00+00:00,750.8,774.2,737.3,756.7,10307,0
2008-10-30 00:00:00+00:00,756.8,777.2,732.9,738.4,14090,0
2008-10-31 00:00:00+00:00,738.3,741.4,717.1,723.7,12420,0
2008-11-03 00:00:00+00:00,726.7,738.9,721.6,722.7,10739,0
2008-11-04 00:00:00+00:00,722.8,767.5,721.4,762.7,10496,0
2008-11-05 00:00:00+00:00,768.0,768.6,736.2,737.7,13528,0
2008-11-06 00:00:00+00:00,739.0,760.1,729.1,731.6,13103,0
2008-11-07 00:00:00+00:00,733.4,744.6,725.3,735.8,11277,0
2008-11-10 00:00:00+00:00,738.1,767.9,738.1,744.7,12329,0
2008-11-11 00:00:00+00:00,745.6,749.9,726.6,731.6,10864,0
2008-11-12 00:00:00+00:00,732.2,738.7,708.9,710.6,11467,0
2008-11-13 00:00:00+00:00,710.8,739.1,699.7,736.0,16122,0
2008-11-14 00:00:00+00:00,734.4,753.7,725.0,741.2,14285,0
2008-11-17 00:00:00+00:00,740.9,749.1,730.6,736.5,12472,0
2008-11-18 00:00:00+00:00,736.6,745.8,731.2,737.6,11769,0
2008-11-19 00:00:00+00:00,737.8,761.6,731.5,734.6,14528,0
2008-11-20 00:00:00+00:00,735.1,752.1,732.5,744.9,14042,0
2008-11-21 00:00:00+00:00,745.1,801.3,742.2,800.0,14275,0
2008-11-24 00:00:00+00:00,801.8,829.3,785.9,821.0,19094,0
2008-11-25 00:00:00+00:00,821.2,830.5,803.1,820.4,13409,0
2008-11-26 00:00:00+00:00,820.3,822.9,808.5,810.5,11691,0
2008-11-27 00:00:00+00:00,812.3,816.9,809.5,815.9,4491,0
2008-11-28 00:00:00+00:00,816.0,820.3,809.2,817.5,9447,0
2008-12-01 00:00:00+00:00,818.5,818.5,767.2,768.7,16625,0
2008-12-02 00:00:00+00:00,767.3,785.7,762.1,781.8,19583,0
2008-12-03 00:00:00+00:00,781.9,783.0,764.1,773.9,17293,0
2008-12-04 00:00:00+00:00,774.6,782.0,762.3,766.3,18899,0
2008-12-05 00:00:00+00:00,765.8,772.5,741.1,755.7,11239,0
2008-12-08 00:00:00+00:00,754.3,781.8,754.3,771.9,16682,0
2008-12-09 00:00:00+00:00,771.7,779.9,762.5,776.2,9583,0
2008-12-10 00:00:00+00:00,776.1,812.9,774.0,809.3,11932,0
2008-12-11 00:00:00+00:00,808.0,834.3,801.6,819.9,13096,0
2008-12-12 00:00:00+00:00,819.3,828.5,807.6,821.3,6497,0
2008-12-15 00:00:00+00:00,824.2,841.9,822.1,836.6,10686,0
2008-12-16 00:00:00+00:00,836.8,859.1,830.0,856.7,13460,0
2008-12-17 00:00:00+00:00,855.6,881.5,846.1,867.3,15463,0
2008-12-18 00:00:00+00:00,866.0,878.1,848.4,852.0,14196,0
2008-12-19 00:00:00+00:00,852.2,853.3,829.6,837.5,13748,0
2008-12-22 00:00:00+00:00,837.7,851.1,836.3,847.0,17350,0
2008-12-23 00:00:00+00:00,847.4,848.2,829.9,839.8,15170,0
2008-12-24 00:00:00+00:00,839.7,848.3,834.4,847.4,7952,0
2008-12-26 00:00:00+00:00,842.9,871.1,842.6,867.0,4033,0
2008-12-29 00:00:00+00:00,876.4,887.8,872.4,877.9,3839,0
2008-12-30 00:00:00+00:00,878.6,881.6,862.7,871.4,8406,0
2008-12-31 00:00:00+00:00,871.8,872.3,855.3,865.9,4856,0
2009-01-02 00:00:00+00:00,874.2,879.8,867.3,874.6,7562,0
2009-01-05 00:00:00+00:00,881.8,884.1,844.8,857.8,18398,0
2009-01-06 00:00:00+00:00,857.9,869.8,839.0,863.1,19090,0
2009-01-07 00:00:00+00:00,862.8,866.6,836.3,842.0,17889,0
2009-01-08 00:00:00+00:00,842.7,863.7,836.2,856.2,19525,0
2009-01-09 00:00:00+00:00,856.0,868.0,844.4,853.0,17293,0
2009-01-12 00:00:00+00:00,853.5,853.8,814.9,820.1,5426,0
2009-01-13 00:00:00+00:00,821.7,830.1,813.6,820.7,16169,0
2009-01-14 00:00:00+00:00,820.9,828.9,806.5,811.0,17335,0
2009-01-15 00:00:00+00:00,810.3,820.8,801.9,816.7,19436,0
2009-01-16 00:00:00+00:00,816.6,842.7,815.0,841.7,11074,0
2009-01-19 00:00:00+00:00,843.5,845.4,831.9,834.8,9181,0
2009-01-20 00:00:00+00:00,834.5,865.8,823.2,855.9,17418,0
2009-01-21 00:00:00+00:00,855.8,863.8,843.4,853.4,14715,0
2009-01-22 00:00:00+00:00,854.0,862.5,844.0,856.5,16250,0
2009-01-23 00:00:00+00:00,856.4,902.7,852.2,898.7,19559,0
2009-01-26 00:00:00+00:00,897.9,915.4,888.8,904.4,13803,0
2009-01-27 00:00:00+00:00,903.0,907.3,892.1,897.7,16841,0
2009-01-28 00:00:00+00:00,899.3,902.5,881.9,887.4,16287,0
2009-01-29 00:00:00+00:00,888.7,908.9,874.2,908.8,19518,0
2009-01-30 00:00:00+00:00,908.3,929.2,900.6,926.5,19609,0
2009-02-02 00:00:00+00:00,927.6,927.6,900.8,903.7,13047,0
2009-02-03 00:00:00+00:00,904.1,912.3,888.9,900.0,12447,0
2009-02-04 00:00:00+00:00,899.3,908.9,895.2,904.9,10409,0
2009-02-05 00:00:00+00:00,904.8,923.9,901.8,914.1,11011,0
2009-02-06 00:00:00+00:00,913.8,919.4,904.1,910.7,7652,0
2009-02-09 00:00:00+00:00,910.2,910.6,890.4,894.8,10331,0
2009-02-10 00:00:00+00:00,894.5,917.6,890.8,914.1,10551,0
2009-02-11 00:00:00+00:00,914.4,946.7,910.3,938.4,5839,0
2009-02-12 00:00:00+00:00,937.9,952.2,934.6,946.4,14981,0
2009-02-13 00:00:00+00:00,944.2,945.0,932.2,941.0,16731,0
2009-02-16 00:00:00+00:00,940.1,943.8,935.7,941.2,3524,0
2009-02-17 00:00:00+00:00,940.9,973.3,939.6,968.7,5959,0
2009-02-18 00:00:00+00:00,968.4,986.8,960.9,983.1,6541,0
2009-02-19 00:00:00+00:00,983.7,985.8,968.5,973.2,6929,0
2009-02-20 00:00:00+00:00,972.4,1005.9,970.0,992.1,7750,0
2009-02-23 00:00:00+00:00,993.6,997.7,975.6,991.2,6149,0
2009-02-24 00:00:00+00:00,990.7,994.5,959.3,962.8,7957,0
2009-02-25 00:00:00+00:00,961.3,978.0,944.0,952.2,14036,0
2009-02-26 00:00:00+00:00,949.7,956.4,931.9,944.9,15591,0
2009-02-27 00:00:00+00:00,946.8,962.6,927.5,941.6,15717,0
2009-03-02 00:00:00+00:00,939.0,957.9,921.4,925.0,14540,0
2009-03-03 00:00:00+00:00,926.0,932.0,905.0,914.7,9065,0
2009-03-04 00:00:00+00:00,913.9,922.4,899.5,905.2,33622,0
2009-03-05 00:00:00+00:00,905.8,936.2,904.9,932.1,36188,0
2009-03-06 00:00:00+00:00,932.6,944.7,929.7,938.6,33024,0
2009-03-09 00:00:00+00:00,936.0,940.3,911.1,919.9,21440,0
2009-03-10 00:00:00+00:00,920.0,921.5,890.8,895.3,24016,0
2009-03-11 00:00:00+00:00,895.2,912.9,891.9,909.3,23522,0
2009-03-12 00:00:00+00:00,909.4,930.5,906.0,924.7,29475,0
2009-03-13 00:00:00+00:00,924.5,938.3,919.3,929.0,21368,0
2009-03-16 00:00:00+00:00,924.8,929.4,915.3,923.3,22665,0
2009-03-17 00:00:00+00:00,923.2,923.8,912.0,915.2,21070,0
2009-03-18 00:00:00+00:00,915.3,948.6,883.0,937.8,32455,0
2009-03-19 00:00:00+00:00,938.2,961.7,925.1,953.9,39853,0
2009-03-20 00:00:00+00:00,954.1,966.8,946.2,951.4,29865,0
2009-03-23 00:00:00+00:00,954.6,956.7,935.3,937.9,26667,0
2009-03-24 00:00:00+00:00,938.0,943.6,916.8,928.9,32019,0
2009-03-25 00:00:00+00:00,929.0,940.3,916.1,932.4,30448,0
2009-03-26 00:00:00+00:00,932.5,944.7,931.2,933.6,16500,0
2009-03-27 00:00:00+00:00,933.8,935.6,918.8,922.4,5197,0
2009-03-30 00:00:00+00:00,923.9,931.8,908.6,915.1,23086,0
2009-03-31 00:00:00+00:00,917.1,924.5,911.3,917.4,29437,0
2009-04-01 00:00:00+00:00,917.8,932.6,916.3,925.1,24858,0
2009-04-02 00:00:00+00:00,925.9,928.9,894.6,903.7,31164,0
2009-04-03 00:00:00+00:00,903.1,908.6,890.3,892.4,18329,0
2009-04-06 00:00:00+00:00,896.2,896.2,865.1,869.2,30041,0
2009-04-07 00:00:00+00:00,867.8,884.8,867.8,880.3,31785,0
2009-04-08 00:00:00+00:00,882.3,890.0,878.1,880.1,30095,0
2009-04-09 00:00:00+00:00,880.9,886.3,874.7,878.9,25906,0
2009-04-10 00:00:00+00:00,878.79,885.53,877.75,881.15,3266,0
2009-04-13 00:00:00+00:00,881.25,899.73,881.25,893.3,30252,0
2009-04-14 00:00:00+00:00,893.58,898.26,885.95,889.0,50872,0
2009-04-15 00:00:00+00:00,888.8,899.38,885.69,891.1,53714,0
2009-04-16 00:00:00+00:00,891.06,893.5,871.65,875.1,51519,0
2009-04-17 00:00:00+00:00,875.68,876.67,864.78,868.25,47588,0
2009-04-20 00:00:00+00:00,868.9,888.33,864.54,884.65,45084,0
2009-04-21 00:00:00+00:00,884.69,894.99,878.7,883.2,45289,0
2009-04-22 00:00:00+00:00,881.9,893.38,881.63,889.9,25414,0
2009-04-23 00:00:00+00:00,890.25,908.66,889.35,903.45,31405,0
2009-04-24 00:00:00+00:00,903.7,913.73,902.85,912.5,29891,0
2009-04-27 00:00:00+00:00,913.1,918.1,904.98,906.05,27659,0
2009-04-28 00:00:00+00:00,906.21,906.46,884.24,892.1,31643,0
2009-04-29 00:00:00+00:00,893.0,902.66,887.42,898.1,28595,0
2009-04-30 00:00:00+00:00,897.2,899.78,880.7,885.5,28535,0
2009-05-01 00:00:00+00:00,887.45,889.58,880.03,886.05,26398,0
2009-05-04 00:00:00+00:00,885.7,907.1,885.1,902.85,24617,0
2009-05-05 00:00:00+00:00,902.45,915.73,894.43,896.3,32093,0
2009-05-06 00:00:00+00:00,896.19,912.18,894.9,910.4,32640,0
2009-05-07 00:00:00+00:00,911.03,925.28,908.67,909.55,26104,0
2009-05-08 00:00:00+00:00,910.3,919.58,905.14,915.9,31236,0
2009-05-11 00:00:00+00:00,915.83,917.39,908.36,913.1,26900,0
2009-05-12 00:00:00+00:00,912.89,923.66,911.5,922.35,18607,0
2009-05-13 00:00:00+00:00,922.53,930.53,917.43,925.95,6517,0
2009-05-14 00:00:00+00:00,926.13,928.31,920.34,925.9,17713,0
2009-05-15 00:00:00+00:00,926.25,933.98,923.68,931.15,25760,0
2009-05-18 00:00:00+00:00,929.65,933.38,915.82,917.7,28560,0
2009-05-19 00:00:00+00:00,918.05,928.94,917.05,924.3,29764,0
2009-05-20 00:00:00+00:00,925.0,940.26,924.56,937.38,30542,0
2009-05-21 00:00:00+00:00,937.96,955.88,935.73,953.9,24520,0
2009-05-22 00:00:00+00:00,954.17,960.92,949.87,956.95,25007,0
2009-05-25 00:00:00+00:00,955.88,959.4,952.33,958.45,2149,0
2009-05-26 00:00:00+00:00,957.1,957.2,941.11,951.75,24471,0
2009-05-27 00:00:00+00:00,951.8,959.21,946.66,948.21,27544,0
2009-05-28 00:00:00+00:00,948.15,964.75,943.93,958.98,30272,0
2009-05-29 00:00:00+00:00,959.06,980.02,958.67,978.57,27268,0
2009-06-01 00:00:00+00:00,978.69,988.37,973.25,974.55,30772,0
2009-06-02 00:00:00+00:00,974.98,986.62,969.39,981.35,30932,0
2009-06-03 00:00:00+00:00,981.48,989.63,960.3,962.65,35225,0
2009-06-04 00:00:00+00:00,962.67,981.56,960.69,979.6,40649,0
2009-06-05 00:00:00+00:00,979.39,983.61,952.4,954.79,42713,0
2009-06-08 00:00:00+00:00,955.5,959.43,943.29,950.8,30431,0
2009-06-09 00:00:00+00:00,950.89,961.53,947.09,953.38,34106,0
2009-06-10 00:00:00+00:00,954.5,965.02,946.93,954.15,34960,0
2009-06-11 00:00:00+00:00,954.13,961.67,942.88,954.5,19324,0
2009-06-12 00:00:00+00:00,954.86,957.78,936.23,938.8,10108,0
2009-06-15 00:00:00+00:00,938.7,938.97,925.23,925.6,4383,0
2009-06-16 00:00:00+00:00,927.7,938.98,926.8,934.6,4189,0
2009-06-17 00:00:00+00:00,934.35,939.92,927.74,938.9,25898,0
2009-06-18 00:00:00+00:00,938.89,942.86,929.56,932.85,31069,0
2009-06-19 00:00:00+00:00,933.9,938.74,930.48,933.48,27692,0
2009-06-22 00:00:00+00:00,934.21,934.69,917.78,922.5,28096,0
2009-06-23 00:00:00+00:00,922.32,926.67,912.88,925.58,31915,0
2009-06-24 00:00:00+00:00,925.15,940.65,922.13,931.6,32623,0
2009-06-25 00:00:00+00:00,931.54,939.78,929.72,938.65,29847,0
2009-06-26 00:00:00+00:00,939.01,948.15,936.23,939.1,29519,0
2009-06-29 00:00:00+00:00,940.2,942.55,934.0,937.56,21788,0
2009-06-30 00:00:00+00:00,937.32,944.72,923.54,926.35,26877,0
2009-07-01 00:00:00+00:00,928.4,946.44,928.16,940.97,30844,0
2009-07-02 00:00:00+00:00,940.99,941.36,926.44,929.22,32780,0
2009-07-03 00:00:00+00:00,929.21,934.23,928.17,932.39,8981,0
2009-07-06 00:00:00+00:00,929.95,931.25,920.45,925.0,10540,0
2009-07-07 00:00:00+00:00,925.05,931.85,921.1,923.1,13488,0
2009-07-08 00:00:00+00:00,923.15,925.55,905.0,908.7,16527,0
2009-07-09 00:00:00+00:00,908.75,918.55,906.6,913.55,12438,0
2009-07-10 00:00:00+00:00,913.5,915.15,906.8,912.45,9394,0
2009-07-13 00:00:00+00:00,913.7,923.15,907.5,920.4,11650,0
2009-07-14 00:00:00+00:00,920.45,927.55,917.75,926.4,11271,0
2009-07-15 00:00:00+00:00,926.35,941.95,924.5,939.45,11570,0
2009-07-16 00:00:00+00:00,939.5,940.15,932.6,936.65,9478,0
2009-07-17 00:00:00+00:00,936.6,939.65,931.9,935.65,6782,0
2009-07-20 00:00:00+00:00,936.8,955.0,936.8,950.9,11817,0
2009-07-21 00:00:00+00:00,950.85,953.55,944.25,948.05,13127,0
2009-07-22 00:00:00+00:00,948.1,954.55,944.55,950.4,10812,0
2009-07-23 00:00:00+00:00,950.35,957.3,946.5,947.85,12892,0
2009-07-24 00:00:00+00:00,947.9,954.05,947.0,951.5,9015,0
2009-07-27 00:00:00+00:00,952.3,959.15,951.0,952.9,10505,0
2009-07-28 00:00:00+00:00,952.85,956.55,934.05,937.5,13626,0
2009-07-29 00:00:00+00:00,937.55,940.8,925.55,929.35,13944,0
2009-07-30 00:00:00+00:00,929.4,936.9,928.6,934.45,7828,0
2009-07-31 00:00:00+00:00,934.5,956.95,931.8,951.1,15206,0
2009-08-03 00:00:00+00:00,952.75,962.15,951.65,956.1,14781,0
2009-08-04 00:00:00+00:00,956.15,969.85,951.0,966.5,11500,0
2009-08-05 00:00:00+00:00,966.45,968.05,958.75,963.0,14725,0
2009-08-06 00:00:00+00:00,963.05,971.6,955.95,962.85,20539,0
2009-08-07 00:00:00+00:00,962.9,965.25,952.95,955.05,19930,0
2009-08-10 00:00:00+00:00,954.2,956.55,942.75,945.5,11677,0
2009-08-11 00:00:00+00:00,945.45,949.65,941.6,946.45,12951,0
2009-08-12 00:00:00+00:00,946.5,952.05,940.0,948.5,13002,0
2009-08-13 00:00:00+00:00,948.45,960.25,948.45,955.6,9263,0
2009-08-14 00:00:00+00:00,955.55,959.05,943.2,947.55,10822,0
2009-08-17 00:00:00+00:00,946.8,947.6,930.0,935.95,10137,0
2009-08-18 00:00:00+00:00,936.0,939.8,934.1,938.15,7506,0
2009-08-19 00:00:00+00:00,938.05,945.15,931.85,942.95,10566,0
2009-08-20 00:00:00+00:00,942.9,945.6,937.2,939.9,7431,0
2009-08-21 00:00:00+00:00,939.95,957.45,937.75,953.6,8453,0
2009-08-24 00:00:00+00:00,953.5,956.8,939.2,943.3,9627,0
2009-08-25 00:00:00+00:00,943.25,954.1,942.8,944.85,12396,0
2009-08-26 00:00:00+00:00,944.9,949.7,944.5,948.75,1554,0
2009-08-27 00:00:00+00:00,943.65,950.5,941.3,949.25,9124,0
2009-08-28 00:00:00+00:00,948.25,961.39,947.86,954.48,33650,0
2009-08-31 00:00:00+00:00,956.15,956.15,944.95,951.75,6018,0
2009-09-01 00:00:00+00:00,951.8,957.05,946.35,955.35,15591,0
2009-09-02 00:00:00+00:00,955.3,980.35,951.2,977.7,14217,0
2009-09-03 00:00:00+00:00,977.65,997.3,974.35,994.2,22020,0
2009-09-04 00:00:00+00:00,994.25,996.35,985.2,993.8,18909,0
2009-09-07 00:00:00+00:00,993.7,996.45,991.05,995.35,2707,0
2009-09-08 00:00:00+00:00,995.4,1007.55,992.4,998.95,16869,0
2009-09-09 00:00:00+00:00,999.0,1002.65,986.97,992.87,38767,0
2009-09-10 00:00:00+00:00,992.86,997.94,982.71,996.15,35982,0
2009-09-11 00:00:00+00:00,996.13,1011.53,994.14,1005.89,41973,0
2009-09-14 00:00:00+00:00,1005.61,1007.89,992.81,999.92,32985,0
2009-09-15 00:00:00+00:00,999.92,1009.12,992.01,1007.44,41245,0
2009-09-16 00:00:00+00:00,1007.56,1020.18,1005.76,1016.68,43960,0
2009-09-17 00:00:00+00:00,1016.7,1023.62,1009.99,1013.54,45327,0
2009-09-18 00:00:00+00:00,1013.54,1017.43,1005.78,1006.02,36037,0
2009-09-21 00:00:00+00:00,1001.2,1004.74,995.53,1002.81,30762,0
2009-09-22 00:00:00+00:00,1002.85,1019.33,1002.85,1014.71,35171,0
2009-09-23 00:00:00+00:00,1014.69,1018.21,1005.57,1008.2,39516,0
2009-09-24 00:00:00+00:00,1008.19,1018.75,989.87,993.13,44618,0
2009-09-25 00:00:00+00:00,993.12,998.72,984.64,988.91,39425,0
2009-09-28 00:00:00+00:00,993.84,996.19,985.62,991.25,35862,0
2009-09-29 00:00:00+00:00,991.27,995.4,984.77,992.2,42354,0
2009-09-30 00:00:00+00:00,992.21,1008.88,991.34,1007.55,40251,0
2009-10-01 00:00:00+00:00,1007.22,1009.59,997.7,999.12,29882,0
2009-10-02 00:00:00+00:00,998.0,1007.28,986.55,1002.4,36136,0
2009-10-05 00:00:00+00:00,1001.85,1017.5,1000.56,1016.07,36116,0
2009-10-06 00:00:00+00:00,1016.09,1043.46,1015.1,1040.03,43050,0
2009-10-07 00:00:00+00:00,1040.0,1048.09,1036.43,1045.64,46790,0
2009-10-08 00:00:00+00:00,1045.67,1061.36,1042.71,1053.22,48791,0
2009-10-09 00:00:00+00:00,1053.21,1053.21,1043.64,1048.03,40078,0
2009-10-12 00:00:00+00:00,1052.36,1058.9,1047.08,1056.03,28541,0
2009-10-13 00:00:00+00:00,1056.03,1068.45,1050.96,1064.79,44093,0
2009-10-14 00:00:00+00:00,1064.79,1070.29,1055.86,1063.17,44179,0
2009-10-15 00:00:00+00:00,1063.16,1065.61,1046.33,1051.02,44593,0
2009-10-16 00:00:00+00:00,1051.05,1056.75,1042.8,1052.14,42989,0
2009-10-19 00:00:00+00:00,1055.06,1065.39,1047.74,1064.25,34133,0
2009-10-20 00:00:00+00:00,1064.28,1067.65,1051.7,1055.63,41160,0
2009-10-21 00:00:00+00:00,1055.6,1064.68,1047.65,1058.49,48202,0
2009-10-22 00:00:00+00:00,1058.47,1061.41,1051.42,1061.2,44363,0
2009-10-23 00:00:00+00:00,1061.19,1067.64,1049.78,1055.0,47908,0
2009-10-26 00:00:00+00:00,1053.51,1059.78,1036.9,1039.1,42868,0
2009-10-27 00:00:00+00:00,1039.17,1043.58,1032.33,1040.15,45376,0
2009-10-28 00:00:00+00:00,1040.21,1041.71,1026.52,1030.06,47644,0
2009-10-29 00:00:00+00:00,1029.99,1047.56,1028.72,1046.29,41278,0
2009-10-30 00:00:00+00:00,1046.13,1048.95,1034.98,1045.04,38888,0
2009-11-02 00:00:00+00:00,1042.77,1062.62,1042.73,1062.05,43686,0
2009-11-03 00:00:00+00:00,1062.19,1087.79,1055.22,1082.39,49718,0
2009-11-04 00:00:00+00:00,1082.3,1097.34,1079.92,1092.22,42429,0
2009-11-05 00:00:00+00:00,1092.21,1093.97,1083.93,1090.03,37656,0
2009-11-06 00:00:00+00:00,1089.71,1101.02,1086.07,1095.28,42778,0
2009-11-09 00:00:00+00:00,1097.27,1110.98,1095.53,1104.44,37273,0
2009-11-10 00:00:00+00:00,1104.43,1109.06,1096.9,1106.17,40963,0
2009-11-11 00:00:00+00:00,1106.37,1118.51,1105.56,1116.22,37274,0
2009-11-12 00:00:00+00:00,1116.17,1122.78,1102.51,1104.76,44943,0
2009-11-13 00:00:00+00:00,1104.71,1119.05,1101.12,1118.72,39461,0
2009-11-16 00:00:00+00:00,1124.29,1143.14,1122.93,1137.36,56911,0
2009-11-17 00:00:00+00:00,1137.27,1143.95,1127.87,1140.82,51901,0
2009-11-18 00:00:00+00:00,1140.45,1152.89,1135.83,1142.88,47378,0
2009-11-19 00:00:00+00:00,1142.8,1145.78,1129.88,1143.43,42267,0
2009-11-20 00:00:00+00:00,1143.41,1150.85,1132.95,1150.59,27350,0
2009-11-23 00:00:00+00:00,1157.58,1173.7,1156.85,1161.56,42798,0
2009-11-24 00:00:00+00:00,1161.41,1171.12,1157.78,1167.41,48842,0
2009-11-25 00:00:00+00:00,1167.41,1192.66,1166.63,1188.46,41796,0
2009-11-26 00:00:00+00:00,1188.25,1194.98,1180.34,1186.24,24612,0
2009-11-27 00:00:00+00:00,1186.23,1191.35,1137.18,1176.94,57772,0
2009-11-30 00:00:00+00:00,1170.61,1181.58,1164.04,1179.36,34678,0
2009-12-01 00:00:00+00:00,1179.33,1201.39,1175.43,1196.65,48154,0
2009-12-02 00:00:00+00:00,1196.68,1220.1,1196.31,1220.1,52057,0
2009-12-03 00:00:00+00:00,1220.27,1226.21,1204.23,1206.0,62353,0
2009-12-04 00:00:00+00:00,1206.16,1212.15,1147.51,1160.06,59244,0
2009-12-07 00:00:00+00:00,1157.58,1164.98,1135.26,1158.93,69002,0
2009-12-08 00:00:00+00:00,1159.04,1168.52,1124.66,1130.67,50369,0
2009-12-09 00:00:00+00:00,1130.69,1146.94,1115.94,1133.34,68647,0
2009-12-10 00:00:00+00:00,1133.13,1136.69,1120.93,1132.66,61082,0
2009-12-11 00:00:00+00:00,1132.86,1141.99,1109.06,1115.28,64956,0
2009-12-14 00:00:00+00:00,1113.46,1127.74,1113.46,1127.44,43377,0
2009-12-15 00:00:00+00:00,1127.39,1128.73,1110.96,1124.22,51185,0
2009-12-16 00:00:00+00:00,1124.27,1141.12,1121.33,1139.86,49786,0
2009-12-17 00:00:00+00:00,1139.88,1141.55,1094.53,1103.61,61023,0
2009-12-18 00:00:00+00:00,1103.69,1116.8,1096.52,1111.68,57987,0
2009-12-21 00:00:00+00:00,1114.0,1118.02,1090.01,1096.21,52224,0
2009-12-22 00:00:00+00:00,1096.16,1097.2,1074.33,1085.24,51634,0
2009-12-23 00:00:00+00:00,1085.22,1095.76,1079.25,1091.59,45200,0
2009-12-24 00:00:00+00:00,1091.62,1105.68,1090.47,1102.34,16462,0
2009-12-28 00:00:00+00:00,1106.92,1113.7,1101.55,1105.08,24070,0
2009-12-29 00:00:00+00:00,1105.08,1108.12,1090.99,1092.99,41419,0
2009-12-30 00:00:00+00:00,1093.07,1096.17,1085.73,1093.26,41020,0
2009-12-31 00:00:00+00:00,1093.28,1106.72,1093.26,1097.65,19949,0
2010-01-04 00:00:00+00:00,1095.87,1123.64,1093.15,1120.83,47104,0
2010-01-05 00:00:00+00:00,1120.94,1128.31,1115.02,1118.7,45133,0
2010-01-06 00:00:00+00:00,1118.78,1140.17,1117.2,1136.04,52502,0
2010-01-07 00:00:00+00:00,1135.9,1138.63,1127.08,1127.08,48482,0
2010-01-08 00:00:00+00:00,1127.11,1139.43,1119.58,1135.91,56950,0
2010-01-11 00:00:00+00:00,1153.76,1161.62,1148.36,1149.65,47430,0
2010-01-12 00:00:00+00:00,1149.54,1157.88,1124.81,1130.14,51273,0
2010-01-13 00:00:00+00:00,1130.11,1139.53,1118.31,1138.21,56184,0
2010-01-14 00:00:00+00:00,1138.35,1145.92,1130.62,1143.13,56584,0
2010-01-15 00:00:00+00:00,1143.09,1145.51,1126.57,1131.19,49144,0
2010-01-18 00:00:00+00:00,1132.49,1137.15,1129.26,1135.71,19117,0
2010-01-19 00:00:00+00:00,1135.7,1140.52,1128.76,1138.16,33173,0
2010-01-20 00:00:00+00:00,1138.4,1141.36,1107.02,1115.26,46883,0
2010-01-21 00:00:00+00:00,1114.92,1117.42,1088.34,1094.69,52756,0
2010-01-22 00:00:00+00:00,1094.74,1098.62,1082.1,1093.35,47626,0
2010-01-25 00:00:00+00:00,1094.93,1103.95,1092.66,1100.1,43061,0
2010-01-26 00:00:00+00:00,1100.29,1103.33,1085.56,1099.66,41999,0
2010-01-27 00:00:00+00:00,1099.43,1102.18,1083.42,1088.13,29661,0
2010-01-28 00:00:00+00:00,1084.57,1095.99,1073.96,1085.65,43959,0
2010-01-29 00:00:00+00:00,1085.66,1090.2,1074.48,1081.71,48803,0
2010-02-01 00:00:00+00:00,1083.26,1107.46,1076.43,1103.92,39905,0
2010-02-02 00:00:00+00:00,1103.89,1117.87,1098.96,1115.02,38842,0
2010-02-03 00:00:00+00:00,1115.1,1124.86,1107.03,1108.81,41319,0
2010-02-04 00:00:00+00:00,1108.57,1110.83,1059.59,1064.41,45996,0
2010-02-05 00:00:00+00:00,1064.35,1068.54,1044.02,1067.27,53918,0
2010-02-08 00:00:00+00:00,1065.48,1073.67,1061.6,1062.96,44579,0
2010-02-09 00:00:00+00:00,1062.95,1083.02,1062.51,1078.0,48925,0
2010-02-10 00:00:00+00:00,1077.98,1082.21,1063.23,1074.26,46594,0
2010-02-11 00:00:00+00:00,1074.28,1097.58,1072.35,1092.83,48924,0
2010-02-12 00:00:00+00:00,1092.78,1093.16,1077.66,1092.25,43420,0
2010-02-15 00:00:00+00:00,1093.87,1102.04,1093.72,1099.01,12446,0
2010-02-16 00:00:00+00:00,1099.05,1120.96,1098.04,1118.03,38253,0
2010-02-17 00:00:00+00:00,1118.13,1126.95,1104.89,1105.48,28872,0
2010-02-18 00:00:00+00:00,1105.54,1123.98,1097.79,1101.12,33140,0
2010-02-19 00:00:00+00:00,1100.95,1126.63,1099.36,1117.7,39995,0
2010-02-22 00:00:00+00:00,1125.52,1130.64,1109.81,1113.91,35196,0
2010-02-23 00:00:00+00:00,1113.97,1121.04,1099.19,1105.45,38325,0
2010-02-24 00:00:00+00:00,1105.48,1108.02,1090.1,1100.3,37370,0
2010-02-25 00:00:00+00:00,1100.28,1109.13,1088.22,1105.04,44477,0
2010-02-26 00:00:00+00:00,1105.08,1118.88,1104.49,1116.76,37390,0
2010-03-01 00:00:00+00:00,1121.12,1122.71,1111.91,1117.82,30502,0
2010-03-02 00:00:00+00:00,1117.62,1137.66,1114.79,1134.16,39511,0
2010-03-03 00:00:00+00:00,1134.21,1144.9,1132.24,1140.36,38298,0
2010-03-04 00:00:00+00:00,1140.36,1141.38,1125.83,1132.48,37897,0
2010-03-05 00:00:00+00:00,1132.27,1140.54,1127.32,1131.71,31909,0
2010-03-08 00:00:00+00:00,1134.58,1137.59,1118.38,1123.03,31158,0
2010-03-09 00:00:00+00:00,1123.07,1124.42,1108.54,1122.7,33132,0
2010-03-10 00:00:00+00:00,1122.74,1127.89,1103.46,1108.67,35267,0
2010-03-11 00:00:00+00:00,1108.66,1111.67,1100.52,1110.52,33633,0
2010-03-12 00:00:00+00:00,1110.65,1119.2,1097.78,1102.53,33876,0
2010-03-15 00:00:00+00:00,1104.66,1110.25,1101.22,1108.82,26498,0
2010-03-16 00:00:00+00:00,1108.79,1128.53,1108.38,1126.7,30146,0
2010-03-17 00:00:00+00:00,1126.69,1133.2,1118.4,1122.12,31155,0
2010-03-18 00:00:00+00:00,1122.14,1129.17,1118.16,1125.74,25263,0
2010-03-19 00:00:00+00:00,1125.76,1126.91,1101.15,1106.51,30550,0
2010-03-22 00:00:00+00:00,1104.27,1108.67,1092.42,1105.46,29731,0
2010-03-23 00:00:00+00:00,1105.51,1107.95,1094.27,1103.38,26318,0
2010-03-24 00:00:00+00:00,1103.39,1105.01,1085.12,1086.73,37534,0
2010-03-25 00:00:00+00:00,1086.67,1095.71,1086.49,1089.94,31641,0
2010-03-26 00:00:00+00:00,1089.98,1109.43,1089.27,1106.78,28396,0
2010-03-29 00:00:00+00:00,1109.85,1114.53,1103.42,1109.9,22618,0
2010-03-30 00:00:00+00:00,1109.88,1113.24,1101.57,1102.95,21359,0
2010-03-31 00:00:00+00:00,1102.94,1118.1,1102.8,1113.54,23313,0
2010-04-01 00:00:00+00:00,1113.53,1127.92,1111.54,1125.96,23291,0
2010-04-02 00:00:00+00:00,1125.97,1126.7,1118.18,1120.42,4328,0
2010-04-05 00:00:00+00:00,1125.38,1133.24,1123.13,1132.55,19614,0
2010-04-06 00:00:00+00:00,1132.56,1138.57,1122.82,1135.04,27551,0
2010-04-07 00:00:00+00:00,1135.03,1152.82,1132.5,1149.94,26885,0
2010-04-08 00:00:00+00:00,1149.97,1153.54,1143.63,1150.28,25815,0
2010-04-09 00:00:00+00:00,1150.26,1164.09,1149.55,1160.38,22131,0
2010-04-12 00:00:00+00:00,1165.92,1169.37,1154.34,1155.63,28955,0
2010-04-13 00:00:00+00:00,1155.62,1156.82,1145.08,1151.65,22811,0
2010-04-14 00:00:00+00:00,1151.67,1161.56,1150.29,1155.25,23854,0
2010-04-15 00:00:00+00:00,1155.22,1161.28,1150.43,1160.07,23117,0
2010-04-16 00:00:00+00:00,1160.09,1160.38,1129.91,1136.22,27229,0
2010-04-19 00:00:00+00:00,1134.17,1137.74,1123.76,1135.85,26740,0
2010-04-20 00:00:00+00:00,1135.83,1145.65,1133.43,1140.16,22695,0
2010-04-21 00:00:00+00:00,1140.19,1149.99,1137.92,1146.0,24067,0
2010-04-22 00:00:00+00:00,1145.97,1149.31,1131.81,1141.43,26947,0
2010-04-23 00:00:00+00:00,1141.42,1156.66,1135.21,1155.68,23886,0
2010-04-26 00:00:00+00:00,1156.97,1159.77,1150.99,1154.03,22681,0
2010-04-27 00:00:00+00:00,1154.01,1172.24,1146.5,1166.58,27596,0
2010-04-28 00:00:00+00:00,1166.59,1173.81,1160.63,1165.42,29117,0
2010-04-29 00:00:00+00:00,1165.46,1171.11,1162.18,1169.23,25151,0
2010-04-30 00:00:00+00:00,1169.27,1181.3,1167.86,1178.22,24703,0
2010-05-03 00:00:00+00:00,1176.57,1187.59,1176.49,1183.83,20479,0
2010-05-04 00:00:00+00:00,1183.82,1192.05,1167.1,1172.66,29122,0
2010-05-05 00:00:00+00:00,1172.67,1177.6,1157.7,1176.35,31100,0
2010-05-06 00:00:00+00:00,1176.34,1210.74,1172.49,1204.88,36971,0
2010-05-07 00:00:00+00:00,1204.85,1212.7,1192.84,1207.49,31345,0
2010-05-10 00:00:00+00:00,1199.71,1205.23,1183.96,1202.14,51401,0
2010-05-11 00:00:00+00:00,1202.15,1234.18,1200.95,1230.94,49566,0
2010-05-12 00:00:00+00:00,1230.93,1248.24,1226.69,1238.92,53944,0
2010-05-13 00:00:00+00:00,1238.94,1242.85,1226.99,1235.17,44022,0
2010-05-14 00:00:00+00:00,1235.17,1249.28,1217.37,1229.96,57593,0
2010-05-17 00:00:00+00:00,1233.0,1242.17,1219.14,1224.27,44596,0
2010-05-18 00:00:00+00:00,1224.26,1228.88,1206.77,1224.31,47190,0
2010-05-19 00:00:00+00:00,1224.35,1227.63,1186.67,1193.48,62377,0
2010-05-20 00:00:00+00:00,1193.48,1198.0,1174.86,1182.88,63672,0
2010-05-21 00:00:00+00:00,1182.85,1187.66,1166.48,1177.26,57918,0
2010-05-24 00:00:00+00:00,1181.05,1196.56,1179.64,1190.58,39697,0
2010-05-25 00:00:00+00:00,1190.59,1203.95,1185.43,1202.01,46127,0
2010-05-26 00:00:00+00:00,1201.99,1216.47,1200.88,1213.74,36815,0
2010-05-27 00:00:00+00:00,1213.71,1218.26,1205.65,1211.77,35381,0
2010-05-28 00:00:00+00:00,1211.78,1215.31,1202.05,1213.76,31531,0
2010-05-31 00:00:00+00:00,1213.42,1217.75,1209.27,1215.36,10464,0
2010-06-01 00:00:00+00:00,1215.38,1228.62,1214.76,1225.98,33340,0
2010-06-02 00:00:00+00:00,1225.99,1226.92,1213.43,1223.67,33928,0
2010-06-03 00:00:00+00:00,1223.66,1224.43,1201.11,1206.47,29948,0
2010-06-04 00:00:00+00:00,1206.45,1219.61,1196.65,1217.48,45506,0
2010-06-07 00:00:00+00:00,1219.95,1243.94,1210.32,1239.14,44065,0
2010-06-08 00:00:00+00:00,1239.12,1251.65,1233.42,1236.73,43290,0
2010-06-09 00:00:00+00:00,1236.76,1240.83,1221.5,1230.95,33243,0
2010-06-10 00:00:00+00:00,1230.97,1233.86,1214.7,1218.27,36057,0
2010-06-11 00:00:00+00:00,1218.3,1230.43,1216.57,1226.44,29598,0
2010-06-14 00:00:00+00:00,1229.9,1233.96,1216.32,1222.05,22019,0
2010-06-15 00:00:00+00:00,1222.04,1236.47,1219.87,1234.1,21015,0
2010-06-16 00:00:00+00:00,1234.11,1237.7,1227.03,1231.1,19362,0
2010-06-17 00:00:00+00:00,1231.08,1250.97,1229.96,1244.79,19489,0
2010-06-18 00:00:00+00:00,1244.79,1262.2,1241.75,1255.39,18627,0
2010-06-21 00:00:00+00:00,1259.59,1265.08,1230.67,1234.57,24897,0
2010-06-22 00:00:00+00:00,1234.58,1242.52,1232.13,1240.61,22710,0
2010-06-23 00:00:00+00:00,1240.6,1246.34,1224.83,1237.65,22616,0
2010-06-24 00:00:00+00:00,1237.65,1248.08,1228.01,1241.67,23827,0
2010-06-25 00:00:00+00:00,1241.69,1258.03,1241.5,1253.77,16897,0
2010-06-28 00:00:00+00:00,1254.8,1262.53,1235.63,1239.99,21588,0
2010-06-29 00:00:00+00:00,1239.97,1244.87,1227.25,1241.46,21255,0
2010-06-30 00:00:00+00:00,1241.48,1247.38,1234.64,1242.78,20995,0
2010-07-01 00:00:00+00:00,1242.76,1243.72,1196.54,1202.44,31949,0
2010-07-02 00:00:00+00:00,1202.42,1213.3,1200.67,1210.42,27178,0
2010-07-05 00:00:00+00:00,1210.95,1214.38,1205.96,1207.32,10584,0
2010-07-06 00:00:00+00:00,1207.33,1213.46,1189.38,1194.21,23047,0
2010-07-07 00:00:00+00:00,1194.18,1203.69,1185.06,1203.31,22440,0
2010-07-08 00:00:00+00:00,1203.31,1207.76,1187.4,1196.8,21008,0
2010-07-09 00:00:00+00:00,1196.81,1213.6,1194.39,1209.71,19681,0
2010-07-12 00:00:00+00:00,1210.71,1212.04,1196.27,1196.84,19159,0
2010-07-13 00:00:00+00:00,1196.84,1217.78,1196.8,1212.41,17816,0
2010-07-14 00:00:00+00:00,1212.43,1217.88,1202.76,1209.16,18395,0
2010-07-15 00:00:00+00:00,1209.17,1217.14,1203.87,1208.87,21399,0
2010-07-16 00:00:00+00:00,1208.88,1210.73,1186.06,1192.82,21292,0
2010-07-19 00:00:00+00:00,1193.27,1194.86,1177.56,1183.98,28719,0
2010-07-20 00:00:00+00:00,1183.97,1193.51,1175.58,1190.64,31157,0
2010-07-21 00:00:00+00:00,1190.62,1197.81,1183.51,1185.23,28494,0
2010-07-22 00:00:00+00:00,1185.21,1200.87,1181.25,1196.59,28749,0
2010-07-23 00:00:00+00:00,1196.54,1203.86,1184.76,1187.06,30858,0
2010-07-26 00:00:00+00:00,1189.39,1194.31,1179.68,1184.21,29106,0
2010-07-27 00:00:00+00:00,1184.21,1187.05,1158.0,1161.25,27646,0
2010-07-28 00:00:00+00:00,1161.25,1165.71,1156.82,1163.69,24385,0
2010-07-29 00:00:00+00:00,1163.77,1169.36,1159.31,1166.98,25061,0
2010-07-30 00:00:00+00:00,1166.99,1183.34,1165.77,1180.84,25073,0
2010-08-02 00:00:00+00:00,1181.23,1190.15,1174.59,1181.26,22197,0
2010-08-03 00:00:00+00:00,1181.27,1190.34,1179.36,1187.92,23535,0
2010-08-04 00:00:00+00:00,1187.89,1202.71,1187.56,1195.97,24757,0
2010-08-05 00:00:00+00:00,1195.95,1199.8,1189.87,1195.35,19819,0
2010-08-06 00:00:00+00:00,1195.36,1210.78,1192.31,1205.25,21772,0
2010-08-09 00:00:00+00:00,1205.59,1209.62,1199.06,1201.32,18052,0
2010-08-10 00:00:00+00:00,1201.34,1207.0,1190.68,1203.58,23062,0
2010-08-11 00:00:00+00:00,1203.58,1207.82,1192.41,1200.27,27065,0
2010-08-12 00:00:00+00:00,1200.29,1215.47,1197.53,1214.21,23780,0
2010-08-13 00:00:00+00:00,1214.23,1217.4,1210.25,1215.11,21312,0
2010-08-16 00:00:00+00:00,1214.91,1227.36,1214.64,1225.06,19927,0
2010-08-17 00:00:00+00:00,1225.07,1228.81,1222.43,1224.41,19183,0
2010-08-18 00:00:00+00:00,1224.37,1232.17,1217.33,1230.66,21841,0
2010-08-19 00:00:00+00:00,1230.67,1237.24,1227.85,1231.31,24330,0
2010-08-20 00:00:00+00:00,1231.33,1232.91,1222.19,1227.26,20068,0
2010-08-23 00:00:00+00:00,1228.71,1231.63,1221.65,1225.23,19878,0
2010-08-24 00:00:00+00:00,1225.24,1235.25,1209.96,1230.69,21295,0
2010-08-25 00:00:00+00:00,1230.71,1241.19,1229.04,1239.13,27689,0
2010-08-26 00:00:00+00:00,1239.16,1244.17,1233.71,1233.78,24341,0
2010-08-27 00:00:00+00:00,1233.76,1242.17,1231.9,1238.01,24530,0
2010-08-30 00:00:00+00:00,1237.41,1238.37,1233.31,1236.81,13149,0
2010-08-31 00:00:00+00:00,1236.76,1249.71,1231.59,1247.41,23738,0
2010-09-01 00:00:00+00:00,1247.45,1254.62,1242.24,1244.3,24524,0
2010-09-02 00:00:00+00:00,1244.31,1252.9,1243.62,1250.56,23091,0
2010-09-03 00:00:00+00:00,1250.6,1253.69,1238.02,1246.99,15008,0
2010-09-06 00:00:00+00:00,1248.56,1250.6,1246.73,1250.45,9028,0
2010-09-07 00:00:00+00:00,1250.45,1259.48,1244.72,1255.21,20420,0
2010-09-08 00:00:00+00:00,1255.21,1262.21,1253.44,1256.07,24737,0
2010-09-09 00:00:00+00:00,1256.09,1258.68,1242.18,1245.15,24788,0
2010-09-10 00:00:00+00:00,1245.06,1251.18,1236.7,1245.92,22368,0
2010-09-13 00:00:00+00:00,1245.13,1249.07,1241.0,1246.13,20233,0
2010-09-14 00:00:00+00:00,1246.15,1274.55,1246.15,1269.03,26917,0
2010-09-15 00:00:00+00:00,1269.0,1271.78,1263.17,1267.37,25913,0
2010-09-16 00:00:00+00:00,1267.41,1277.67,1264.86,1274.06,25583,0
2010-09-17 00:00:00+00:00,1274.07,1282.66,1271.78,1274.46,23457,0
2010-09-20 00:00:00+00:00,1277.01,1283.52,1274.37,1278.02,20832,0
2010-09-21 00:00:00+00:00,1278.02,1290.31,1271.09,1288.27,26616,0
2010-09-22 00:00:00+00:00,1288.27,1296.16,1286.24,1291.41,29655,0
2010-09-23 00:00:00+00:00,1291.43,1295.77,1286.89,1294.35,22777,0
2010-09-24 00:00:00+00:00,1294.35,1299.78,1291.56,1295.81,24691,0
2010-09-27 00:00:00+00:00,1295.57,1299.74,1292.61,1294.92,16877,0
2010-09-28 00:00:00+00:00,1294.88,1310.01,1283.35,1309.64,27057,0
2010-09-29 00:00:00+00:00,1309.63,1313.17,1305.62,1308.76,12660,0
2010-09-30 00:00:00+00:00,1308.72,1315.75,1295.95,1306.7,15940,0
2010-10-01 00:00:00+00:00,1306.68,1320.51,1306.36,1319.09,11350,0
2010-10-04 00:00:00+00:00,1319.65,1319.72,1312.35,1312.97,11494,0
2010-10-05 00:00:00+00:00,1312.97,1341.6,1312.92,1340.68,19227,0
2010-10-06 00:00:00+00:00,1340.7,1349.7,1339.07,1347.76,16319,0
2010-10-07 00:00:00+00:00,1347.8,1364.73,1325.78,1336.62,27402,0
2010-10-08 00:00:00+00:00,1336.5,1349.63,1325.1,1347.29,26030,0
2010-10-11 00:00:00+00:00,1352.58,1354.89,1340.39,1354.37,16257,0
2010-10-12 00:00:00+00:00,1354.38,1354.38,1340.76,1352.2,22055,0
2010-10-13 00:00:00+00:00,1352.17,1374.17,1350.72,1373.31,18425,0
2010-10-14 00:00:00+00:00,1373.32,1386.97,1370.44,1381.58,21604,0
2010-10-15 00:00:00+00:00,1381.59,1385.29,1362.41,1368.48,22753,0
2010-10-18 00:00:00+00:00,1367.24,1374.83,1352.95,1369.61,17163,0
2010-10-19 00:00:00+00:00,1369.61,1370.95,1328.32,1333.48,22073,0
2010-10-20 00:00:00+00:00,1333.53,1347.7,1330.6,1347.7,20267,0
2010-10-21 00:00:00+00:00,1347.75,1348.98,1318.01,1323.43,22682,0
2010-10-22 00:00:00+00:00,1323.48,1328.51,1315.32,1327.7,17676,0
2010-10-25 00:00:00+00:00,1331.75,1349.08,1331.41,1340.67,21186,0
2010-10-26 00:00:00+00:00,1340.68,1343.55,1328.15,1339.69,17669,0
2010-10-27 00:00:00+00:00,1340.38,1343.5,1319.2,1325.22,21792,0
2010-10-28 00:00:00+00:00,1325.2,1345.67,1323.07,1342.48,19617,0
2010-10-29 00:00:00+00:00,1342.41,1359.38,1335.42,1357.66,21243,0
2010-11-01 00:00:00+00:00,1360.22,1365.48,1349.18,1354.12,15635,0
2010-11-02 00:00:00+00:00,1354.14,1359.85,1350.5,1356.34,16600,0
2010-11-03 00:00:00+00:00,1356.22,1364.6,1325.58,1348.65,24248,0
2010-11-04 00:00:00+00:00,1348.83,1394.18,1348.83,1387.09,22882,0
2010-11-05 00:00:00+00:00,1387.15,1398.15,1373.71,1395.4,24950,0
2010-11-08 00:00:00+00:00,1396.04,1410.48,1387.1,1405.57,25218,0
2010-11-09 00:00:00+00:00,1405.64,1424.44,1382.75,1396.38,35053,0
2010-11-10 00:00:00+00:00,1396.3,1410.09,1384.11,1401.56,31817,0
2010-11-11 00:00:00+00:00,1401.54,1417.66,1397.25,1407.02,30489,0
2010-11-12 00:00:00+00:00,1407.0,1407.33,1359.99,1368.31,42726,0
2010-11-15 00:00:00+00:00,1367.33,1376.59,1355.86,1357.66,24200,0
2010-11-16 00:00:00+00:00,1357.95,1364.47,1329.63,1339.67,28900,0
2010-11-17 00:00:00+00:00,1339.42,1344.63,1330.92,1341.34,24226,0
2010-11-18 00:00:00+00:00,1341.43,1362.95,1340.69,1362.76,25851,0
2010-11-19 00:00:00+00:00,1362.37,1362.37,1341.58,1353.14,21699,0
2010-11-22 00:00:00+00:00,1358.91,1367.6,1348.34,1364.6,23343,0
2010-11-23 00:00:00+00:00,1364.27,1382.22,1356.19,1371.64,25838,0
2010-11-24 00:00:00+00:00,1371.71,1381.27,1369.22,1373.94,21685,0
2010-11-25 00:00:00+00:00,1373.87,1374.85,1367.95,1372.1,9821,0
2010-11-26 00:00:00+00:00,1372.33,1374.19,1350.93,1363.28,16386,0
2010-11-29 00:00:00+00:00,1357.25,1369.12,1353.2,1365.69,25042,0
2010-11-30 00:00:00+00:00,1365.74,1389.65,1362.75,1383.66,23170,0
2010-12-01 00:00:00+00:00,1383.66,1396.67,1381.87,1387.81,24698,0
2010-12-02 00:00:00+00:00,1387.87,1398.29,1383.02,1386.52,24593,0
2010-12-03 00:00:00+00:00,1386.55,1415.36,1385.51,1413.66,21065,0
2010-12-06 00:00:00+00:00,1410.31,1427.13,1408.96,1421.12,22064,0
2010-12-07 00:00:00+00:00,1421.19,1430.85,1396.51,1400.23,24295,0
2010-12-08 00:00:00+00:00,1400.39,1403.19,1371.2,1384.06,25228,0
2010-12-09 00:00:00+00:00,1383.96,1394.22,1380.65,1386.49,23553,0
2010-12-10 00:00:00+00:00,1386.65,1391.96,1372.18,1385.71,20546,0
2010-12-13 00:00:00+00:00,1380.61,1399.0,1380.12,1395.93,20454,0
2010-12-14 00:00:00+00:00,1395.95,1407.8,1391.82,1396.37,23972,0
2010-12-15 00:00:00+00:00,1396.13,1396.89,1378.44,1379.98,22079,0
2010-12-16 00:00:00+00:00,1379.99,1386.17,1361.11,1370.51,20285,0
2010-12-17 00:00:00+00:00,1370.51,1378.61,1364.71,1375.08,21037,0
2010-12-20 00:00:00+00:00,1381.34,1387.82,1375.99,1385.38,18093,0
2010-12-21 00:00:00+00:00,1385.38,1391.91,1380.75,1386.24,15598,0
2010-12-22 00:00:00+00:00,1386.34,1390.79,1382.96,1386.67,13903,0
2010-12-23 00:00:00+00:00,1386.65,1388.12,1371.93,1378.44,12348,0
2010-12-24 00:00:00+00:00,1378.46,1385.01,1378.46,1383.18,126,0
2010-12-27 00:00:00+00:00,1372.77,1386.33,1372.52,1384.71,9817,0
2010-12-28 00:00:00+00:00,1384.73,1406.63,1384.33,1404.94,16316,0
2010-12-29 00:00:00+00:00,1404.95,1413.9,1401.07,1410.86,13149,0
2010-12-30 00:00:00+00:00,1410.91,1414.64,1403.05,1405.74,12732,0
2010-12-31 00:00:00+00:00,1405.73,1419.13,1405.73,1417.65,7021,0
2011-01-03 00:00:00+00:00,1416.92,1423.71,1412.76,1414.63,15071,0
2011-01-04 00:00:00+00:00,1414.72,1417.09,1374.75,1383.78,20279,0
2011-01-05 00:00:00+00:00,1383.85,1384.65,1363.81,1375.62,20786,0
2011-01-06 00:00:00+00:00,1375.57,1379.62,1364.55,1370.6,19130,0
2011-01-07 00:00:00+00:00,1370.52,1378.66,1352.81,1369.05,21989,0
2011-01-10 00:00:00+00:00,1370.32,1375.9,1365.36,1374.89,16871,0
2011-01-11 00:00:00+00:00,1375.05,1386.58,1373.13,1381.74,18248,0
2011-01-12 00:00:00+00:00,1381.79,1388.69,1376.55,1386.33,19360,0
2011-01-13 00:00:00+00:00,1386.28,1392.92,1369.51,1375.85,19387,0
2011-01-14 00:00:00+00:00,1375.85,1377.8,1354.99,1361.75,20714,0
2011-01-17 00:00:00+00:00,1363.85,1365.61,1357.24,1360.74,11679,0
2011-01-18 00:00:00+00:00,1360.83,1376.06,1360.83,1368.14,18368,0
2011-01-19 00:00:00+00:00,1368.18,1378.97,1367.03,1369.26,18914,0
2011-01-20 00:00:00+00:00,1369.36,1371.03,1343.36,1347.79,21341,0
2011-01-21 00:00:00+00:00,1347.82,1350.08,1337.78,1342.37,19758,0
2011-01-24 00:00:00+00:00,1345.08,1352.87,1332.37,1337.78,18594,0
2011-01-25 00:00:00+00:00,1337.69,1338.38,1322.66,1331.13,21327,0
2011-01-26 00:00:00+00:00,1331.09,1346.52,1324.98,1343.26,19045,0
2011-01-27 00:00:00+00:00,1343.57,1347.71,1310.24,1314.89,20249,0
2011-01-28 00:00:00+00:00,1314.82,1346.9,1308.13,1336.56,25069,0
2011-01-31 00:00:00+00:00,1344.55,1345.57,1323.02,1332.43,23097,0
2011-02-01 00:00:00+00:00,1332.44,1343.46,1325.37,1341.93,20064,0
2011-02-02 00:00:00+00:00,1341.94,1342.8,1326.66,1334.71,20446,0
2011-02-03 00:00:00+00:00,1334.63,1355.82,1324.8,1351.92,20076,0
2011-02-04 00:00:00+00:00,1351.94,1358.13,1345.11,1348.56,18709,0
2011-02-07 00:00:00+00:00,1344.77,1353.07,1344.77,1350.7,14682,0
2011-02-08 00:00:00+00:00,1350.57,1367.79,1348.44,1362.29,16777,0
2011-02-09 00:00:00+00:00,1362.27,1366.85,1358.05,1363.83,16745,0
2011-02-10 00:00:00+00:00,1363.85,1365.91,1350.97,1363.46,17834,0
2011-02-11 00:00:00+00:00,1363.51,1368.14,1354.01,1356.59,17049,0
2011-02-14 00:00:00+00:00,1355.53,1366.46,1354.05,1361.49,13824,0
2011-02-15 00:00:00+00:00,1361.46,1376.47,1360.94,1371.38,15763,0
2011-02-16 00:00:00+00:00,1371.55,1381.83,1368.18,1375.65,17173,0
2011-02-17 00:00:00+00:00,1375.62,1384.74,1374.24,1383.47,13442,0
2011-02-18 00:00:00+00:00,1383.56,1391.67,1381.72,1389.87,16519,0
2011-02-21 00:00:00+00:00,1390.85,1409.03,1390.82,1407.93,13015,0
2011-02-22 00:00:00+00:00,1407.99,1410.68,1392.74,1399.19,23308,0
2011-02-23 00:00:00+00:00,1399.16,1416.38,1395.59,1414.1,17920,0
2011-02-24 00:00:00+00:00,1414.12,1418.05,1394.96,1403.01,21894,0
2011-02-25 00:00:00+00:00,1402.95,1411.5,1399.7,1410.24,16444,0
2011-02-28 00:00:00+00:00,1413.58,1416.29,1404.73,1410.64,17262,0
2011-03-01 00:00:00+00:00,1410.68,1434.67,1409.34,1433.62,17926,0
2011-03-02 00:00:00+00:00,1433.48,1440.04,1427.65,1432.83,19394,0
2011-03-03 00:00:00+00:00,1432.64,1436.07,1410.17,1414.39,20925,0
2011-03-04 00:00:00+00:00,1414.33,1431.88,1414.21,1430.6,17270,0
2011-03-07 00:00:00+00:00,1434.96,1444.59,1428.03,1431.26,19401,0
2011-03-08 00:00:00+00:00,1431.32,1436.62,1423.24,1428.18,24408,0
2011-03-09 00:00:00+00:00,1428.13,1436.16,1423.05,1429.52,20632,0
2011-03-10 00:00:00+00:00,1429.5,1431.4,1403.06,1411.98,26161,0
2011-03-11 00:00:00+00:00,1412.07,1424.13,1404.63,1416.5,26834,0
2011-03-14 00:00:00+00:00,1426.43,1430.48,1418.28,1426.55,22823,0
2011-03-15 00:00:00+00:00,1426.33,1426.33,1380.95,1394.66,37093,0
2011-03-16 00:00:00+00:00,1394.33,1405.7,1392.15,1399.07,94524,0
2011-03-17 00:00:00+00:00,1400.21,1404.78,1386.21,1403.5,112902,0
2011-03-18 00:00:00+00:00,1404.0,1423.69,1402.1,1418.15,47278,0
2011-03-21 00:00:00+00:00,1425.53,1434.64,1423.65,1426.49,13946,0
2011-03-22 00:00:00+00:00,1426.26,1431.88,1419.41,1428.31,17000,0
2011-03-23 00:00:00+00:00,1428.06,1440.75,1425.71,1438.07,15390,0
2011-03-24 00:00:00+00:00,1438.12,1447.34,1423.8,1431.55,15549,0
2011-03-25 00:00:00+00:00,1431.69,1437.69,1422.45,1429.32,14579,0
2011-03-28 00:00:00+00:00,1427.56,1428.59,1410.12,1420.67,19611,0
2011-03-29 00:00:00+00:00,1420.55,1422.99,1410.95,1418.52,17608,0
2011-03-30 00:00:00+00:00,1418.55,1429.74,1411.9,1422.59,18288,0
2011-03-31 00:00:00+00:00,1423.6,1439.43,1420.3,1432.12,20738,0
2011-04-01 00:00:00+00:00,1432.28,1436.0,1412.77,1428.31,28497,0
2011-04-04 00:00:00+00:00,1428.1,1438.52,1427.58,1434.51,46866,0
2011-04-05 00:00:00+00:00,1434.43,1456.98,1429.74,1455.72,80150,0
2011-04-06 00:00:00+00:00,1455.81,1462.05,1451.16,1459.0,86898,0
2011-04-07 00:00:00+00:00,1459.05,1464.74,1452.49,1458.31,83255,0
2011-04-08 00:00:00+00:00,1458.32,1474.88,1456.34,1474.52,86260,0
2011-04-11 00:00:00+00:00,1474.72,1476.17,1459.24,1463.06,90157,0
2011-04-12 00:00:00+00:00,1463.23,1467.02,1444.0,1453.51,97417,0
2011-04-13 00:00:00+00:00,1453.32,1462.07,1451.14,1457.6,90402,0
2011-04-14 00:00:00+00:00,1457.53,1475.35,1452.42,1474.72,95194,0
2011-04-15 00:00:00+00:00,1474.86,1487.98,1471.32,1486.63,95074,0
2011-04-18 00:00:00+00:00,1486.27,1497.49,1477.4,1495.91,92972,0
2011-04-19 00:00:00+00:00,1495.88,1499.3,1487.37,1494.76,77488,0
2011-04-20 00:00:00+00:00,1494.75,1505.73,1492.65,1501.65,87252,0
2011-04-21 00:00:00+00:00,1501.65,1508.89,1500.3,1504.11,73949,0
2011-04-22 00:00:00+00:00,1503.93,1510.77,1496.05,1506.92,74,0
2011-04-25 00:00:00+00:00,1510.4,1518.05,1501.83,1506.88,19890,0
2011-04-26 00:00:00+00:00,1506.84,1507.96,1492.75,1507.06,23949,0
2011-04-27 00:00:00+00:00,1506.16,1529.98,1503.09,1526.68,26268,0
2011-04-28 00:00:00+00:00,1526.64,1538.2,1523.99,1535.3,26720,0
2011-04-29 00:00:00+00:00,1535.28,1569.22,1531.73,1563.28,26561,0
2011-05-02 00:00:00+00:00,1563.89,1575.65,1537.86,1540.46,29270,0
2011-05-03 00:00:00+00:00,1545.15,1551.0,1527.06,1535.41,31787,0
2011-05-04 00:00:00+00:00,1536.89,1542.86,1505.97,1516.25,39657,0
2011-05-05 00:00:00+00:00,1515.22,1521.74,1462.24,1472.95,37608,0
2011-05-06 00:00:00+00:00,1475.81,1498.23,1470.99,1495.26,53220,0
2011-05-09 00:00:00+00:00,1494.46,1513.84,1489.57,1513.28,43143,0
2011-05-10 00:00:00+00:00,1512.35,1519.51,1505.89,1515.6,30054,0
2011-05-11 00:00:00+00:00,1515.21,1526.5,1495.64,1499.7,39720,0
2011-05-12 00:00:00+00:00,1499.69,1507.88,1478.08,1506.31,47951,0
2011-05-13 00:00:00+00:00,1506.24,1516.42,1482.84,1494.87,45508,0
2011-05-16 00:00:00+00:00,1493.92,1504.28,1487.02,1489.88,33660,0
2011-05-17 00:00:00+00:00,1489.5,1497.47,1471.66,1486.7,31782,0
2011-05-18 00:00:00+00:00,1486.7,1499.71,1484.8,1496.73,99498,0
2011-05-19 00:00:00+00:00,1496.58,1499.53,1486.67,1493.51,98013,0
2011-05-20 00:00:00+00:00,1493.57,1515.59,1486.82,1511.77,101795,0
2011-05-23 00:00:00+00:00,1512.67,1518.6,1503.8,1516.85,111973,0
2011-05-24 00:00:00+00:00,1516.88,1527.48,1513.18,1526.03,93366,0
2011-05-25 00:00:00+00:00,1526.01,1532.02,1521.01,1525.59,98035,0
2011-05-26 00:00:00+00:00,1525.61,1530.81,1514.55,1518.56,94964,0
2011-05-27 00:00:00+00:00,1518.41,1538.2,1517.7,1536.05,78783,0
2011-05-30 00:00:00+00:00,1536.29,1538.96,1534.02,1538.0,40985,0
2011-05-31 00:00:00+00:00,1538.0,1540.54,1532.13,1535.16,49530,0
2011-06-01 00:00:00+00:00,1535.11,1550.14,1529.3,1540.61,33197,0
2011-06-02 00:00:00+00:00,1540.48,1544.19,1519.48,1533.31,39609,0
2011-06-03 00:00:00+00:00,1533.31,1547.19,1523.88,1541.89,39136,0
2011-06-06 00:00:00+00:00,1543.38,1553.46,1540.18,1543.89,34291,0
2011-06-07 00:00:00+00:00,1544.1,1550.15,1536.11,1544.23,38051,0
2011-06-08 00:00:00+00:00,1543.9,1546.1,1530.8,1537.23,36734,0
2011-06-09 00:00:00+00:00,1537.19,1549.32,1533.03,1543.57,31952,0
2011-06-10 00:00:00+00:00,1543.06,1545.19,1525.92,1530.87,32198,0
2011-06-13 00:00:00+00:00,1529.54,1532.64,1510.84,1515.57,32905,0
2011-06-14 00:00:00+00:00,1515.43,1525.89,1512.05,1524.45,31060,0
2011-06-15 00:00:00+00:00,1524.52,1534.32,1513.98,1530.09,34738,0
2011-06-16 00:00:00+00:00,1530.04,1532.77,1521.58,1528.87,31304,0
2011-06-17 00:00:00+00:00,1529.11,1541.85,1522.49,1539.08,28256,0
2011-06-20 00:00:00+00:00,1539.1,1546.68,1532.79,1540.45,29844,0
2011-06-21 00:00:00+00:00,1540.53,1548.0,1538.53,1546.2,26820,0
2011-06-22 00:00:00+00:00,1546.3,1558.1,1541.1,1548.62,26789,0
2011-06-23 00:00:00+00:00,1547.4,1548.58,1512.6,1520.6,44782,0
2011-06-24 00:00:00+00:00,1520.85,1525.38,1498.01,1502.1,41976,0
2011-06-27 00:00:00+00:00,1502.22,1505.23,1490.6,1497.7,49706,0
2011-06-28 00:00:00+00:00,1497.47,1506.2,1495.56,1501.1,21907,0
2011-06-29 00:00:00+00:00,1500.94,1513.0,1500.1,1512.1,20716,0
2011-06-30 00:00:00+00:00,1511.43,1513.9,1498.36,1499.46,32665,0
2011-07-01 00:00:00+00:00,1499.46,1502.2,1477.81,1487.26,35722,0
2011-07-04 00:00:00+00:00,1487.08,1496.4,1484.41,1496.12,11878,0
2011-07-05 00:00:00+00:00,1496.16,1516.86,1492.96,1515.5,21922,0
2011-07-06 00:00:00+00:00,1515.63,1533.7,1510.0,1528.7,22743,0
2011-07-07 00:00:00+00:00,1528.75,1534.3,1522.9,1532.3,29079,0
2011-07-08 00:00:00+00:00,1531.95,1545.25,1524.5,1543.85,26781,0
2011-07-11 00:00:00+00:00,1543.65,1556.8,1541.08,1553.5,26496,0
2011-07-12 00:00:00+00:00,1554.48,1573.18,1540.43,1567.46,82900,0
2011-07-13 00:00:00+00:00,1566.96,1587.7,1564.2,1582.0,63386,0
2011-07-14 00:00:00+00:00,1582.01,1594.3,1578.7,1587.1,45187,0
2011-07-15 00:00:00+00:00,1586.83,1593.7,1575.8,1593.5,29425,0
2011-07-18 00:00:00+00:00,1592.99,1607.16,1591.11,1604.51,34048,0
2011-07-19 00:00:00+00:00,1604.21,1609.8,1582.3,1588.06,30341,0
2011-07-20 00:00:00+00:00,1588.31,1601.5,1580.9,1600.2,29043,0
2011-07-21 00:00:00+00:00,1600.01,1604.3,1584.5,1590.06,35860,0
2011-07-22 00:00:00+00:00,1590.01,1607.2,1583.5,1600.76,23085,0
2011-07-25 00:00:00+00:00,1600.99,1623.4,1600.4,1613.7,35873,0
2011-07-26 00:00:00+00:00,1613.46,1620.1,1607.6,1619.0,29993,0
2011-07-27 00:00:00+00:00,1619.16,1628.41,1608.7,1613.3,29628,0
2011-07-28 00:00:00+00:00,1613.11,1620.08,1602.58,1616.18,33495,0
2011-07-29 00:00:00+00:00,1616.18,1632.88,1610.38,1626.78,36653,0
2011-08-01 00:00:00+00:00,1626.4,1631.88,1607.18,1619.08,40772,0
2011-08-02 00:00:00+00:00,1618.96,1661.11,1616.21,1661.08,37254,0
2011-08-03 00:00:00+00:00,1660.66,1672.78,1651.61,1661.51,37637,0
2011-08-04 00:00:00+00:00,1661.31,1682.18,1639.78,1646.18,67499,0
2011-08-05 00:00:00+00:00,1645.66,1670.28,1641.68,1663.65,55329,0
2011-08-08 00:00:00+00:00,1687.5,1720.65,1682.3,1719.1,90677,0
2011-08-09 00:00:00+00:00,1719.15,1779.75,1715.05,1740.45,104185,0
2011-08-10 00:00:00+00:00,1739.65,1797.55,1737.13,1792.7,81940,0
2011-08-11 00:00:00+00:00,1792.85,1814.75,1731.85,1763.85,103963,0
2011-08-12 00:00:00+00:00,1763.7,1768.15,1723.15,1746.45,60453,0
2011-08-15 00:00:00+00:00,1745.85,1766.3,1727.7,1765.3,55486,0
2011-08-16 00:00:00+00:00,1765.55,1786.8,1760.75,1785.25,55182,0
2011-08-17 00:00:00+00:00,1784.9,1794.55,1778.9,1791.0,57682,0
2011-08-18 00:00:00+00:00,1791.05,1828.6,1783.65,1823.4,58585,0
2011-08-19 00:00:00+00:00,1823.7,1877.79,1821.1,1851.6,104009,0
2011-08-22 00:00:00+00:00,1851.3,1898.2,1851.3,1897.25,109741,0
2011-08-23 00:00:00+00:00,1897.1,1911.95,1822.98,1827.93,128774,0
2011-08-24 00:00:00+00:00,1828.13,1853.85,1749.58,1758.58,133170,0
2011-08-25 00:00:00+00:00,1758.63,1774.58,1702.48,1774.33,146273,0
2011-08-26 00:00:00+00:00,1774.43,1827.83,1757.13,1827.43,118395,0
2011-08-29 00:00:00+00:00,1836.58,1838.08,1775.63,1787.93,108339,0
2011-08-30 00:00:00+00:00,1787.98,1840.23,1783.23,1835.08,93887,0
2011-08-31 00:00:00+00:00,1835.08,1839.78,1811.23,1825.58,76146,0
2011-09-01 00:00:00+00:00,1825.63,1830.58,1813.16,1825.88,60028,0
2011-09-02 00:00:00+00:00,1825.91,1884.43,1823.68,1882.48,64915,0
2011-09-05 00:00:00+00:00,1884.33,1902.98,1873.98,1898.98,50190,0
2011-09-06 00:00:00+00:00,1899.38,1920.73,1858.53,1874.68,112883,0
2011-09-07 00:00:00+00:00,1874.73,1880.13,1792.63,1817.33,120891,0
2011-09-08 00:00:00+00:00,1817.03,1870.41,1813.38,1869.86,102223,0
2011-09-09 00:00:00+00:00,1870.13,1886.03,1822.48,1855.23,107411,0
2011-09-12 00:00:00+00:00,1855.32,1861.52,1801.17,1814.92,121481,0
2011-09-13 00:00:00+00:00,1814.99,1843.87,1794.12,1833.47,98396,0
2011-09-14 00:00:00+00:00,1833.57,1844.77,1808.47,1819.47,75256,0
2011-09-15 00:00:00+00:00,1819.57,1826.47,1772.47,1788.13,80781,0
2011-09-16 00:00:00+00:00,1788.23,1821.37,1762.37,1811.42,61514,0
2011-09-19 00:00:00+00:00,1815.83,1827.53,1770.38,1778.53,74290,0
2011-09-20 00:00:00+00:00,1778.58,1811.48,1769.58,1803.33,76628,0
2011-09-21 00:00:00+00:00,1803.38,1816.43,1778.38,1781.93,91427,0
2011-09-22 00:00:00+00:00,1781.74,1786.23,1720.91,1739.88,121025,0
2011-09-23 00:00:00+00:00,1739.88,1755.28,1628.28,1656.13,136038,0
2011-09-26 00:00:00+00:00,1656.39,1663.23,1532.08,1626.32,173393,0
2011-09-27 00:00:00+00:00,1626.86,1677.23,1614.23,1650.48,187310,0
2011-09-28 00:00:00+00:00,1651.18,1669.28,1598.59,1608.93,104859,0
2011-09-29 00:00:00+00:00,1608.83,1634.98,1582.78,1614.54,88597,0
2011-09-30 00:00:00+00:00,1614.59,1640.44,1606.34,1623.59,52029,0
2011-10-03 00:00:00+00:00,1621.19,1664.94,1617.73,1658.54,50654,0
2011-10-04 00:00:00+00:00,1658.54,1679.1,1595.84,1623.89,58254,0
2011-10-05 00:00:00+00:00,1623.89,1646.94,1597.03,1640.89,56571,0
2011-10-06 00:00:00+00:00,1640.89,1654.94,1631.54,1651.04,49937,0
2011-10-07 00:00:00+00:00,1651.04,1666.19,1626.04,1627.74,47514,0
2011-10-10 00:00:00+00:00,1635.54,1677.59,1635.54,1675.89,40505,0
2011-10-11 00:00:00+00:00,1675.94,1684.69,1653.69,1662.19,49177,0
2011-10-12 00:00:00+00:00,1662.19,1692.24,1660.34,1676.24,49935,0
2011-10-13 00:00:00+00:00,1676.29,1684.39,1652.69,1666.79,44865,0
2011-10-14 00:00:00+00:00,1666.69,1683.64,1660.71,1680.64,36257,0
2011-10-17 00:00:00+00:00,1680.52,1695.02,1664.48,1670.57,42545,0
2011-10-18 00:00:00+00:00,1670.57,1676.67,1626.73,1657.62,49393,0
2011-10-19 00:00:00+00:00,1657.62,1665.07,1639.57,1639.68,49010,0
2011-10-20 00:00:00+00:00,1639.74,1644.92,1603.73,1620.58,82400,0
2011-10-21 00:00:00+00:00,1620.53,1648.33,1611.33,1641.93,54479,0
2011-10-24 00:00:00+00:00,1641.87,1661.83,1635.38,1653.23,47388,0
2011-10-25 00:00:00+00:00,1653.29,1708.74,1643.58,1704.88,71647,0
2011-10-26 00:00:00+00:00,1704.93,1726.58,1694.91,1724.38,89227,0
2011-10-27 00:00:00+00:00,1724.33,1749.93,1705.93,1744.63,80204,0
2011-10-28 00:00:00+00:00,1744.68,1752.43,1731.58,1743.12,60258,0
2011-10-31 00:00:00+00:00,1741.25,1744.86,1704.66,1714.25,58109,0
2011-11-01 00:00:00+00:00,1714.12,1724.03,1681.22,1718.9,55577,0
2011-11-02 00:00:00+00:00,1720.12,1744.22,1714.07,1736.0,49419,0
2011-11-03 00:00:00+00:00,1736.61,1767.57,1722.6,1762.65,52427,0
2011-11-04 00:00:00+00:00,1764.22,1764.57,1749.02,1754.17,43291,0
2011-11-07 00:00:00+00:00,1754.08,1798.37,1751.91,1794.87,47844,0
2011-11-08 00:00:00+00:00,1794.92,1802.83,1776.87,1786.12,45101,0
2011-11-09 00:00:00+00:00,1786.22,1799.63,1764.07,1768.71,53416,0
2011-11-10 00:00:00+00:00,1768.63,1775.31,1735.97,1758.04,51609,0
2011-11-11 00:00:00+00:00,1758.04,1789.01,1744.04,1787.84,45225,0
2011-11-14 00:00:00+00:00,1787.19,1795.86,1773.52,1780.14,44105,0
2011-11-15 00:00:00+00:00,1780.09,1785.8,1759.8,1780.44,48329,0
2011-11-16 00:00:00+00:00,1780.39,1783.27,1753.09,1763.09,57590,0
2011-11-17 00:00:00+00:00,1763.34,1766.69,1710.26,1720.94,60386,0
2011-11-18 00:00:00+00:00,1720.99,1737.22,1710.72,1722.94,53642,0
2011-11-21 00:00:00+00:00,1723.26,1726.15,1666.21,1676.94,58732,0
2011-11-22 00:00:00+00:00,1676.84,1705.29,1667.51,1699.39,56716,0
2011-11-23 00:00:00+00:00,1699.34,1709.87,1676.98,1690.7,53305,0
2011-11-24 00:00:00+00:00,1690.64,1701.64,1687.41,1694.49,30550,0
2011-11-25 00:00:00+00:00,1694.59,1697.59,1671.56,1682.33,37481,0
2011-11-28 00:00:00+00:00,1684.09,1720.49,1682.58,1712.37,53725,0
2011-11-29 00:00:00+00:00,1712.25,1719.91,1703.48,1715.29,49258,0
2011-11-30 00:00:00+00:00,1715.34,1750.14,1700.44,1745.95,56806,0
2011-12-01 00:00:00+00:00,1747.95,1754.12,1733.5,1744.53,53634,0
2011-12-02 00:00:00+00:00,1744.55,1763.03,1737.91,1746.12,50521,0
2011-12-05 00:00:00+00:00,1744.9,1754.5,1717.7,1722.39,58100,0
2011-12-06 00:00:00+00:00,1721.84,1732.85,1701.95,1728.54,62037,0
2011-12-07 00:00:00+00:00,1728.83,1742.41,1719.84,1741.44,51776,0
2011-12-08 00:00:00+00:00,1741.54,1755.47,1703.89,1707.99,53633,0
2011-12-09 00:00:00+00:00,1707.23,1723.84,1703.19,1711.14,49366,0
2011-12-12 00:00:00+00:00,1712.29,1714.74,1657.01,1666.1,54436,0
2011-12-13 00:00:00+00:00,1666.09,1677.97,1622.18,1631.08,61977,0
2011-12-14 00:00:00+00:00,1631.09,1641.29,1563.45,1573.78,71453,0
2011-12-15 00:00:00+00:00,1573.88,1593.98,1560.16,1570.13,64601,0
2011-12-16 00:00:00+00:00,1570.24,1601.05,1569.08,1598.53,59415,0
2011-12-19 00:00:00+00:00,1600.68,1608.39,1583.2,1593.06,55083,0
2011-12-20 00:00:00+00:00,1593.06,1618.58,1590.52,1615.63,50391,0
2011-12-21 00:00:00+00:00,1615.63,1641.58,1605.83,1614.88,50466,0
2011-12-22 00:00:00+00:00,1614.93,1616.72,1597.6,1605.09,53102,0
2011-12-23 00:00:00+00:00,1605.07,1613.63,1602.53,1606.53,29954,0
2011-12-27 00:00:00+00:00,1606.82,1606.97,1589.53,1592.68,27866,0
2011-12-28 00:00:00+00:00,1591.4,1592.89,1549.38,1555.76,42886,0
2011-12-29 00:00:00+00:00,1555.72,1561.18,1522.47,1544.73,48033,0
2011-12-30 00:00:00+00:00,1544.53,1581.12,1544.08,1564.48,43874,0
2012-01-03 00:00:00+00:00,1568.54,1607.25,1566.14,1603.0,48313,0
2012-01-04 00:00:00+00:00,1602.92,1618.33,1592.5,1610.93,61580,0
2012-01-05 00:00:00+00:00,1610.92,1625.35,1596.67,1621.79,86999,0
2012-01-06 00:00:00+00:00,1621.62,1630.93,1608.09,1616.98,55354,0
2012-01-09 00:00:00+00:00,1616.55,1623.37,1604.89,1611.13,56899,0
2012-01-10 00:00:00+00:00,1610.03,1640.04,1608.28,1631.98,39903,0
2012-01-11 00:00:00+00:00,1631.74,1647.08,1629.95,1641.53,52220,0
2012-01-12 00:00:00+00:00,1641.48,1661.8,1640.03,1649.16,113058,0
2012-01-13 00:00:00+00:00,1648.38,1649.58,1625.09,1638.69,129245,0
2012-01-16 00:00:00+00:00,1633.47,1646.86,1631.24,1643.34,69281,0
2012-01-17 00:00:00+00:00,1642.34,1667.49,1641.41,1651.36,108306,0
2012-01-18 00:00:00+00:00,1651.42,1662.12,1641.45,1658.86,135284,0
2012-01-19 00:00:00+00:00,1658.91,1669.86,1648.96,1657.31,117655,0
2012-01-20 00:00:00+00:00,1657.28,1666.49,1644.88,1665.94,122859,0
2012-01-23 00:00:00+00:00,1663.94,1681.23,1662.43,1676.29,106583,0
2012-01-24 00:00:00+00:00,1676.29,1679.69,1661.35,1664.91,122920,0
2012-01-25 00:00:00+00:00,1665.52,1712.82,1648.88,1710.3,156044,0
2012-01-26 00:00:00+00:00,1710.3,1730.54,1702.74,1720.29,147823,0
2012-01-27 00:00:00+00:00,1720.14,1739.64,1714.29,1738.74,108650,0
2012-01-30 00:00:00+00:00,1735.23,1739.77,1716.22,1729.49,139255,0
2012-01-31 00:00:00+00:00,1731.19,1747.46,1725.89,1737.16,162496,0
2012-02-01 00:00:00+00:00,1737.03,1751.01,1732.54,1743.44,167809,0
2012-02-02 00:00:00+00:00,1743.3,1760.89,1740.86,1758.89,154856,0
2012-02-03 00:00:00+00:00,1756.44,1762.92,1723.41,1725.49,142627,0
2012-02-06 00:00:00+00:00,1728.07,1737.89,1711.42,1719.61,139311,0
2012-02-07 00:00:00+00:00,1719.77,1749.57,1709.94,1744.74,146563,0
2012-02-08 00:00:00+00:00,1743.24,1751.78,1724.6,1732.51,145854,0
2012-02-09 00:00:00+00:00,1731.49,1751.75,1725.69,1729.14,150942,0
2012-02-10 00:00:00+00:00,1729.14,1734.54,1704.39,1721.24,154619,0
2012-02-13 00:00:00+00:00,1724.57,1733.04,1715.81,1721.84,125771,0
2012-02-14 00:00:00+00:00,1722.02,1727.52,1711.88,1719.84,147369,0
2012-02-15 00:00:00+00:00,1720.09,1737.05,1717.74,1727.79,131858,0
2012-02-16 00:00:00+00:00,1727.59,1729.63,1705.05,1727.74,140906,0
2012-02-17 00:00:00+00:00,1727.88,1735.53,1716.94,1722.89,109642,0
2012-02-20 00:00:00+00:00,1723.07,1736.92,1722.89,1733.64,74348,0
2012-02-21 00:00:00+00:00,1733.54,1759.77,1730.53,1758.79,132850,0
2012-02-22 00:00:00+00:00,1758.79,1781.45,1748.99,1775.77,125077,0
2012-02-23 00:00:00+00:00,1775.97,1787.13,1771.97,1780.34,129528,0
2012-02-24 00:00:00+00:00,1780.49,1782.68,1770.19,1771.84,120673,0
2012-02-27 00:00:00+00:00,1774.82,1779.14,1761.18,1767.29,127477,0
2012-02-28 00:00:00+00:00,1767.0,1789.81,1765.59,1783.79,126571,0
2012-02-29 00:00:00+00:00,1783.84,1790.39,1686.75,1696.44,183107,0
2012-03-01 00:00:00+00:00,1696.62,1725.53,1692.2,1717.91,205971,0
2012-03-02 00:00:00+00:00,1717.94,1723.86,1705.01,1711.93,146875,0
2012-03-05 00:00:00+00:00,1710.55,1716.4,1693.37,1705.9,153171,0
2012-03-06 00:00:00+00:00,1705.93,1708.64,1662.73,1673.8,183782,0
2012-03-07 00:00:00+00:00,1673.89,1687.78,1670.88,1684.33,131270,0
2012-03-08 00:00:00+00:00,1684.35,1703.54,1682.96,1699.3,129969,0
2012-03-09 00:00:00+00:00,1699.39,1714.66,1676.32,1713.35,137992,0
2012-03-12 00:00:00+00:00,1713.47,1716.36,1692.16,1699.85,126172,0
2012-03-13 00:00:00+00:00,1699.67,1705.4,1662.52,1673.48,158207,0
2012-03-14 00:00:00+00:00,1674.5,1681.94,1634.11,1643.49,174179,0
2012-03-15 00:00:00+00:00,1643.23,1666.12,1635.37,1657.53,155032,0
2012-03-16 00:00:00+00:00,1657.4,1664.42,1639.3,1659.74,133987,0
2012-03-19 00:00:00+00:00,1659.05,1668.52,1651.97,1663.95,115376,0
2012-03-20 00:00:00+00:00,1663.9,1664.34,1641.15,1650.04,127995,0
2012-03-21 00:00:00+00:00,1650.05,1661.39,1646.24,1650.13,136455,0
2012-03-22 00:00:00+00:00,1649.43,1656.06,1627.71,1643.65,176075,0
2012-03-23 00:00:00+00:00,1643.83,1665.93,1641.69,1661.23,154370,0
2012-03-26 00:00:00+00:00,1662.43,1693.08,1655.18,1689.65,148866,0
2012-03-27 00:00:00+00:00,1689.68,1696.62,1679.22,1680.15,132519,0
2012-03-28 00:00:00+00:00,1680.18,1684.16,1654.33,1663.04,148109,0
2012-03-29 00:00:00+00:00,1663.06,1664.65,1644.63,1661.1,144598,0
2012-03-30 00:00:00+00:00,1661.13,1670.56,1659.45,1667.6,132235,0
2012-04-02 00:00:00+00:00,1669.61,1683.08,1662.61,1677.3,130085,0
2012-04-03 00:00:00+00:00,1677.33,1680.6,1638.52,1645.57,158273,0
2012-04-04 00:00:00+00:00,1645.56,1647.71,1611.96,1620.28,185992,0
2012-04-05 00:00:00+00:00,1620.3,1633.21,1619.64,1630.75,116778,0
2012-04-06 00:00:00+00:00,1630.8,1641.98,1629.28,1639.48,1025,0
2012-04-09 00:00:00+00:00,1639.75,1648.3,1635.2,1639.88,102724,0
2012-04-10 00:00:00+00:00,1639.78,1662.66,1631.47,1659.43,169269,0
2012-04-11 00:00:00+00:00,1659.45,1662.22,1652.56,1658.53,152587,0
2012-04-12 00:00:00+00:00,1658.55,1679.68,1650.47,1675.28,150681,0
2012-04-13 00:00:00+00:00,1675.25,1677.58,1648.95,1657.93,165511,0
2012-04-16 00:00:00+00:00,1657.15,1657.44,1640.93,1651.45,165107,0
2012-04-17 00:00:00+00:00,1651.48,1657.11,1634.24,1649.1,143079,0
2012-04-18 00:00:00+00:00,1649.13,1653.96,1637.48,1641.75,140673,0
2012-04-19 00:00:00+00:00,1641.8,1653.35,1630.73,1642.36,162348,0
2012-04-20 00:00:00+00:00,1642.35,1646.82,1638.17,1642.53,123417,0
2012-04-23 00:00:00+00:00,1641.68,1642.89,1622.88,1638.26,151137,0
2012-04-24 00:00:00+00:00,1638.1,1648.89,1633.58,1641.7,119284,0
2012-04-25 00:00:00+00:00,1641.65,1645.92,1624.33,1643.15,143753,0
2012-04-26 00:00:00+00:00,1643.18,1660.3,1641.44,1656.96,122563,0
2012-04-27 00:00:00+00:00,1656.72,1667.23,1650.22,1662.25,124556,0
2012-04-30 00:00:00+00:00,1662.03,1665.73,1644.25,1664.35,106192,0
2012-05-01 00:00:00+00:00,1664.3,1671.16,1656.64,1661.98,88041,0
2012-05-02 00:00:00+00:00,1661.93,1662.8,1645.59,1653.1,126475,0
2012-05-03 00:00:00+00:00,1653.05,1653.52,1630.77,1635.49,134519,0
2012-05-04 00:00:00+00:00,1635.48,1646.89,1626.27,1641.63,138520,0
2012-05-07 00:00:00+00:00,1642.2,1642.2,1631.7,1638.0,120192,0
2012-05-08 00:00:00+00:00,1637.98,1638.75,1595.08,1604.9,153389,0
2012-05-09 00:00:00+00:00,1604.93,1606.05,1579.33,1589.05,190852,0
2012-05-10 00:00:00+00:00,1589.1,1601.64,1585.28,1593.48,138836,0
2012-05-11 00:00:00+00:00,1593.45,1594.67,1573.37,1578.97,142249,0
2012-05-14 00:00:00+00:00,1585.43,1585.43,1555.86,1556.13,151651,1000
2012-05-15 00:00:00+00:00,1556.1,1563.85,1541.17,1543.52,144013,1000
2012-05-16 00:00:00+00:00,1543.53,1551.98,1526.63,1539.1,209188,1000
2012-05-17 00:00:00+00:00,1539.13,1579.52,1538.25,1573.51,192948,1000
2012-05-18 00:00:00+00:00,1573.61,1597.21,1567.61,1592.65,203044,1000
2012-05-21 00:00:00+00:00,1590.45,1598.83,1584.44,1592.77,157980,1000
2012-05-22 00:00:00+00:00,1592.74,1594.05,1561.08,1568.0,176827,1000
2012-05-23 00:00:00+00:00,1568.03,1568.39,1532.94,1560.92,229588,1000
2012-05-24 00:00:00+00:00,1560.95,1577.44,1551.18,1558.72,206716,1000
2012-05-25 00:00:00+00:00,1558.63,1573.82,1550.94,1572.4,167650,1000
2012-05-28 00:00:00+00:00,1573.6,1583.59,1571.17,1573.93,89311,0
2012-05-29 00:00:00+00:00,1574.07,1582.32,1548.93,1554.45,169525,0
2012-05-30 00:00:00+00:00,1554.45,1569.02,1532.84,1562.71,195643,1000
2012-05-31 00:00:00+00:00,1562.73,1572.77,1551.67,1560.02,189386,0
2012-06-01 00:00:00+00:00,1560.02,1629.24,1544.69,1623.68,224387,1000
2012-06-04 00:00:00+00:00,1625.42,1627.82,1608.35,1618.61,207607,1000
2012-06-05 00:00:00+00:00,1618.36,1623.25,1611.57,1616.48,132013,1000
2012-06-06 00:00:00+00:00,1616.5,1640.8,1614.9,1619.0,345496,1000
2012-06-07 00:00:00+00:00,1619.17,1629.11,1578.46,1589.17,323202,1000
2012-06-08 00:00:00+00:00,1588.9,1594.98,1561.89,1592.78,267845,1000
2012-06-11 00:00:00+00:00,1601.25,1608.13,1581.5,1595.98,229903,1000
2012-06-12 00:00:00+00:00,1596.13,1617.56,1586.12,1609.58,233226,1000
2012-06-13 00:00:00+00:00,1609.3,1624.76,1605.67,1616.83,203972,1000
2012-06-14 00:00:00+00:00,1616.55,1627.89,1609.15,1623.48,202551,1000
2012-06-15 00:00:00+00:00,1623.18,1633.83,1619.65,1626.86,188290,1000
2012-06-18 00:00:00+00:00,1628.68,1630.17,1602.85,1627.87,248710,1000
2012-06-19 00:00:00+00:00,1627.61,1633.46,1617.08,1618.27,192377,1000
2012-06-20 00:00:00+00:00,1617.96,1622.77,1589.83,1607.23,240133,1000
2012-06-21 00:00:00+00:00,1607.28,1607.38,1563.99,1565.84,243897,1000
2012-06-22 00:00:00+00:00,1565.79,1573.29,1557.88,1572.39,196569,1000
2012-06-25 00:00:00+00:00,1571.51,1588.26,1565.94,1584.19,203044,1000
2012-06-26 00:00:00+00:00,1583.94,1587.27,1567.41,1572.41,165061,1000
2012-06-27 00:00:00+00:00,1572.38,1583.09,1562.3,1573.91,157698,1000
2012-06-28 00:00:00+00:00,1573.65,1578.88,1547.62,1552.38,173488,1000
2012-06-29 00:00:00+00:00,1552.11,1606.92,1550.69,1597.04,199795,1000
2012-07-02 00:00:00+00:00,1598.73,1602.46,1586.84,1596.87,178392,1000
2012-07-03 00:00:00+00:00,1596.55,1624.86,1594.57,1617.11,204196,1000
2012-07-04 00:00:00+00:00,1616.82,1620.36,1611.25,1614.76,101506,1000
2012-07-05 00:00:00+00:00,1614.47,1623.79,1597.11,1604.32,176553,1000
2012-07-06 00:00:00+00:00,1604.05,1609.57,1576.15,1583.33,196266,1000
2012-07-09 00:00:00+00:00,1581.49,1592.8,1576.1,1587.08,174074,1000
2012-07-10 00:00:00+00:00,1587.08,1601.42,1564.13,1566.88,210491,1000
2012-07-11 00:00:00+00:00,1566.66,1583.14,1565.62,1575.83,195798,1000
2012-07-12 00:00:00+00:00,1575.83,1578.08,1554.52,1571.31,194842,1000
2012-07-13 00:00:00+00:00,1571.33,1596.61,1565.58,1588.85,183514,1000
2012-07-16 00:00:00+00:00,1590.22,1594.81,1577.62,1588.88,176735,1000
2012-07-17 00:00:00+00:00,1589.19,1598.97,1571.32,1583.03,212406,1000
2012-07-18 00:00:00+00:00,1582.83,1585.88,1567.32,1572.96,204165,1000
2012-07-19 00:00:00+00:00,1572.96,1591.63,1572.4,1581.13,181269,1000
2012-07-20 00:00:00+00:00,1580.81,1586.98,1573.25,1584.13,179928,1000
2012-07-23 00:00:00+00:00,1581.22,1582.82,1562.92,1576.23,188124,1000
2012-07-24 00:00:00+00:00,1576.53,1584.48,1568.42,1580.67,186586,1000
2012-07-25 00:00:00+00:00,1580.67,1610.41,1578.47,1604.27,198132,1000
2012-07-26 00:00:00+00:00,1603.95,1621.74,1600.9,1615.47,183771,1000
2012-07-27 00:00:00+00:00,1615.15,1629.62,1611.37,1622.9,185657,1000
2012-07-30 00:00:00+00:00,1623.37,1626.58,1613.89,1621.57,99770,1000
2012-07-31 00:00:00+00:00,1621.58,1627.97,1610.53,1614.14,184561,1000
2012-08-01 00:00:00+00:00,1614.05,1618.5,1591.6,1599.52,210174,1000
2012-08-02 00:00:00+00:00,1599.23,1615.22,1584.0,1587.85,184958,1000
2012-08-03 00:00:00+00:00,1588.28,1606.64,1581.75,1602.95,162174,1000
2012-08-06 00:00:00+00:00,1604.51,1615.37,1601.82,1610.13,146712,1000
2012-08-07 00:00:00+00:00,1610.13,1618.37,1608.53,1612.12,147540,1000
2012-08-08 00:00:00+00:00,1611.8,1616.75,1603.02,1612.15,163788,1000
2012-08-09 00:00:00+00:00,1611.71,1618.28,1609.29,1617.12,134644,1000
2012-08-10 00:00:00+00:00,1616.8,1626.47,1605.44,1619.78,141034,1000
2012-08-13 00:00:00+00:00,1621.08,1625.59,1607.12,1609.3,154199,1000
2012-08-14 00:00:00+00:00,1609.62,1616.37,1590.57,1598.55,146444,1000
2012-08-15 00:00:00+00:00,1598.55,1606.44,1589.65,1602.55,148685,1000
2012-08-16 00:00:00+00:00,1602.6,1618.68,1600.47,1614.77,125107,1000
2012-08-17 00:00:00+00:00,1614.5,1620.27,1611.46,1615.28,121169,1000
2012-08-20 00:00:00+00:00,1615.64,1622.42,1609.45,1620.05,116797,1000
2012-08-21 00:00:00+00:00,1620.05,1641.32,1618.21,1637.62,131696,1000
2012-08-22 00:00:00+00:00,1637.38,1655.87,1634.17,1654.09,135704,1000
2012-08-23 00:00:00+00:00,1654.32,1674.96,1652.14,1670.14,177803,1000
2012-08-24 00:00:00+00:00,1670.14,1673.89,1662.22,1670.12,138941,1000
2012-08-27 00:00:00+00:00,1671.47,1676.93,1662.84,1663.86,138504,1000
2012-08-28 00:00:00+00:00,1663.6,1672.31,1657.03,1666.71,145425,1000
2012-08-29 00:00:00+00:00,1666.45,1669.91,1652.01,1656.05,131994,1000
2012-08-30 00:00:00+00:00,1656.26,1664.08,1650.95,1655.31,122940,1000
2012-08-31 00:00:00+00:00,1655.05,1692.97,1645.89,1691.62,137220,1000
2012-09-03 00:00:00+00:00,1690.62,1695.33,1685.16,1691.97,101962,1000
2012-09-04 00:00:00+00:00,1692.02,1698.95,1687.96,1695.5,157453,1000
2012-09-05 00:00:00+00:00,1695.51,1696.12,1687.15,1692.82,130341,1000
2012-09-06 00:00:00+00:00,1692.59,1713.77,1691.26,1700.28,183051,1000
2012-09-07 00:00:00+00:00,1700.0,1742.01,1688.77,1735.61,162593,1000
2012-09-10 00:00:00+00:00,1735.49,1740.04,1724.56,1725.96,159695,1000
2012-09-11 00:00:00+00:00,1725.72,1738.11,1724.61,1731.81,135213,1000
2012-09-12 00:00:00+00:00,1731.54,1745.77,1725.04,1730.56,169948,1000
2012-09-13 00:00:00+00:00,1730.29,1772.67,1716.39,1766.61,183952,1000
2012-09-14 00:00:00+00:00,1766.61,1777.81,1765.29,1770.27,204300,1000
2012-09-17 00:00:00+00:00,1770.88,1776.37,1753.95,1761.27,160477,1000
2012-09-18 00:00:00+00:00,1760.9,1773.29,1752.01,1771.82,212986,1000
2012-09-19 00:00:00+00:00,1771.48,1779.37,1761.9,1770.32,200687,1000
2012-09-20 00:00:00+00:00,1769.95,1772.22,1755.32,1768.32,191330,1000
2012-09-21 00:00:00+00:00,1767.95,1787.37,1766.37,1772.82,206412,1000
2012-09-24 00:00:00+00:00,1772.09,1772.41,1755.2,1763.9,165819,1000
2012-09-25 00:00:00+00:00,1763.9,1774.99,1758.47,1760.56,184195,1000
2012-09-26 00:00:00+00:00,1760.23,1765.46,1736.32,1752.3,172030,1000
2012-09-27 00:00:00+00:00,1753.2,1780.36,1750.69,1776.82,193244,1000
2012-09-28 00:00:00+00:00,1777.01,1783.28,1767.06,1772.16,189093,1000
2012-10-01 00:00:00+00:00,1771.01,1791.61,1763.07,1775.02,227948,1000
2012-10-02 00:00:00+00:00,1776.65,1784.31,1770.17,1774.41,189824,1000
2012-10-03 00:00:00+00:00,1773.81,1781.82,1770.58,1778.01,173277,1000
2012-10-04 00:00:00+00:00,1778.53,1795.16,1777.47,1790.36,199292,1000
2012-10-05 00:00:00+00:00,1790.21,1795.91,1772.39,1780.66,184546,1000
2012-10-08 00:00:00+00:00,1779.48,1779.87,1766.28,1774.76,158758,1000
2012-10-09 00:00:00+00:00,1775.68,1779.7,1760.14,1763.75,188508,1000
2012-10-10 00:00:00+00:00,1764.26,1768.19,1756.61,1762.21,189953,1000
2012-10-11 00:00:00+00:00,1762.91,1774.81,1758.16,1767.11,175327,1000
2012-10-12 00:00:00+00:00,1767.61,1773.21,1751.82,1753.56,187268,1000
2012-10-15 00:00:00+00:00,1753.21,1754.77,1728.44,1737.21,184689,1000
2012-10-16 00:00:00+00:00,1736.33,1748.2,1734.48,1747.37,147319,1000
2012-10-17 00:00:00+00:00,1747.42,1753.47,1742.41,1749.92,165916,1000
2012-10-18 00:00:00+00:00,1749.8,1752.13,1737.68,1741.27,157097,1000
2012-10-19 00:00:00+00:00,1741.0,1743.31,1716.12,1721.32,197611,1000
2012-10-22 00:00:00+00:00,1720.62,1729.33,1713.23,1728.15,169460,1000
2012-10-23 00:00:00+00:00,1728.82,1730.32,1703.58,1707.37,195142,1000
2012-10-24 00:00:00+00:00,1707.38,1714.31,1698.28,1701.63,186630,0
2012-10-25 00:00:00+00:00,1701.85,1718.11,1701.4,1711.87,165781,1000
2012-10-26 00:00:00+00:00,1710.74,1718.97,1700.48,1710.88,188974,1000
2012-10-29 00:00:00+00:00,1710.82,1717.22,1705.75,1709.17,121165,1000
2012-10-30 00:00:00+00:00,1709.48,1715.12,1704.64,1709.72,117234,1000
2012-10-31 00:00:00+00:00,1709.37,1725.92,1709.22,1720.57,156753,1000
2012-11-01 00:00:00+00:00,1719.63,1726.95,1713.28,1713.9,139583,1000
2012-11-02 00:00:00+00:00,1715.27,1716.84,1674.14,1677.42,188647,1000
2012-11-05 00:00:00+00:00,1676.51,1686.23,1672.18,1684.33,138855,1000
2012-11-06 00:00:00+00:00,1684.82,1720.82,1683.23,1716.42,155841,1000
2012-11-07 00:00:00+00:00,1715.55,1731.82,1702.77,1717.94,232533,1000
2012-11-08 00:00:00+00:00,1717.32,1735.07,1712.4,1733.2,155275,1000
2012-11-09 00:00:00+00:00,1730.77,1738.97,1726.74,1731.32,175048,1000
2012-11-12 00:00:00+00:00,1731.56,1738.07,1725.5,1727.71,130843,1000
2012-11-13 00:00:00+00:00,1728.02,1732.87,1717.54,1724.52,154243,1000
2012-11-14 00:00:00+00:00,1724.82,1733.92,1720.36,1725.27,144869,1000
2012-11-15 00:00:00+00:00,1726.38,1727.87,1704.46,1713.96,174188,1000
2012-11-16 00:00:00+00:00,1715.6,1717.47,1705.38,1711.58,143481,1000
2012-11-19 00:00:00+00:00,1714.58,1735.52,1713.97,1732.52,124929,1000
2012-11-20 00:00:00+00:00,1731.57,1735.53,1721.81,1727.92,135142,1000
2012-11-21 00:00:00+00:00,1726.97,1731.97,1720.31,1728.37,115102,1000
2012-11-22 00:00:00+00:00,1728.61,1732.47,1728.19,1729.57,59344,1000
2012-11-23 00:00:00+00:00,1729.37,1754.26,1727.87,1747.12,114117,0
2012-11-26 00:00:00+00:00,1750.72,1752.13,1745.55,1748.72,142074,1000
2012-11-27 00:00:00+00:00,1748.37,1751.77,1740.18,1741.4,130912,1000
2012-11-28 00:00:00+00:00,1741.29,1743.06,1705.62,1719.62,179830,1000
2012-11-29 00:00:00+00:00,1718.87,1728.76,1717.68,1725.52,134300,1000
2012-11-30 00:00:00+00:00,1725.49,1731.67,1708.12,1714.62,165146,1000
2012-12-03 00:00:00+00:00,1713.81,1722.48,1712.39,1715.72,165640,1000
2012-12-04 00:00:00+00:00,1715.58,1717.3,1690.86,1696.98,197261,1000
2012-12-05 00:00:00+00:00,1696.27,1706.8,1684.44,1693.87,158144,1000
2012-12-06 00:00:00+00:00,1693.85,1703.27,1685.54,1699.43,160633,1000
2012-12-07 00:00:00+00:00,1699.91,1705.37,1683.95,1704.27,176425,1000
2012-12-10 00:00:00+00:00,1702.34,1717.28,1702.23,1712.77,115562,1000
2012-12-11 00:00:00+00:00,1712.37,1714.37,1704.51,1710.02,133671,1000
2012-12-12 00:00:00+00:00,1710.42,1723.29,1707.38,1711.42,160298,1000
2012-12-13 00:00:00+00:00,1710.85,1711.13,1689.1,1696.97,191201,1000
2012-12-14 00:00:00+00:00,1697.28,1700.44,1692.69,1695.77,138419,1000
2012-12-17 00:00:00+00:00,1693.32,1699.75,1686.15,1698.12,124700,1000
2012-12-18 00:00:00+00:00,1697.12,1703.27,1660.58,1670.87,168504,1000
2012-12-19 00:00:00+00:00,1670.57,1676.77,1663.18,1667.12,154279,1000
2012-12-20 00:00:00+00:00,1665.72,1671.82,1635.35,1647.72,187038,1000
2012-12-21 00:00:00+00:00,1647.57,1659.67,1635.31,1656.62,173660,1000
2012-12-24 00:00:00+00:00,1656.9,1665.81,1651.62,1660.02,75760,1000
2012-12-26 00:00:00+00:00,1655.22,1667.9,1654.7,1659.37,65988,1000
2012-12-27 00:00:00+00:00,1658.98,1665.47,1652.3,1663.92,94759,1000
2012-12-28 00:00:00+00:00,1662.82,1666.37,1653.35,1655.57,100172,1000
2012-12-31 00:00:00+00:00,1655.63,1668.72,1655.16,1662.61,78075,1000
2013-01-02 00:00:00+00:00,1679.68,1694.85,1679.45,1686.67,119437,1000
2013-01-03 00:00:00+00:00,1685.67,1690.02,1660.46,1663.92,137554,1000
2013-01-04 00:00:00+00:00,1663.23,1664.15,1625.45,1655.37,245612,1000
2013-01-07 00:00:00+00:00,1655.89,1662.52,1642.38,1646.33,163866,1000
2013-01-08 00:00:00+00:00,1647.27,1662.49,1646.25,1658.7,159306,1000
2013-01-09 00:00:00+00:00,1659.52,1665.87,1651.13,1657.57,131799,1000
2013-01-10 00:00:00+00:00,1657.97,1678.77,1653.45,1675.27,127560,1000
2013-01-11 00:00:00+00:00,1672.87,1676.76,1652.99,1662.47,144271,1000
2013-01-14 00:00:00+00:00,1660.55,1674.81,1659.7,1667.47,118601,1000
2013-01-15 00:00:00+00:00,1666.72,1685.1,1666.14,1679.22,153099,1000
2013-01-16 00:00:00+00:00,1679.67,1684.75,1673.13,1679.82,114817,1000
2013-01-17 00:00:00+00:00,1680.25,1696.12,1666.44,1687.57,147462,1000
2013-01-18 00:00:00+00:00,1687.28,1695.18,1683.23,1683.87,134914,1000
2013-01-21 00:00:00+00:00,1685.98,1691.37,1684.55,1690.17,80724,1000
2013-01-22 00:00:00+00:00,1689.27,1696.12,1686.41,1692.62,113562,1000
2013-01-23 00:00:00+00:00,1691.92,1694.97,1683.29,1685.58,101527,1000
2013-01-24 00:00:00+00:00,1684.27,1686.17,1664.72,1667.48,141905,1000
2013-01-25 00:00:00+00:00,1667.33,1672.26,1655.68,1658.32,145438,1000
2013-01-28 00:00:00+00:00,1658.92,1662.32,1651.61,1655.72,138975,1000
2013-01-29 00:00:00+00:00,1655.27,1665.97,1654.38,1663.77,106489,1000
2013-01-30 00:00:00+00:00,1663.47,1683.81,1662.48,1676.36,136561,1000
2013-01-31 00:00:00+00:00,1675.98,1680.8,1657.51,1663.56,146353,1000
2013-02-01 00:00:00+00:00,1663.8,1682.11,1659.7,1666.86,144198,1000
2013-02-04 00:00:00+00:00,1668.34,1677.52,1661.35,1674.16,129647,1000
2013-02-05 00:00:00+00:00,1674.23,1684.46,1666.31,1672.81,108769,0
2013-02-06 00:00:00+00:00,1672.28,1679.78,1667.94,1677.41,114263,1000
2013-02-07 00:00:00+00:00,1677.18,1683.07,1663.95,1671.46,136049,1000
2013-02-08 00:00:00+00:00,1671.11,1673.55,1664.76,1667.11,125626,1000
2013-02-11 00:00:00+00:00,1666.55,1669.51,1643.4,1647.58,135670,1000
2013-02-12 00:00:00+00:00,1648.06,1653.21,1638.85,1650.75,136234,1000
2013-02-13 00:00:00+00:00,1651.75,1653.42,1640.2,1642.08,138225,1000
2013-02-14 00:00:00+00:00,1642.08,1649.98,1632.5,1634.4,137571,1000
2013-02-15 00:00:00+00:00,1633.83,1635.74,1597.56,1609.54,48623,0
2013-02-18 00:00:00+00:00,1609.34,1618.48,1606.7,1608.98,32905,0
2013-02-19 00:00:00+00:00,1609.65,1614.85,1600.35,1604.7,36999,0
2013-02-20 00:00:00+00:00,1604.33,1609.09,1558.21,1564.05,51049,0
2013-02-21 00:00:00+00:00,1564.98,1584.46,1554.66,1575.65,58856,0
2013-02-22 00:00:00+00:00,1577.08,1586.8,1569.6,1580.85,107147,0
2013-02-25 00:00:00+00:00,1579.99,1596.91,1574.81,1592.88,217210,0
2013-02-26 00:00:00+00:00,1592.46,1620.0,1584.03,1613.46,297848,1000
2013-02-27 00:00:00+00:00,1613.71,1614.74,1591.85,1597.21,227462,1000
2013-02-28 00:00:00+00:00,1596.7,1603.01,1574.63,1579.41,261435,1000
2013-03-01 00:00:00+00:00,1579.26,1587.26,1564.47,1575.81,301333,1000
2013-03-04 00:00:00+00:00,1578.43,1584.82,1569.07,1573.76,199654,1000
2013-03-05 00:00:00+00:00,1574.36,1586.42,1571.7,1575.01,183094,1000
2013-03-06 00:00:00+00:00,1574.13,1584.82,1566.94,1583.66,186919,1000
2013-03-07 00:00:00+00:00,1583.93,1585.51,1574.59,1578.81,168056,1000
2013-03-08 00:00:00+00:00,1577.7,1583.58,1561.19,1578.51,217483,1000
2013-03-11 00:00:00+00:00,1578.92,1583.47,1575.14,1581.46,126942,1000
2013-03-12 00:00:00+00:00,1581.16,1598.36,1579.62,1592.66,154288,1000
2013-03-13 00:00:00+00:00,1592.95,1599.22,1585.1,1587.43,145389,1000
2013-03-14 00:00:00+00:00,1587.8,1593.51,1576.08,1589.96,158238,1000
2013-03-15 00:00:00+00:00,1590.0,1599.03,1588.07,1591.76,130760,1000
2013-03-18 00:00:00+00:00,1597.91,1611.14,1591.31,1605.41,207951,1000
2013-03-19 00:00:00+00:00,1604.61,1615.71,1599.74,1612.71,151447,1000
2013-03-20 00:00:00+00:00,1612.21,1614.76,1602.78,1606.96,128469,1000
2013-03-21 00:00:00+00:00,1606.53,1616.8,1604.04,1614.51,111792,1000
2013-03-22 00:00:00+00:00,1614.1,1616.04,1603.21,1608.66,118942,1000
2013-03-25 00:00:00+00:00,1609.39,1613.7,1589.38,1604.82,172473,1000
2013-03-26 00:00:00+00:00,1604.91,1605.93,1594.2,1599.81,127086,1000
2013-03-27 00:00:00+00:00,1599.61,1608.43,1590.99,1604.79,141924,1000
2013-03-28 00:00:00+00:00,1605.14,1607.61,1593.58,1597.09,140804,1000
2013-04-01 00:00:00+00:00,1597.46,1600.99,1594.39,1599.09,119775,1000
2013-04-02 00:00:00+00:00,1599.1,1603.86,1573.38,1575.89,148594,1000
2013-04-03 00:00:00+00:00,1576.34,1577.24,1549.41,1557.45,215014,1000
2013-04-04 00:00:00+00:00,1557.84,1559.54,1539.75,1554.18,231556,1000
2013-04-05 00:00:00+00:00,1554.12,1581.37,1548.98,1580.77,212704,1000
2013-04-08 00:00:00+00:00,1580.77,1582.93,1566.85,1573.37,137556,1000
2013-04-09 00:00:00+00:00,1572.72,1590.3,1570.06,1585.47,145677,1000
2013-04-10 00:00:00+00:00,1584.87,1588.55,1555.36,1558.32,211113,1000
2013-04-11 00:00:00+00:00,1559.37,1568.42,1553.02,1560.75,167803,1000
2013-04-12 00:00:00+00:00,1560.12,1564.63,1480.69,1482.05,398920,1000
2013-04-15 00:00:00+00:00,1481.1,1495.41,1336.99,1347.49,1087647,1000
2013-04-16 00:00:00+00:00,1355.64,1403.34,1321.33,1366.99,755002,1000
2013-04-17 00:00:00+00:00,1369.49,1394.96,1364.53,1376.14,436603,1000
2013-04-18 00:00:00+00:00,1375.79,1401.94,1336.09,1390.0,383957,1000
2013-04-19 00:00:00+00:00,1393.19,1425.04,1385.43,1403.51,304264,1000
2013-04-22 00:00:00+00:00,1408.12,1439.01,1403.38,1426.31,325401,1000
2013-04-23 00:00:00+00:00,1425.76,1432.76,1404.45,1412.81,348885,1000
2013-04-24 00:00:00+00:00,1413.69,1433.05,1411.9,1431.63,202859,0
2013-04-25 00:00:00+00:00,1430.78,1469.22,1427.01,1467.4,255315,1000
2013-04-26 00:00:00+00:00,1467.33,1485.28,1447.8,1461.38,415448,1000
2013-04-29 00:00:00+00:00,1466.38,1478.86,1461.95,1475.33,260654,1000
2013-04-30 00:00:00+00:00,1476.13,1480.13,1460.71,1476.38,252947,1000
2013-05-01 00:00:00+00:00,1474.93,1478.04,1440.1,1457.28,238457,1000
2013-05-02 00:00:00+00:00,1456.73,1473.8,1448.48,1466.78,253478,1000
2013-05-03 00:00:00+00:00,1466.48,1488.03,1455.95,1470.43,261097,1000
2013-05-06 00:00:00+00:00,1469.78,1478.82,1464.22,1469.33,219378,1000
2013-05-07 00:00:00+00:00,1469.38,1470.63,1440.92,1452.18,289638,1000
2013-05-08 00:00:00+00:00,1452.38,1476.7,1447.33,1473.88,248263,1000
2013-05-09 00:00:00+00:00,1473.38,1476.09,1453.11,1457.38,254325,1000
2013-05-10 00:00:00+00:00,1457.53,1462.18,1419.37,1448.43,389887,1000
2013-05-13 00:00:00+00:00,1448.97,1449.04,1425.6,1430.38,250394,1000
2013-05-14 00:00:00+00:00,1430.18,1445.53,1420.95,1425.28,289876,1000
2013-05-15 00:00:00+00:00,1424.93,1430.78,1388.33,1392.88,370203,1000
2013-05-16 00:00:00+00:00,1393.78,1398.29,1369.32,1385.83,375595,1000
2013-05-17 00:00:00+00:00,1386.08,1392.99,1354.96,1359.23,398095,1000
2013-05-20 00:00:00+00:00,1363.42,1399.68,1337.7,1393.38,498079,1000
2013-05-21 00:00:00+00:00,1393.63,1401.59,1359.36,1375.83,409891,1000
2013-05-22 00:00:00+00:00,1374.98,1414.43,1354.19,1369.78,444227,1000
2013-05-23 00:00:00+00:00,1368.23,1398.04,1356.46,1390.5,415241,1000
2013-05-24 00:00:00+00:00,1390.8,1398.43,1383.57,1388.78,238158,1000
2013-05-28 00:00:00+00:00,1394.23,1399.43,1373.27,1380.98,276176,1000
2013-05-29 00:00:00+00:00,1380.35,1395.53,1379.82,1392.59,227102,1000
2013-05-30 00:00:00+00:00,1392.98,1418.04,1388.44,1413.39,261594,1000
2013-05-31 00:00:00+00:00,1414.03,1421.75,1384.51,1387.52,263907,1000
2013-06-03 00:00:00+00:00,1388.89,1416.91,1388.41,1411.17,244348,1000
2013-06-04 00:00:00+00:00,1411.28,1414.99,1388.64,1399.42,240547,1000
2013-06-05 00:00:00+00:00,1399.32,1410.39,1395.39,1403.17,247680,1000
2013-06-06 00:00:00+00:00,1401.35,1423.71,1391.41,1413.32,276564,1000
2013-06-07 00:00:00+00:00,1412.7,1417.85,1377.46,1382.42,294530,1000
2013-06-10 00:00:00+00:00,1382.94,1388.92,1375.49,1385.95,269114,1000
2013-06-11 00:00:00+00:00,1386.12,1387.47,1365.57,1377.73,278317,1000
2013-06-12 00:00:00+00:00,1377.7,1394.5,1373.52,1388.55,228090,1000
2013-06-13 00:00:00+00:00,1387.92,1394.87,1374.13,1385.7,291684,1000
2013-06-14 00:00:00+00:00,1384.42,1392.17,1378.13,1390.17,247050,1000
2013-06-17 00:00:00+00:00,1390.36,1391.85,1380.17,1384.97,165810,0
2013-06-18 00:00:00+00:00,1384.52,1385.98,1360.67,1367.27,233734,1000
2013-06-19 00:00:00+00:00,1367.47,1376.53,1348.87,1351.02,229730,1000
2013-06-20 00:00:00+00:00,1350.87,1351.25,1276.0,1284.55,626033,1000
2013-06-21 00:00:00+00:00,1278.46,1302.34,1269.11,1295.95,442235,1000
2013-06-24 00:00:00+00:00,1296.94,1301.43,1275.69,1281.98,370045,1000
2013-06-25 00:00:00+00:00,1282.53,1289.43,1271.35,1277.15,280444,1000
2013-06-26 00:00:00+00:00,1277.28,1277.9,1221.36,1226.37,544077,1000
2013-06-27 00:00:00+00:00,1225.17,1244.62,1196.4,1199.93,482848,1000
2013-06-28 00:00:00+00:00,1199.47,1235.07,1180.02,1234.08,531806,1000
2013-07-01 00:00:00+00:00,1233.54,1261.61,1224.8,1252.12,406247,1000
2013-07-02 00:00:00+00:00,1251.62,1267.36,1239.26,1243.12,337733,1000
2013-07-03 00:00:00+00:00,1242.72,1259.86,1236.49,1254.91,263514,1000
2013-07-05 00:00:00+00:00,1243.62,1243.97,1207.89,1222.65,243649,1000
2013-07-08 00:00:00+00:00,1222.3,1238.61,1215.36,1236.38,312853,1000
2013-07-09 00:00:00+00:00,1236.42,1260.47,1233.21,1251.07,324845,1000
2013-07-10 00:00:00+00:00,1248.92,1265.73,1243.69,1258.12,335939,1000
2013-07-11 00:00:00+00:00,1266.79,1298.75,1264.32,1285.72,436653,1000
2013-07-12 00:00:00+00:00,1284.77,1288.52,1267.48,1285.12,277107,1000
2013-07-15 00:00:00+00:00,1284.71,1294.7,1273.66,1284.52,247653,1000
2013-07-16 00:00:00+00:00,1282.47,1295.49,1276.81,1291.58,283649,1000
2013-07-17 00:00:00+00:00,1291.22,1300.57,1269.91,1275.57,334639,0
2013-07-18 00:00:00+00:00,1274.47,1288.61,1273.86,1283.97,271321,1000
2013-07-19 00:00:00+00:00,1283.02,1297.79,1282.02,1295.58,239577,1000
2013-07-22 00:00:00+00:00,1297.03,1339.62,1295.88,1335.33,336047,1000
2013-07-23 00:00:00+00:00,1334.87,1346.65,1326.2,1345.02,276271,1000
2013-07-24 00:00:00+00:00,1345.07,1347.52,1312.75,1321.92,306908,1000
2013-07-25 00:00:00+00:00,1321.45,1337.87,1308.46,1333.25,211679,0
2013-07-26 00:00:00+00:00,1333.35,1340.92,1312.02,1332.68,265834,1000
2013-07-29 00:00:00+00:00,1333.01,1338.32,1322.54,1327.65,229570,1000
2013-07-30 00:00:00+00:00,1327.47,1330.12,1317.11,1325.85,193030,1000
2013-07-31 00:00:00+00:00,1326.17,1339.06,1305.47,1324.72,342086,1000
2013-08-01 00:00:00+00:00,1323.37,1331.01,1307.5,1310.17,279720,1000
2013-08-02 00:00:00+00:00,1307.72,1318.36,1282.8,1311.57,301969,1000
2013-08-05 00:00:00+00:00,1312.4,1320.77,1297.15,1302.48,225032,1000
2013-08-06 00:00:00+00:00,1302.52,1306.9,1278.99,1283.01,293944,1000
2013-08-07 00:00:00+00:00,1281.76,1289.51,1272.51,1287.21,270880,1000
2013-08-08 00:00:00+00:00,1286.96,1314.44,1282.64,1312.98,289939,1000
2013-08-09 00:00:00+00:00,1312.16,1317.23,1304.67,1314.03,245022,1000
2013-08-12 00:00:00+00:00,1315.26,1344.05,1314.58,1337.94,300129,1000
2013-08-13 00:00:00+00:00,1336.81,1341.42,1318.46,1321.51,361536,1000
2013-08-14 00:00:00+00:00,1320.95,1336.29,1315.55,1335.96,311020,1000
2013-08-15 00:00:00+00:00,1335.9,1370.14,1318.47,1365.87,418673,1000
2013-08-16 00:00:00+00:00,1364.96,1379.61,1357.34,1376.01,401806,1000
2013-08-19 00:00:00+00:00,1378.52,1384.46,1362.2,1365.45,330922,1000
2013-08-20 00:00:00+00:00,1365.3,1377.65,1351.9,1370.75,333582,1000
2013-08-21 00:00:00+00:00,1371.11,1379.13,1359.46,1366.14,341202,1000
2013-08-22 00:00:00+00:00,1366.03,1381.74,1354.85,1375.7,315842,1000
2013-08-23 00:00:00+00:00,1376.09,1400.06,1368.29,1396.95,297408,1000
2013-08-26 00:00:00+00:00,1398.83,1406.98,1389.1,1404.15,297662,1000
2013-08-27 00:00:00+00:00,1405.01,1423.73,1395.36,1414.61,366825,1000
2013-08-28 00:00:00+00:00,1415.51,1433.72,1413.02,1417.0,411316,1000
2013-08-29 00:00:00+00:00,1418.51,1418.51,1402.19,1407.18,417299,1000
2013-08-30 00:00:00+00:00,1407.11,1411.22,1391.81,1394.87,337397,1000
2013-09-03 00:00:00+00:00,1390.39,1416.32,1384.1,1411.9,274650,1000
2013-09-04 00:00:00+00:00,1411.61,1415.01,1384.29,1391.13,344110,1000
2013-09-05 00:00:00+00:00,1391.27,1399.87,1364.55,1367.09,376442,1000
2013-09-06 00:00:00+00:00,1366.36,1393.56,1362.07,1391.59,309076,1000
2013-09-09 00:00:00+00:00,1391.08,1394.41,1381.69,1386.51,227105,1000
2013-09-10 00:00:00+00:00,1386.71,1391.31,1357.45,1363.36,294117,1000
2013-09-11 00:00:00+00:00,1363.27,1368.64,1356.16,1365.0,264959,1000
2013-09-12 00:00:00+00:00,1364.68,1365.83,1320.3,1321.07,393046,1000
2013-09-13 00:00:00+00:00,1322.26,1330.89,1304.48,1326.34,414507,1000
2013-09-16 00:00:00+00:00,1333.26,1335.44,1302.66,1312.53,400968,1000
2013-09-17 00:00:00+00:00,1311.96,1323.97,1305.81,1310.18,321976,1000
2013-09-18 00:00:00+00:00,1309.71,1367.62,1291.45,1362.64,456029,1000
2013-09-19 00:00:00+00:00,1364.69,1375.24,1358.3,1365.93,379112,1000
2013-09-20 00:00:00+00:00,1365.31,1368.22,1324.48,1325.41,373326,1000
2013-09-23 00:00:00+00:00,1326.2,1331.96,1313.18,1322.3,369166,1000
2013-09-24 00:00:00+00:00,1321.23,1329.31,1305.38,1322.84,395381,1000
2013-09-25 00:00:00+00:00,1324.94,1338.05,1316.22,1334.0,284684,1000
2013-09-26 00:00:00+00:00,1333.09,1339.39,1318.46,1323.6,336229,1000
2013-09-27 00:00:00+00:00,1323.58,1345.88,1319.32,1336.14,512393,1000
2013-09-30 00:00:00+00:00,1341.49,1352.47,1322.31,1328.54,307990,1000
2013-10-02 00:00:00+00:00,1288.59,1323.84,1275.94,1315.75,434779,1000
2013-10-03 00:00:00+00:00,1316.31,1322.49,1301.59,1316.37,423062,1000
2013-10-04 00:00:00+00:00,1316.87,1325.39,1305.27,1310.32,322662,1000
2013-10-07 00:00:00+00:00,1310.99,1329.04,1308.15,1322.74,330482,1000
2013-10-08 00:00:00+00:00,1323.19,1330.05,1315.2,1318.85,426940,1000
2013-10-09 00:00:00+00:00,1319.51,1322.25,1294.31,1305.41,510351,1000
2013-10-10 00:00:00+00:00,1306.99,1311.84,1282.13,1287.15,471729,1000
2013-10-11 00:00:00+00:00,1285.62,1294.63,1259.96,1270.96,587036,1000
2013-10-14 00:00:00+00:00,1276.53,1290.13,1268.27,1271.94,548628,1000
2013-10-15 00:00:00+00:00,1272.69,1288.02,1251.27,1281.68,653743,1000
2013-10-16 00:00:00+00:00,1282.49,1288.52,1268.85,1282.11,629609,1000
2013-10-17 00:00:00+00:00,1282.0,1324.39,1274.09,1320.01,702975,1000
2013-10-18 00:00:00+00:00,1319.07,1327.35,1311.36,1315.19,433863,1000
2013-10-21 00:00:00+00:00,1316.09,1324.11,1312.6,1315.54,339102,1000
2013-10-22 00:00:00+00:00,1314.64,1344.68,1309.76,1339.69,333447,0
2013-10-23 00:00:00+00:00,1340.21,1342.21,1328.75,1332.88,336583,1000
2013-10-24 00:00:00+00:00,1331.0,1351.94,1329.96,1346.24,362574,1000
2013-10-25 00:00:00+00:00,1347.04,1355.75,1335.38,1350.42,343372,1000
2013-10-28 00:00:00+00:00,1353.22,1361.79,1345.99,1352.17,319906,1000
2013-10-29 00:00:00+00:00,1352.94,1360.55,1339.81,1344.82,373514,1000
2013-10-30 00:00:00+00:00,1344.43,1359.51,1334.32,1344.33,421612,1000
2013-10-31 00:00:00+00:00,1342.04,1343.11,1318.71,1322.85,431223,1000
2013-11-01 00:00:00+00:00,1322.86,1327.44,1305.71,1314.95,392664,1000
2013-11-04 00:00:00+00:00,1313.59,1322.16,1310.74,1314.26,257295,0
2013-11-05 00:00:00+00:00,1314.0,1319.83,1305.49,1311.29,304973,1000
2013-11-06 00:00:00+00:00,1311.81,1321.67,1308.82,1317.34,271975,0
2013-11-07 00:00:00+00:00,1317.2,1326.34,1296.1,1307.09,342088,1000
2013-11-08 00:00:00+00:00,1307.73,1313.84,1280.75,1287.25,310561,1000
2013-11-11 00:00:00+00:00,1287.53,1288.71,1278.76,1282.5,222716,1000
2013-11-12 00:00:00+00:00,1282.2,1285.3,1260.99,1267.69,350136,1000
2013-11-13 00:00:00+00:00,1267.49,1284.54,1265.52,1281.22,323997,1000
2013-11-14 00:00:00+00:00,1282.03,1294.34,1277.82,1286.93,360449,1000
2013-11-15 00:00:00+00:00,1287.57,1291.26,1279.99,1289.77,254360,0
2013-11-18 00:00:00+00:00,1289.28,1289.59,1269.69,1275.03,278894,1000
2013-11-19 00:00:00+00:00,1275.39,1278.89,1268.74,1275.11,266184,1000
2013-11-20 00:00:00+00:00,1274.19,1276.37,1240.74,1243.87,392796,1000
2013-11-21 00:00:00+00:00,1242.96,1250.45,1236.43,1242.72,311621,1000
2013-11-22 00:00:00+00:00,1243.52,1248.93,1240.75,1242.62,244362,1000
2013-11-25 00:00:00+00:00,1242.32,1253.4,1225.69,1251.03,177773,0
2013-11-26 00:00:00+00:00,1251.3,1257.71,1239.33,1242.44,49476,1000
2013-11-27 00:00:00+00:00,1241.58,1254.42,1241.14,1242.46,33202,1000
2013-11-29 00:00:00+00:00,1241.51,1254.39,1240.63,1251.26,29204,1000
2013-12-02 00:00:00+00:00,1250.69,1252.39,1217.46,1219.27,67338,1000
2013-12-03 00:00:00+00:00,1219.73,1225.83,1214.89,1222.88,62440,1000
2013-12-04 00:00:00+00:00,1223.23,1251.26,1211.39,1243.18,73389,1000
2013-12-05 00:00:00+00:00,1243.25,1243.25,1216.7,1224.76,74087,1000
2013-12-06 00:00:00+00:00,1225.25,1244.25,1212.41,1228.65,70363,0
2013-12-09 00:00:00+00:00,1230.1,1242.74,1224.94,1239.9,59180,1000
2013-12-10 00:00:00+00:00,1239.48,1267.5,1237.53,1261.65,67417,1000
2013-12-11 00:00:00+00:00,1261.13,1262.93,1250.75,1251.83,69267,1000
2013-12-12 00:00:00+00:00,1252.13,1256.6,1223.53,1225.01,72491,1000
2013-12-13 00:00:00+00:00,1225.5,1238.44,1220.13,1238.18,69535,1000
2013-12-16 00:00:00+00:00,1237.93,1251.52,1227.45,1240.87,62612,1000
2013-12-17 00:00:00+00:00,1239.93,1247.73,1227.0,1230.38,60664,1000
2013-12-18 00:00:00+00:00,1230.55,1244.26,1215.92,1218.01,63621,1000
2013-12-19 00:00:00+00:00,1218.73,1226.2,1186.82,1188.08,76627,1000
2013-12-20 00:00:00+00:00,1188.85,1207.13,1188.48,1202.7,61956,1000
2013-12-23 00:00:00+00:00,1203.22,1205.9,1192.32,1198.23,50973,1000
2013-12-24 00:00:00+00:00,1198.0,1202.78,1195.82,1202.67,24385,1000
2013-12-26 00:00:00+00:00,1203.77,1215.54,1203.07,1210.23,25573,1000
2013-12-27 00:00:00+00:00,1211.2,1218.69,1208.63,1212.73,42375,1000
2013-12-30 00:00:00+00:00,1213.67,1215.89,1194.63,1196.11,50297,1000
2013-12-31 00:00:00+00:00,1197.11,1214.23,1182.07,1206.55,40342,0
2014-01-02 00:00:00+00:00,1226.13,1230.51,1213.28,1223.89,37553,1000
2014-01-03 00:00:00+00:00,1221.88,1239.86,1221.63,1236.58,53196,1000
2014-01-06 00:00:00+00:00,1236.74,1248.01,1222.78,1237.49,64517,1000
2014-01-07 00:00:00+00:00,1237.25,1244.89,1224.55,1231.59,59511,1000
2014-01-08 00:00:00+00:00,1231.13,1232.02,1218.1,1225.48,64461,1000
2014-01-09 00:00:00+00:00,1225.3,1231.14,1223.14,1227.51,53969,1000
2014-01-10 00:00:00+00:00,1227.13,1248.53,1226.88,1247.88,62564,1000
2014-01-13 00:00:00+00:00,1247.82,1254.66,1243.28,1252.65,59803,1000
2014-01-14 00:00:00+00:00,1252.59,1254.88,1241.27,1244.61,59059,1000
2014-01-15 00:00:00+00:00,1244.65,1244.73,1233.9,1241.38,56092,1000
2014-01-16 00:00:00+00:00,1241.8,1244.9,1236.01,1241.9,52372,1000
2014-01-17 00:00:00+00:00,1241.65,1255.45,1237.36,1253.55,60085,1000
2014-01-21 00:00:00+00:00,1252.46,1253.97,1235.3,1240.93,46812,1000
2014-01-22 00:00:00+00:00,1240.45,1243.26,1235.52,1236.7,47257,1000
2014-01-23 00:00:00+00:00,1235.65,1265.05,1231.18,1263.49,68187,1000
2014-01-24 00:00:00+00:00,1263.33,1272.19,1256.55,1269.5,69166,1000
2014-01-27 00:00:00+00:00,1269.75,1278.7,1251.64,1256.56,72910,1000
2014-01-28 00:00:00+00:00,1255.25,1261.31,1248.57,1256.3,59701,1000
2014-01-29 00:00:00+00:00,1255.25,1269.77,1248.69,1266.94,65415,1000
2014-01-30 00:00:00+00:00,1266.45,1267.37,1237.66,1243.22,66378,1000
2014-01-31 00:00:00+00:00,1243.75,1254.57,1238.14,1244.11,58791,1000
2014-02-03 00:00:00+00:00,1242.42,1265.93,1240.46,1257.03,62595,1000
2014-02-04 00:00:00+00:00,1257.93,1260.56,1246.57,1254.15,58168,1000
2014-02-05 00:00:00+00:00,1254.28,1273.95,1252.09,1257.36,57860,1000
2014-02-06 00:00:00+00:00,1257.38,1266.58,1252.41,1257.63,52962,1000
2014-02-07 00:00:00+00:00,1256.86,1271.58,1255.37,1266.65,58284,1000
2014-02-10 00:00:00+00:00,1266.06,1277.47,1264.73,1274.34,54425,1000
2014-02-11 00:00:00+00:00,1273.8,1293.49,1273.38,1290.93,67490,1000
2014-02-12 00:00:00+00:00,1289.77,1295.9,1283.59,1290.6,56786,0
2014-02-13 00:00:00+00:00,1290.23,1302.55,1285.87,1302.33,58277,1000
2014-02-14 00:00:00+00:00,1301.58,1320.83,1299.48,1318.15,66433,1000
2014-02-18 00:00:00+00:00,1318.13,1324.65,1312.24,1321.43,40681,1000
2014-02-19 00:00:00+00:00,1321.43,1322.46,1308.49,1311.02,57511,1000
2014-02-20 00:00:00+00:00,1311.05,1324.63,1306.95,1322.5,60036,1000
2014-02-21 00:00:00+00:00,1322.53,1328.13,1315.71,1323.78,50188,1000
2014-02-24 00:00:00+00:00,1325.15,1338.56,1318.43,1336.57,58122,1000
2014-02-25 00:00:00+00:00,1335.83,1343.2,1330.88,1340.09,51263,1000
2014-02-26 00:00:00+00:00,1340.69,1344.97,1322.02,1330.15,56905,1000
2014-02-27 00:00:00+00:00,1329.25,1335.8,1323.43,1330.86,49790,1000
2014-02-28 00:00:00+00:00,1330.68,1332.92,1319.41,1326.0,55948,1000
2014-03-03 00:00:00+00:00,1332.13,1354.35,1330.4,1350.08,60121,1000
2014-03-04 00:00:00+00:00,1349.28,1352.19,1330.86,1334.01,57461,1000
2014-03-05 00:00:00+00:00,1334.12,1341.42,1332.29,1336.36,47368,1000
2014-03-06 00:00:00+00:00,1336.4,1353.17,1330.81,1350.29,46416,1000
2014-03-07 00:00:00+00:00,1350.03,1352.54,1327.55,1339.75,52459,1000
2014-03-10 00:00:00+00:00,1338.78,1344.22,1327.67,1339.2,53243,1000
2014-03-11 00:00:00+00:00,1339.16,1352.19,1337.31,1348.52,53584,1000
2014-03-12 00:00:00+00:00,1348.59,1370.47,1345.05,1366.36,64425,1000
2014-03-13 00:00:00+00:00,1366.71,1374.63,1364.12,1369.82,61738,1000
2014-03-14 00:00:00+00:00,1369.79,1387.55,1367.48,1382.68,57324,1000
2014-03-17 00:00:00+00:00,1382.18,1391.78,1361.46,1366.52,59029,1000
2014-03-18 00:00:00+00:00,1366.23,1367.17,1350.33,1355.28,54638,1000
2014-03-19 00:00:00+00:00,1355.24,1359.27,1327.31,1329.09,63942,1000
2014-03-20 00:00:00+00:00,1330.75,1334.19,1320.13,1327.27,63863,1000
2014-03-21 00:00:00+00:00,1328.68,1342.02,1327.62,1334.05,47350,1000
2014-03-24 00:00:00+00:00,1333.4,1334.64,1307.54,1308.26,56829,1000
2014-03-25 00:00:00+00:00,1308.71,1316.97,1305.36,1310.55,53619,0
2014-03-26 00:00:00+00:00,1310.8,1315.93,1298.25,1303.96,54306,1000
2014-03-27 00:00:00+00:00,1304.41,1306.42,1288.67,1290.78,52261,1000
2014-03-28 00:00:00+00:00,1291.25,1298.32,1285.36,1294.85,48313,1000
2014-03-31 00:00:00+00:00,1293.8,1298.15,1281.98,1283.5,48574,1000
2014-04-01 00:00:00+00:00,1284.32,1287.63,1277.3,1278.47,45915,1000
2014-04-02 00:00:00+00:00,1279.05,1294.12,1278.16,1289.38,42721,1000
2014-04-03 00:00:00+00:00,1289.93,1293.5,1281.25,1286.2,40310,1000
2014-04-04 00:00:00+00:00,1286.15,1306.38,1283.83,1302.9,42860,1000
2014-04-07 00:00:00+00:00,1303.77,1303.77,1295.22,1296.8,34179,1000
2014-04-08 00:00:00+00:00,1296.4,1313.95,1296.27,1308.1,41412,1000
2014-04-09 00:00:00+00:00,1307.91,1314.69,1300.5,1311.33,44198,1000
2014-04-10 00:00:00+00:00,1311.08,1324.12,1310.41,1318.44,45602,1000
2014-04-11 00:00:00+00:00,1317.25,1323.48,1313.78,1318.08,41488,1000
2014-04-14 00:00:00+00:00,1320.28,1330.75,1318.38,1327.46,43506,1000
2014-04-15 00:00:00+00:00,1326.48,1327.86,1284.4,1302.19,56497,1000
2014-04-16 00:00:00+00:00,1302.35,1306.68,1293.11,1301.98,48687,1000
2014-04-17 00:00:00+00:00,1301.42,1303.74,1292.75,1294.77,39870,1000
2014-04-22 00:00:00+00:00,1290.17,1292.33,1276.55,1283.23,29185,1000
2014-04-23 00:00:00+00:00,1283.71,1288.6,1280.48,1283.36,38273,1000
2014-04-24 00:00:00+00:00,1283.34,1298.14,1268.12,1292.86,52488,1000
2014-04-25 00:00:00+00:00,1293.36,1304.68,1290.01,1302.71,44811,1000
2014-04-28 00:00:00+00:00,1302.88,1306.1,1291.62,1296.22,42687,1000
2014-04-29 00:00:00+00:00,1295.37,1300.97,1285.88,1295.38,38707,1000
2014-04-30 00:00:00+00:00,1295.15,1297.69,1284.59,1291.06,43982,1000
2014-05-01 00:00:00+00:00,1291.15,1292.5,1276.91,1283.81,39847,1000
2014-05-02 00:00:00+00:00,1284.29,1304.19,1274.68,1299.1,42679,1000
2014-05-05 00:00:00+00:00,1300.05,1315.22,1299.1,1309.79,44479,1000
2014-05-06 00:00:00+00:00,1309.32,1313.67,1303.97,1307.55,36937,1000
2014-05-07 00:00:00+00:00,1307.52,1314.04,1286.25,1289.35,46687,1000
2014-05-08 00:00:00+00:00,1289.5,1294.99,1284.67,1288.97,43445,1000
2014-05-09 00:00:00+00:00,1289.2,1293.99,1285.11,1288.27,39501,1000
2014-05-12 00:00:00+00:00,1289.3,1303.38,1277.46,1295.3,46999,1000
2014-05-13 00:00:00+00:00,1295.46,1298.23,1288.65,1293.19,43525,1000
2014-05-14 00:00:00+00:00,1293.26,1308.65,1291.15,1305.46,43009,1000
2014-05-15 00:00:00+00:00,1304.95,1306.69,1290.51,1295.72,44770,1000
2014-05-16 00:00:00+00:00,1296.05,1297.89,1287.36,1292.96,41412,1000
2014-05-19 00:00:00+00:00,1292.65,1305.0,1289.08,1292.55,49489,1000
2014-05-20 00:00:00+00:00,1292.35,1296.48,1285.51,1293.78,52948,1000
2014-05-21 00:00:00+00:00,1293.65,1295.87,1282.85,1291.58,53688,1000
2014-05-22 00:00:00+00:00,1291.8,1303.31,1289.65,1293.59,48779,1000
2014-05-23 00:00:00+00:00,1293.65,1295.1,1286.24,1292.12,41674,1000
2014-05-27 00:00:00+00:00,1285.41,1286.17,1263.97,1264.4,48679,1000
2014-05-28 00:00:00+00:00,1264.27,1266.75,1255.57,1257.72,56111,1000
2014-05-29 00:00:00+00:00,1258.07,1260.05,1251.04,1255.16,55781,1000
2014-05-30 00:00:00+00:00,1255.41,1259.98,1241.86,1249.13,54903,1000
2014-06-02 00:00:00+00:00,1249.95,1250.43,1240.58,1243.31,45577,1000
2014-06-03 00:00:00+00:00,1243.63,1247.3,1240.22,1244.48,47204,1000
2014-06-04 00:00:00+00:00,1244.4,1248.63,1242.46,1243.46,43451,1000
2014-06-05 00:00:00+00:00,1243.3,1257.32,1240.67,1253.2,53231,1000
2014-06-06 00:00:00+00:00,1253.0,1257.43,1245.48,1252.78,52230,1000
2014-06-09 00:00:00+00:00,1252.56,1256.61,1251.15,1251.86,34521,1000
2014-06-10 00:00:00+00:00,1251.93,1263.13,1249.9,1259.4,42615,1000
2014-06-11 00:00:00+00:00,1259.81,1264.9,1257.48,1260.56,40323,1000
2014-06-12 00:00:00+00:00,1260.58,1274.44,1259.5,1272.95,52267,1000
2014-06-13 00:00:00+00:00,1272.7,1277.51,1270.4,1276.39,48200,1000
2014-06-16 00:00:00+00:00,1276.12,1284.51,1270.17,1271.44,52260,1000
2014-06-17 00:00:00+00:00,1271.17,1272.89,1258.38,1270.12,46274,1000
2014-06-18 00:00:00+00:00,1271.45,1278.1,1265.88,1277.19,46774,1000
2014-06-19 00:00:00+00:00,1277.41,1321.13,1275.51,1319.95,66773,1000
2014-06-20 00:00:00+00:00,1319.45,1321.59,1306.03,1314.23,61894,1000
2014-06-23 00:00:00+00:00,1313.9,1318.12,1309.56,1317.03,48073,1000
2014-06-24 00:00:00+00:00,1317.0,1325.53,1313.44,1317.77,50444,1000
2014-06-25 00:00:00+00:00,1317.8,1324.41,1307.65,1318.65,51837,1000
2014-06-26 00:00:00+00:00,1318.41,1319.35,1305.84,1316.08,51428,1000
2014-06-27 00:00:00+00:00,1316.3,1321.88,1312.26,1315.75,47432,1000
2014-06-30 00:00:00+00:00,1316.16,1329.08,1309.98,1326.83,56234,1000
2014-07-01 00:00:00+00:00,1326.33,1332.58,1323.37,1325.92,57626,1000
2014-07-02 00:00:00+00:00,1325.98,1331.68,1320.95,1326.3,52164,1000
2014-07-03 00:00:00+00:00,1327.0,1327.2,1308.88,1319.11,56458,1000
2014-07-07 00:00:00+00:00,1320.18,1320.36,1311.04,1319.5,41927,1000
2014-07-08 00:00:00+00:00,1319.28,1324.4,1313.09,1318.79,45773,1000
2014-07-09 00:00:00+00:00,1319.08,1331.82,1317.43,1327.34,51911,1000
2014-07-10 00:00:00+00:00,1323.86,1344.82,1323.83,1335.26,61260,1000
2014-07-11 00:00:00+00:00,1335.5,1338.79,1333.33,1338.18,41634,1000
2014-07-14 00:00:00+00:00,1338.26,1339.18,1302.63,1306.61,68672,1000
2014-07-15 00:00:00+00:00,1307.98,1313.39,1291.81,1293.55,63633,1000
2014-07-16 00:00:00+00:00,1294.03,1303.29,1292.78,1298.71,51839,1000
2014-07-17 00:00:00+00:00,1299.35,1324.04,1297.28,1318.69,68244,1000
2014-07-18 00:00:00+00:00,1318.0,1324.27,1304.12,1310.43,57573,1000
2014-07-21 00:00:00+00:00,1310.08,1317.96,1307.01,1312.01,41368,1000
2014-07-22 00:00:00+00:00,1311.36,1315.42,1301.59,1305.9,54451,1000
2014-07-23 00:00:00+00:00,1307.04,1310.83,1302.74,1304.11,40931,1000
2014-07-24 00:00:00+00:00,1303.65,1304.77,1287.23,1293.22,59112,1000
2014-07-25 00:00:00+00:00,1293.35,1308.19,1290.5,1306.66,46100,1000
2014-07-28 00:00:00+00:00,1307.42,1308.8,1300.93,1303.66,46440,1000
2014-07-29 00:00:00+00:00,1303.34,1311.82,1295.75,1298.72,49528,1000
2014-07-30 00:00:00+00:00,1298.33,1303.27,1291.41,1295.72,49018,1000
2014-07-31 00:00:00+00:00,1295.19,1296.87,1280.09,1282.23,52953,1000
2014-08-01 00:00:00+00:00,1282.52,1296.83,1280.02,1293.32,54750,1000
2014-08-04 00:00:00+00:00,1292.67,1294.99,1285.69,1287.72,23867,0
2014-08-05 00:00:00+00:00,1287.74,1293.6,1282.07,1288.31,32541,1000
2014-08-06 00:00:00+00:00,1287.5,1309.11,1287.24,1305.3,52532,1000
2014-08-07 00:00:00+00:00,1305.43,1314.15,1301.6,1312.02,53927,1000
2014-08-08 00:00:00+00:00,1312.6,1322.3,1305.43,1309.08,62814,1000
2014-08-11 00:00:00+00:00,1308.45,1311.16,1304.79,1307.99,37802,1000
2014-08-12 00:00:00+00:00,1307.57,1317.43,1305.26,1308.97,40984,1000
2014-08-13 00:00:00+00:00,1308.06,1314.64,1304.48,1312.31,30702,1000
2014-08-14 00:00:00+00:00,1311.8,1319.03,1308.37,1313.06,30000,1000
2014-08-15 00:00:00+00:00,1311.82,1314.75,1291.98,1304.22,44315,1000
2014-08-18 00:00:00+00:00,1303.01,1303.27,1295.21,1297.9,23332,1000
2014-08-19 00:00:00+00:00,1297.06,1301.93,1293.46,1295.24,22691,1000
2014-08-20 00:00:00+00:00,1295.47,1297.56,1287.44,1291.41,25965,1000
2014-08-21 00:00:00+00:00,1290.46,1290.71,1272.5,1276.31,33091,1000
2014-08-22 00:00:00+00:00,1277.15,1282.55,1273.78,1280.66,27983,1000
2014-08-25 00:00:00+00:00,1280.81,1280.81,1273.91,1276.28,20267,1000
2014-08-26 00:00:00+00:00,1276.12,1290.57,1275.01,1280.63,30136,1000
2014-08-27 00:00:00+00:00,1280.28,1286.96,1279.75,1282.14,19827,1000
2014-08-28 00:00:00+00:00,1282.39,1296.14,1281.92,1289.05,31528,1000
2014-08-29 00:00:00+00:00,1289.02,1290.98,1283.01,1286.9,23501,1000
2014-09-02 00:00:00+00:00,1275.53,1277.63,1262.04,1264.86,30915,1000
2014-09-03 00:00:00+00:00,1265.69,1271.1,1260.86,1268.86,28944,1000
2014-09-04 00:00:00+00:00,1268.76,1276.84,1260.17,1261.45,43383,1000
2014-09-05 00:00:00+00:00,1260.6,1273.29,1256.86,1268.33,31908,1000
2014-09-08 00:00:00+00:00,1268.39,1271.4,1251.06,1254.93,31720,1000
2014-09-09 00:00:00+00:00,1255.99,1257.75,1247.1,1254.98,35413,1000
2014-09-10 00:00:00+00:00,1255.05,1257.35,1243.43,1249.31,37332,1000
2014-09-11 00:00:00+00:00,1248.69,1249.73,1234.51,1240.47,41656,1000
2014-09-12 00:00:00+00:00,1239.95,1241.28,1227.2,1229.25,39085,1000
2014-09-15 00:00:00+00:00,1227.33,1238.17,1225.23,1232.77,28148,1000
2014-09-16 00:00:00+00:00,1232.19,1241.84,1231.24,1235.12,36083,1000
2014-09-17 00:00:00+00:00,1234.24,1239.24,1221.03,1223.01,42449,1000
2014-09-18 00:00:00+00:00,1222.1,1227.55,1215.39,1224.6,41944,1000
2014-09-19 00:00:00+00:00,1224.95,1228.21,1213.36,1215.12,54071,1000
2014-09-22 00:00:00+00:00,1215.49,1220.02,1207.84,1214.54,40707,1000
2014-09-23 00:00:00+00:00,1214.16,1235.06,1213.85,1222.94,45064,1000
2014-09-24 00:00:00+00:00,1222.39,1225.68,1215.31,1216.58,39607,1000
2014-09-25 00:00:00+00:00,1216.42,1224.18,1206.5,1221.08,49459,1000
2014-09-26 00:00:00+00:00,1221.25,1230.91,1211.93,1217.85,39014,1000
2014-09-29 00:00:00+00:00,1218.46,1222.93,1214.52,1215.31,34094,1000
2014-09-30 00:00:00+00:00,1214.72,1219.76,1204.1,1207.74,52118,1000
2014-10-01 00:00:00+00:00,1208.45,1218.99,1204.25,1213.32,45057,1000
2014-10-02 00:00:00+00:00,1212.49,1222.0,1208.25,1214.11,64440,0
2014-10-03 00:00:00+00:00,1213.38,1214.95,1189.62,1191.11,46906,1000
2014-10-06 00:00:00+00:00,1191.18,1208.62,1182.69,1206.78,47996,1000
2014-10-07 00:00:00+00:00,1207.02,1213.09,1202.52,1208.5,48682,1000
2014-10-08 00:00:00+00:00,1209.02,1223.76,1204.55,1220.69,61130,1000
2014-10-09 00:00:00+00:00,1220.94,1232.97,1218.61,1223.8,56669,1000
2014-10-10 00:00:00+00:00,1223.2,1225.09,1217.0,1222.71,41650,1000
2014-10-13 00:00:00+00:00,1223.64,1237.4,1222.96,1235.33,40788,1000
2014-10-14 00:00:00+00:00,1236.76,1237.79,1230.55,1232.24,39455,1000
2014-10-15 00:00:00+00:00,1232.2,1249.34,1221.46,1241.56,83447,1000
2014-10-16 00:00:00+00:00,1241.65,1244.83,1235.01,1238.28,74941,1000
2014-10-17 00:00:00+00:00,1238.43,1241.32,1231.28,1237.73,46333,0
2014-10-20 00:00:00+00:00,1238.47,1248.36,1234.18,1246.42,33120,1000
2014-10-21 00:00:00+00:00,1246.06,1254.83,1244.94,1248.2,43192,1000
2014-10-22 00:00:00+00:00,1248.36,1249.37,1240.05,1240.78,35864,1000
2014-10-23 00:00:00+00:00,1241.11,1244.22,1225.89,1231.38,38094,1000
2014-10-24 00:00:00+00:00,1233.4,1233.83,1228.34,1230.53,28716,1000
2014-10-27 00:00:00+00:00,1229.82,1231.6,1225.04,1226.03,25282,1000
2014-10-28 00:00:00+00:00,1225.55,1235.18,1222.1,1228.02,37326,1000
2014-10-29 00:00:00+00:00,1227.47,1230.17,1207.96,1211.74,35277,1000
2014-10-30 00:00:00+00:00,1211.11,1216.3,1195.56,1198.31,55864,1000
2014-10-31 00:00:00+00:00,1199.36,1202.35,1160.77,1172.29,85760,1000
2014-11-03 00:00:00+00:00,1171.21,1173.49,1161.27,1165.02,43046,1000
2014-11-04 00:00:00+00:00,1164.58,1174.54,1163.5,1167.89,42816,1000
2014-11-05 00:00:00+00:00,1168.2,1169.36,1137.4,1140.08,68753,1000
2014-11-06 00:00:00+00:00,1140.81,1149.2,1137.73,1141.33,52947,1000
2014-11-07 00:00:00+00:00,1141.25,1178.36,1131.37,1177.56,74782,1000
2014-11-10 00:00:00+00:00,1177.16,1177.61,1146.96,1150.94,60329,1000
2014-11-11 00:00:00+00:00,1151.85,1172.86,1145.75,1163.82,63982,1000
2014-11-12 00:00:00+00:00,1163.45,1169.72,1156.91,1162.15,60167,1000
2014-11-13 00:00:00+00:00,1161.54,1167.7,1153.59,1162.01,56352,1000
2014-11-14 00:00:00+00:00,1162.09,1193.19,1146.47,1188.32,78341,1000
2014-11-17 00:00:00+00:00,1185.91,1193.86,1181.1,1186.14,65375,1000
2014-11-18 00:00:00+00:00,1185.94,1204.28,1183.01,1196.55,54690,1000
2014-11-19 00:00:00+00:00,1196.4,1201.79,1174.7,1182.2,80762,1000
2014-11-20 00:00:00+00:00,1183.16,1196.73,1176.43,1193.3,69927,1000
2014-11-21 00:00:00+00:00,1193.81,1207.44,1186.41,1200.96,64539,1000
2014-11-24 00:00:00+00:00,1200.43,1203.88,1192.41,1196.61,38629,1000
2014-11-25 00:00:00+00:00,1198.43,1202.53,1189.96,1200.49,53711,1000
2014-11-26 00:00:00+00:00,1200.9,1201.39,1194.48,1197.41,37787,1000
2014-11-27 00:00:00+00:00,1197.6,1199.25,1185.28,1189.09,41688,1000
2014-11-28 00:00:00+00:00,1190.4,1191.0,1164.83,1166.65,59968,1000
2014-12-01 00:00:00+00:00,1159.96,1220.83,1142.41,1211.51,123473,1000
2014-12-02 00:00:00+00:00,1212.3,1212.91,1191.57,1197.9,78338,1000
2014-12-03 00:00:00+00:00,1197.46,1214.71,1194.11,1208.93,50959,1000
2014-12-04 00:00:00+00:00,1208.74,1212.97,1200.9,1204.79,56364,1000
2014-12-05 00:00:00+00:00,1205.34,1207.21,1185.89,1191.73,64824,1000
2014-12-08 00:00:00+00:00,1190.45,1208.56,1186.76,1203.02,45861,1000
2014-12-09 00:00:00+00:00,1203.43,1237.85,1198.95,1230.69,82762,1000
2014-12-10 00:00:00+00:00,1230.07,1237.82,1224.27,1225.88,76772,1000
2014-12-11 00:00:00+00:00,1225.05,1232.34,1215.51,1227.09,78508,1000
2014-12-12 00:00:00+00:00,1226.8,1227.81,1213.9,1222.17,70213,1000
2014-12-15 00:00:00+00:00,1220.76,1223.82,1190.2,1192.65,77782,1000
2014-12-16 00:00:00+00:00,1194.29,1223.06,1186.98,1196.49,99189,1000
2014-12-17 00:00:00+00:00,1194.77,1202.54,1182.88,1189.18,82888,1000
2014-12-18 00:00:00+00:00,1188.83,1213.47,1188.08,1198.25,65186,1000
2014-12-19 00:00:00+00:00,1197.65,1200.91,1193.3,1195.13,47382,1000
2014-12-22 00:00:00+00:00,1195.45,1202.93,1170.3,1175.76,55755,1000
2014-12-23 00:00:00+00:00,1175.44,1184.58,1172.19,1175.97,43820,1000
2014-12-24 00:00:00+00:00,1176.11,1180.75,1172.48,1174.14,20035,1000
2014-12-26 00:00:00+00:00,1184.51,1198.72,1184.43,1195.55,28771,1000
2014-12-29 00:00:00+00:00,1194.38,1197.12,1178.45,1182.81,42721,1000
2014-12-30 00:00:00+00:00,1182.16,1210.31,1180.35,1200.04,65569,1000
2014-12-31 00:00:00+00:00,1199.4,1203.41,1182.39,1188.12,31501,1000
2015-01-02 00:00:00+00:00,1185.52,1194.62,1167.16,1188.22,57099,1000
2015-01-05 00:00:00+00:00,1187.94,1207.06,1177.71,1204.25,67542,1000
2015-01-06 00:00:00+00:00,1203.4,1222.75,1201.29,1218.17,65502,1000
2015-01-07 00:00:00+00:00,1218.36,1218.74,1208.62,1210.77,60627,1000
2015-01-08 00:00:00+00:00,1210.53,1216.23,1204.12,1208.3,47413,1000
2015-01-09 00:00:00+00:00,1208.26,1223.59,1206.85,1222.81,56450,1000
2015-01-12 00:00:00+00:00,1222.76,1235.47,1217.2,1232.87,47978,1000
2015-01-13 00:00:00+00:00,1232.86,1243.82,1226.85,1229.99,59047,1000
2015-01-14 00:00:00+00:00,1230.5,1244.04,1224.67,1228.25,72954,1000
2015-01-15 00:00:00+00:00,1228.85,1266.39,1225.66,1262.36,99274,1000
2015-01-16 00:00:00+00:00,1262.75,1281.65,1254.61,1279.95,76214,1000
2015-01-20 00:00:00+00:00,1275.73,1296.74,1275.73,1294.76,78161,1000
2015-01-21 00:00:00+00:00,1294.42,1305.1,1284.21,1292.56,86112,1000
2015-01-22 00:00:00+00:00,1292.95,1307.16,1279.15,1301.65,79128,1000
2015-01-23 00:00:00+00:00,1302.2,1302.2,1283.98,1293.86,53668,1000
2015-01-26 00:00:00+00:00,1292.73,1298.82,1275.48,1280.92,66637,1000
2015-01-27 00:00:00+00:00,1280.73,1297.17,1271.92,1291.8,66729,1000
2015-01-28 00:00:00+00:00,1292.07,1293.31,1279.35,1284.05,56438,1000
2015-01-29 00:00:00+00:00,1283.15,1285.55,1251.6,1256.92,76358,1000
2015-01-30 00:00:00+00:00,1258.39,1284.39,1256.79,1283.11,61049,1000
2015-02-02 00:00:00+00:00,1282.1,1282.96,1266.03,1273.88,58535,1000
2015-02-03 00:00:00+00:00,1274.7,1285.33,1255.09,1259.86,60163,1000
2015-02-04 00:00:00+00:00,1260.61,1272.15,1256.32,1268.74,62183,1000
2015-02-05 00:00:00+00:00,1269.9,1273.7,1255.91,1264.36,55105,1000
2015-02-06 00:00:00+00:00,1265.58,1268.38,1227.91,1233.36,62814,1000
2015-02-09 00:00:00+00:00,1235.41,1243.23,1233.98,1238.56,37708,1000
2015-02-10 00:00:00+00:00,1237.98,1245.51,1230.56,1233.17,41699,1000
2015-02-11 00:00:00+00:00,1233.63,1238.34,1216.28,1218.54,39784,1000
2015-02-12 00:00:00+00:00,1218.14,1232.53,1217.81,1221.44,44470,1000
2015-02-13 00:00:00+00:00,1222.96,1234.6,1222.49,1229.28,39876,1000
2015-02-17 00:00:00+00:00,1225.04,1225.17,1203.4,1209.22,38577,1000
2015-02-18 00:00:00+00:00,1209.27,1213.13,1197.26,1211.96,43388,1000
2015-02-19 00:00:00+00:00,1212.32,1222.59,1205.03,1206.24,44865,1000
2015-02-20 00:00:00+00:00,1207.56,1215.0,1197.9,1201.41,48975,1000
2015-02-23 00:00:00+00:00,1203.36,1209.96,1190.48,1201.28,40475,1000
2015-02-24 00:00:00+00:00,1201.78,1204.15,1190.04,1200.03,47465,1000
2015-02-25 00:00:00+00:00,1200.73,1211.44,1200.68,1204.5,36554,1000
2015-02-26 00:00:00+00:00,1203.66,1219.6,1203.22,1208.96,48819,1000
2015-02-27 00:00:00+00:00,1208.42,1218.96,1204.03,1212.76,44100,1000
2015-03-02 00:00:00+00:00,1213.51,1222.85,1204.23,1206.35,52001,1000
2015-03-03 00:00:00+00:00,1206.16,1214.37,1194.98,1203.24,50915,1000
2015-03-04 00:00:00+00:00,1203.73,1208.61,1197.91,1199.83,44439,1000
2015-03-05 00:00:00+00:00,1200.27,1209.02,1196.1,1198.12,42907,1000
2015-03-06 00:00:00+00:00,1197.7,1200.31,1163.4,1167.22,62243,1000
2015-03-09 00:00:00+00:00,1168.77,1174.95,1165.46,1166.63,32344,1000
2015-03-10 00:00:00+00:00,1166.9,1170.12,1154.77,1161.34,51244,1000
2015-03-11 00:00:00+00:00,1161.87,1164.84,1147.11,1154.84,43867,1000
2015-03-12 00:00:00+00:00,1155.41,1166.24,1148.24,1153.23,46920,1000
2015-03-13 00:00:00+00:00,1153.26,1161.36,1151.02,1157.95,35821,1000
2015-03-16 00:00:00+00:00,1158.09,1163.71,1149.99,1154.35,33327,1000
2015-03-17 00:00:00+00:00,1154.53,1159.46,1142.36,1148.98,43513,0
2015-03-18 00:00:00+00:00,1148.73,1175.31,1145.55,1167.02,54881,1000
2015-03-19 00:00:00+00:00,1167.19,1177.43,1159.19,1170.67,58820,1000
2015-03-20 00:00:00+00:00,1170.93,1187.55,1168.38,1182.07,47210,1000
2015-03-23 00:00:00+00:00,1183.83,1191.21,1178.95,1188.96,41865,1000
2015-03-24 00:00:00+00:00,1189.2,1194.64,1185.03,1192.78,39614,1000
2015-03-25 00:00:00+00:00,1192.64,1199.32,1186.27,1195.04,38556,1000
2015-03-26 00:00:00+00:00,1195.05,1219.34,1194.1,1204.27,49112,1000
2015-03-27 00:00:00+00:00,1203.41,1205.81,1192.19,1198.22,39417,1000
2015-03-30 00:00:00+00:00,1198.41,1199.09,1182.01,1185.74,35509,1000
2015-03-31 00:00:00+00:00,1185.27,1190.34,1178.07,1183.16,37198,1000
2015-04-01 00:00:00+00:00,1183.26,1208.19,1180.49,1203.55,40946,1000
2015-04-02 00:00:00+00:00,1203.77,1206.97,1194.56,1202.31,35501,1000
2015-04-06 00:00:00+00:00,1221.9,1223.83,1213.62,1214.45,18376,1000
2015-04-07 00:00:00+00:00,1214.36,1215.41,1207.13,1208.7,29763,1000
2015-04-08 00:00:00+00:00,1208.45,1211.99,1197.1,1202.16,42294,1000
2015-04-09 00:00:00+00:00,1202.52,1203.01,1192.26,1194.33,34310,1000
2015-04-10 00:00:00+00:00,1193.87,1210.33,1192.85,1206.88,33754,1000
2015-04-13 00:00:00+00:00,1206.9,1209.11,1195.99,1198.4,31964,1000
2015-04-14 00:00:00+00:00,1198.35,1201.13,1183.6,1192.38,49396,1000
2015-04-15 00:00:00+00:00,1192.19,1204.26,1188.58,1202.03,40795,1000
2015-04-16 00:00:00+00:00,1201.95,1208.72,1194.35,1198.07,49775,1000
2015-04-17 00:00:00+00:00,1198.71,1207.41,1197.06,1203.73,37879,1000
2015-04-20 00:00:00+00:00,1204.61,1208.83,1190.98,1195.31,41198,1000
2015-04-21 00:00:00+00:00,1196.1,1203.91,1192.75,1201.82,28786,1000
2015-04-22 00:00:00+00:00,1202.5,1204.43,1185.36,1186.57,38184,1000
2015-04-23 00:00:00+00:00,1187.28,1197.66,1183.97,1193.47,36715,1000
2015-04-24 00:00:00+00:00,1193.36,1195.62,1174.79,1179.0,36460,1000
2015-04-27 00:00:00+00:00,1179.59,1206.85,1178.23,1201.68,37225,1000
2015-04-28 00:00:00+00:00,1201.92,1214.65,1198.81,1211.98,36759,1000
2015-04-29 00:00:00+00:00,1211.44,1213.66,1201.0,1204.35,42997,1000
2015-04-30 00:00:00+00:00,1204.58,1206.84,1176.68,1183.92,50346,1000
2015-05-01 00:00:00+00:00,1184.36,1184.84,1169.92,1177.97,33683,1000
2015-05-04 00:00:00+00:00,1177.81,1192.45,1177.36,1187.87,32664,1000
2015-05-05 00:00:00+00:00,1187.8,1199.48,1185.35,1192.7,32020,1000
2015-05-06 00:00:00+00:00,1192.86,1197.32,1187.91,1191.75,39066,1000
2015-05-07 00:00:00+00:00,1191.53,1192.44,1178.51,1184.11,36916,1000
2015-05-08 00:00:00+00:00,1184.35,1193.48,1181.31,1187.96,45461,1000
2015-05-11 00:00:00+00:00,1189.26,1191.38,1178.52,1183.47,26141,1000
2015-05-12 00:00:00+00:00,1183.16,1196.81,1180.32,1193.42,34435,1000
2015-05-13 00:00:00+00:00,1192.6,1218.5,1190.93,1215.23,47175,1000
2015-05-14 00:00:00+00:00,1215.0,1226.89,1211.97,1220.58,47050,1000
2015-05-15 00:00:00+00:00,1220.8,1225.8,1210.61,1223.58,39637,1000
2015-05-18 00:00:00+00:00,1223.58,1232.0,1221.21,1225.0,37041,1000
2015-05-19 00:00:00+00:00,1225.31,1225.36,1205.4,1207.29,42650,1000
2015-05-20 00:00:00+00:00,1207.75,1213.15,1202.87,1209.35,41141,1000
2015-05-21 00:00:00+00:00,1209.36,1212.41,1201.06,1205.8,31561,1000
2015-05-22 00:00:00+00:00,1206.21,1214.5,1201.13,1205.67,32603,1000
2015-05-26 00:00:00+00:00,1196.12,1197.64,1185.2,1186.5,30405,1000
2015-05-27 00:00:00+00:00,1187.31,1190.56,1183.3,1187.55,34685,1000
2015-05-28 00:00:00+00:00,1187.56,1191.79,1179.98,1187.58,38835,1000
2015-05-29 00:00:00+00:00,1187.61,1193.57,1185.35,1189.7,34593,1000
2015-06-01 00:00:00+00:00,1189.21,1203.89,1184.16,1188.81,41905,1000
2015-06-02 00:00:00+00:00,1189.05,1195.93,1185.53,1192.44,37325,1000
2015-06-03 00:00:00+00:00,1192.9,1195.01,1179.14,1184.57,41855,1000
2015-06-04 00:00:00+00:00,1184.76,1186.08,1172.51,1176.44,47080,1000
2015-06-05 00:00:00+00:00,1176.81,1178.15,1162.33,1171.36,42366,1000
2015-06-08 00:00:00+00:00,1170.63,1177.26,1168.73,1173.49,43226,1000
2015-06-09 00:00:00+00:00,1173.7,1182.56,1172.17,1176.5,33641,1000
2015-06-10 00:00:00+00:00,1176.31,1191.92,1174.8,1185.53,42130,1000
2015-06-11 00:00:00+00:00,1185.81,1187.63,1175.3,1181.6,38326,1000
2015-06-12 00:00:00+00:00,1181.25,1183.95,1176.28,1181.06,32911,1000
2015-06-15 00:00:00+00:00,1180.43,1189.96,1172.4,1185.92,37810,1000
2015-06-16 00:00:00+00:00,1185.3,1187.5,1175.71,1181.7,29011,1000
2015-06-17 00:00:00+00:00,1181.04,1188.81,1174.26,1185.16,37559,1000
2015-06-18 00:00:00+00:00,1184.75,1205.4,1183.29,1201.55,44147,1000
2015-06-19 00:00:00+00:00,1201.47,1203.78,1198.0,1199.74,27416,1000
2015-06-22 00:00:00+00:00,1199.51,1200.67,1181.75,1185.53,28940,1000
2015-06-23 00:00:00+00:00,1185.36,1187.73,1175.81,1178.24,31294,0
2015-06-24 00:00:00+00:00,1177.78,1179.87,1169.52,1174.93,31330,1000
2015-06-25 00:00:00+00:00,1174.75,1177.69,1171.18,1172.68,28336,0
2015-06-26 00:00:00+00:00,1172.76,1178.3,1168.1,1174.82,29274,1000
2015-06-29 00:00:00+00:00,1184.27,1187.82,1173.44,1179.23,50473,1000
2015-06-30 00:00:00+00:00,1179.93,1180.12,1166.33,1171.74,48223,1000
2015-07-01 00:00:00+00:00,1172.31,1174.67,1167.22,1168.35,48131,1000
2015-07-02 00:00:00+00:00,1168.26,1169.16,1156.71,1165.82,39771,1000
2015-07-06 00:00:00+00:00,1172.88,1174.47,1162.48,1169.89,40013,1000
2015-07-07 00:00:00+00:00,1169.26,1170.16,1147.61,1154.75,49244,1000
2015-07-08 00:00:00+00:00,1154.77,1164.29,1146.83,1157.53,54473,1000
2015-07-09 00:00:00+00:00,1158.01,1167.39,1155.62,1158.79,46311,1000
2015-07-10 00:00:00+00:00,1159.45,1165.04,1157.03,1163.05,41486,1000
2015-07-13 00:00:00+00:00,1163.0,1164.59,1150.68,1157.5,34941,1000
2015-07-14 00:00:00+00:00,1157.45,1159.41,1152.54,1155.21,27244,1000
2015-07-15 00:00:00+00:00,1154.81,1156.45,1142.83,1148.86,32644,1000
2015-07-16 00:00:00+00:00,1147.09,1149.03,1141.93,1144.9,29392,1000
2015-07-17 00:00:00+00:00,1145.1,1145.41,1130.67,1134.03,30605,1000
2015-07-20 00:00:00+00:00,1133.3,1133.35,1071.27,1096.19,68225,1000
2015-07-21 00:00:00+00:00,1098.85,1109.52,1096.6,1100.76,42117,1000
2015-07-22 00:00:00+00:00,1100.77,1103.05,1086.65,1093.66,47098,1000
2015-07-23 00:00:00+00:00,1094.01,1105.34,1086.88,1090.07,41173,1000
2015-07-24 00:00:00+00:00,1090.41,1101.19,1076.88,1098.59,55012,1000
2015-07-27 00:00:00+00:00,1099.01,1104.66,1088.11,1093.71,44932,1000
2015-07-28 00:00:00+00:00,1094.52,1098.59,1091.21,1094.8,33158,1000
2015-07-29 00:00:00+00:00,1094.75,1101.54,1090.0,1096.51,40181,1000
2015-07-30 00:00:00+00:00,1097.0,1098.28,1082.14,1088.2,38156,1000
2015-07-31 00:00:00+00:00,1088.15,1103.11,1079.66,1095.27,40817,1000
2015-08-03 00:00:00+00:00,1095.1,1097.35,1085.47,1086.37,31065,1000
2015-08-04 00:00:00+00:00,1085.66,1094.65,1080.62,1087.25,34204,1000
2015-08-05 00:00:00+00:00,1087.46,1092.15,1082.63,1084.65,33167,1000
2015-08-06 00:00:00+00:00,1084.43,1093.64,1083.15,1089.11,28010,1000
2015-08-07 00:00:00+00:00,1089.06,1099.15,1082.16,1093.63,38948,1000
2015-08-10 00:00:00+00:00,1093.95,1108.51,1089.28,1104.02,33275,1000
2015-08-11 00:00:00+00:00,1103.86,1119.08,1093.48,1108.38,47368,1000
2015-08-12 00:00:00+00:00,1108.25,1125.47,1101.45,1124.15,56157,1000
2015-08-13 00:00:00+00:00,1125.31,1126.37,1113.27,1114.58,35068,1000
2015-08-14 00:00:00+00:00,1114.7,1120.7,1111.39,1114.46,31504,1000
2015-08-17 00:00:00+00:00,1113.97,1122.45,1113.37,1117.1,27082,1000
2015-08-18 00:00:00+00:00,1117.24,1120.8,1109.2,1117.28,31060,1000
2015-08-19 00:00:00+00:00,1117.41,1134.26,1115.86,1133.79,37727,1000
2015-08-20 00:00:00+00:00,1133.3,1153.63,1132.3,1151.63,41673,1000
2015-08-21 00:00:00+00:00,1153.13,1167.92,1148.53,1160.03,57661,1000
2015-08-24 00:00:00+00:00,1160.42,1169.73,1145.47,1154.55,97742,1000
2015-08-25 00:00:00+00:00,1155.36,1156.26,1134.24,1140.31,72959,1000
2015-08-26 00:00:00+00:00,1139.97,1146.07,1117.34,1124.76,73336,1000
2015-08-27 00:00:00+00:00,1125.28,1128.93,1117.82,1124.22,47858,1000
2015-08-28 00:00:00+00:00,1125.11,1140.49,1123.4,1133.23,51310,1000
2015-08-31 00:00:00+00:00,1132.92,1136.32,1125.22,1134.49,31533,1000
2015-09-01 00:00:00+00:00,1134.16,1147.53,1134.0,1139.76,47395,1000
2015-09-02 00:00:00+00:00,1139.51,1142.06,1131.68,1133.54,38283,1000
2015-09-03 00:00:00+00:00,1133.55,1133.95,1121.51,1124.87,36989,1000
2015-09-04 00:00:00+00:00,1124.76,1132.42,1116.31,1121.41,37075,1000
2015-09-07 00:00:00+00:00,1122.44,1123.23,1115.65,1118.83,9237,1000
2015-09-08 00:00:00+00:00,1120.51,1126.38,1118.91,1120.93,23655,1000
2015-09-09 00:00:00+00:00,1121.31,1124.99,1100.89,1107.2,35364,1000
2015-09-10 00:00:00+00:00,1106.12,1114.6,1103.45,1110.24,35916,1000
2015-09-11 00:00:00+00:00,1110.62,1112.46,1098.34,1107.32,33399,1000
2015-09-14 00:00:00+00:00,1107.41,1110.16,1103.11,1108.43,24806,1000
2015-09-15 00:00:00+00:00,1107.56,1109.01,1102.08,1104.83,24404,1000
2015-09-16 00:00:00+00:00,1104.96,1123.83,1103.56,1119.03,32496,1000
2015-09-17 00:00:00+00:00,1118.81,1135.43,1114.98,1131.02,43305,1000
2015-09-18 00:00:00+00:00,1130.1,1141.37,1127.2,1138.69,40988,1000
2015-09-21 00:00:00+00:00,1138.9,1139.61,1129.13,1132.91,24426,1000
2015-09-22 00:00:00+00:00,1132.85,1136.25,1120.96,1124.21,30195,1000
2015-09-23 00:00:00+00:00,1124.01,1133.98,1121.53,1129.84,25638,1000
2015-09-24 00:00:00+00:00,1129.96,1156.32,1129.87,1153.61,43438,1000
2015-09-25 00:00:00+00:00,1150.98,1150.98,1140.34,1145.57,37711,1000
2015-09-28 00:00:00+00:00,1144.91,1147.89,1127.61,1131.59,40979,1000
2015-09-29 00:00:00+00:00,1131.79,1134.39,1123.76,1126.81,36878,1000
2015-09-30 00:00:00+00:00,1127.03,1127.77,1111.3,1114.28,41249,1000
2015-10-01 00:00:00+00:00,1114.86,1118.82,1110.68,1113.04,28791,1000
2015-10-02 00:00:00+00:00,1112.87,1140.9,1104.22,1138.05,62710,1000
2015-10-05 00:00:00+00:00,1137.36,1141.59,1129.78,1135.17,43456,1000
2015-10-06 00:00:00+00:00,1134.8,1150.84,1134.63,1146.82,38146,1000
2015-10-07 00:00:00+00:00,1146.61,1153.3,1141.43,1144.88,39907,1000
2015-10-08 00:00:00+00:00,1145.15,1150.89,1136.2,1138.59,43630,1000
2015-10-09 00:00:00+00:00,1138.36,1159.24,1138.31,1155.62,47079,1000
2015-10-12 00:00:00+00:00,1155.12,1168.66,1154.47,1163.33,35154,1000
2015-10-13 00:00:00+00:00,1162.8,1168.35,1151.4,1168.26,49218,1000
2015-10-14 00:00:00+00:00,1168.16,1189.44,1162.87,1183.6,53610,1000
2015-10-15 00:00:00+00:00,1183.75,1191.13,1173.84,1182.72,57686,1000
2015-10-16 00:00:00+00:00,1182.2,1184.07,1173.98,1176.47,43624,1000
2015-10-19 00:00:00+00:00,1176.66,1177.91,1168.19,1170.45,39144,1000
2015-10-20 00:00:00+00:00,1170.37,1180.49,1166.99,1175.63,39650,1000
2015-10-21 00:00:00+00:00,1175.23,1178.85,1163.28,1166.76,43854,1000
2015-10-22 00:00:00+00:00,1166.51,1171.41,1162.22,1165.2,40490,1000
2015-10-23 00:00:00+00:00,1165.59,1178.98,1158.58,1163.98,51263,1000
2015-10-26 00:00:00+00:00,1163.55,1169.32,1161.83,1162.9,32547,1000
2015-10-27 00:00:00+00:00,1162.71,1168.36,1160.37,1166.35,32197,1000
2015-10-28 00:00:00+00:00,1166.3,1182.57,1151.88,1155.45,53487,1000
2015-10-29 00:00:00+00:00,1155.73,1162.3,1144.3,1145.6,49020,1000
2015-10-30 00:00:00+00:00,1146.45,1149.7,1138.9,1141.56,35648,1000
2015-11-02 00:00:00+00:00,1141.28,1142.64,1132.25,1133.03,27719,1000
2015-11-03 00:00:00+00:00,1132.85,1137.9,1114.03,1117.2,34876,1000
2015-11-04 00:00:00+00:00,1117.54,1122.45,1106.01,1107.49,37750,1000
2015-11-05 00:00:00+00:00,1107.11,1111.09,1102.65,1103.49,33857,1000
2015-11-06 00:00:00+00:00,1103.57,1110.07,1085.05,1088.95,47102,1000
2015-11-09 00:00:00+00:00,1089.53,1095.37,1087.98,1092.08,34137,1000
2015-11-10 00:00:00+00:00,1091.33,1094.66,1084.92,1089.32,30110,1000
2015-11-11 00:00:00+00:00,1089.16,1093.74,1083.76,1085.95,33347,1000
2015-11-12 00:00:00+00:00,1085.65,1089.26,1073.76,1084.85,48044,1000
2015-11-13 00:00:00+00:00,1083.75,1088.26,1079.3,1083.5,40967,1000
2015-11-16 00:00:00+00:00,1087.49,1097.72,1080.99,1082.24,42620,1000
2015-11-17 00:00:00+00:00,1082.97,1091.31,1065.12,1069.72,47307,1000
2015-11-18 00:00:00+00:00,1070.79,1075.12,1064.05,1070.3,45106,1000
2015-11-19 00:00:00+00:00,1069.85,1087.03,1069.14,1081.77,48421,1000
2015-11-20 00:00:00+00:00,1080.51,1087.71,1075.48,1077.57,44126,1000
2015-11-23 00:00:00+00:00,1076.5,1076.76,1066.3,1068.52,45635,1000
2015-11-24 00:00:00+00:00,1068.78,1080.72,1068.57,1075.21,44845,1000
2015-11-25 00:00:00+00:00,1074.95,1080.4,1067.91,1071.24,76800,0
2015-11-26 00:00:00+00:00,1071.13,1074.54,1069.37,1070.94,22232,1000
2015-11-27 00:00:00+00:00,1068.71,1068.79,1052.37,1057.9,23779,1000
2015-11-30 00:00:00+00:00,1057.05,1069.37,1052.77,1064.39,64011,1000
2015-12-01 00:00:00+00:00,1064.96,1074.25,1062.92,1069.08,54641,1000
2015-12-02 00:00:00+00:00,1068.26,1071.16,1050.21,1053.32,42714,1000
2015-12-03 00:00:00+00:00,1054.0,1065.05,1045.95,1061.76,86703,1000
2015-12-04 00:00:00+00:00,1062.61,1088.47,1057.77,1085.81,116313,1000
2015-12-07 00:00:00+00:00,1085.62,1086.29,1066.05,1070.77,92284,1000
2015-12-08 00:00:00+00:00,1070.42,1078.74,1067.29,1074.19,98061,1000
2015-12-09 00:00:00+00:00,1074.61,1084.93,1068.98,1072.23,92538,1000
2015-12-10 00:00:00+00:00,1071.78,1076.13,1069.05,1070.9,83555,1000
2015-12-11 00:00:00+00:00,1071.45,1079.21,1062.02,1074.18,95905,1000
2015-12-14 00:00:00+00:00,1073.09,1077.18,1058.24,1059.87,93785,1000
2015-12-15 00:00:00+00:00,1059.75,1068.27,1058.55,1060.66,87789,1000
2015-12-16 00:00:00+00:00,1060.69,1077.98,1060.55,1071.52,90847,1000
2015-12-17 00:00:00+00:00,1072.35,1072.93,1047.19,1051.08,95516,1000
2015-12-18 00:00:00+00:00,1052.11,1071.17,1050.57,1065.63,92123,1000
2015-12-21 00:00:00+00:00,1065.4,1081.35,1063.47,1078.16,73620,1000
2015-12-22 00:00:00+00:00,1077.99,1080.37,1071.47,1072.3,56424,1000
2015-12-23 00:00:00+00:00,1072.69,1074.79,1067.84,1069.98,47836,1000
2015-12-24 00:00:00+00:00,1069.91,1075.9,1069.81,1074.81,33940,1000
2015-12-28 00:00:00+00:00,1075.53,1076.65,1066.08,1068.59,55919,1000
2015-12-29 00:00:00+00:00,1068.44,1074.84,1067.12,1068.67,57797,1000
2015-12-30 00:00:00+00:00,1068.47,1071.8,1059.03,1061.09,46405,1000
2015-12-31 00:00:00+00:00,1060.96,1063.07,1060.34,1062.05,18893,1000
2016-01-04 00:00:00+00:00,1065.69,1083.07,1061.36,1074.09,93800,1000
2016-01-05 00:00:00+00:00,1072.98,1081.58,1072.26,1077.1,74632,1000
2016-01-06 00:00:00+00:00,1077.17,1094.81,1074.69,1093.12,101286,1000
2016-01-07 00:00:00+00:00,1093.45,1109.72,1091.01,1108.43,122048,1000
2016-01-08 00:00:00+00:00,1108.6,1112.76,1092.2,1104.17,119255,1000
2016-01-11 00:00:00+00:00,1103.68,1108.13,1093.25,1093.81,107911,1000
2016-01-12 00:00:00+00:00,1094.17,1098.84,1083.11,1086.42,107323,1000
2016-01-13 00:00:00+00:00,1086.99,1095.12,1079.43,1092.8,92431,1000
2016-01-14 00:00:00+00:00,1093.03,1094.99,1071.06,1077.72,116025,1000
2016-01-15 00:00:00+00:00,1078.5,1096.97,1075.9,1088.25,134497,1000
2016-01-18 00:00:00+00:00,1089.07,1092.91,1087.15,1088.86,65251,1000
2016-01-19 00:00:00+00:00,1088.71,1094.19,1082.01,1086.95,109125,1000
2016-01-20 00:00:00+00:00,1087.28,1109.25,1087.24,1100.47,107664,1000
2016-01-21 00:00:00+00:00,1100.49,1104.17,1092.09,1100.65,124415,1000
2016-01-22 00:00:00+00:00,1101.06,1102.4,1093.68,1097.13,90327,1000
2016-01-25 00:00:00+00:00,1097.37,1108.54,1096.86,1107.36,71085,1000
2016-01-26 00:00:00+00:00,1107.83,1122.53,1106.67,1119.51,81440,1000
2016-01-27 00:00:00+00:00,1119.59,1127.66,1114.51,1124.46,82916,1000
2016-01-28 00:00:00+00:00,1124.87,1125.46,1111.14,1114.52,90222,1000
2016-01-29 00:00:00+00:00,1114.5,1118.09,1107.98,1117.74,87265,1000
2016-02-01 00:00:00+00:00,1116.79,1129.35,1115.06,1127.95,70948,1000
2016-02-02 00:00:00+00:00,1127.97,1130.63,1121.9,1128.46,69449,1000
2016-02-03 00:00:00+00:00,1128.44,1145.1,1124.02,1142.0,111249,1000
2016-02-04 00:00:00+00:00,1141.31,1156.97,1139.01,1155.13,119104,1000
2016-02-05 00:00:00+00:00,1155.01,1174.15,1144.85,1172.98,111986,1000
2016-02-08 00:00:00+00:00,1170.69,1200.48,1163.88,1188.65,124989,1000
2016-02-09 00:00:00+00:00,1190.17,1198.53,1185.35,1188.63,135548,1000
2016-02-10 00:00:00+00:00,1188.86,1197.33,1181.12,1196.82,131879,1000
2016-02-11 00:00:00+00:00,1196.06,1262.93,1195.54,1246.19,182511,1000
2016-02-12 00:00:00+00:00,1246.8,1247.83,1232.1,1237.04,132240,1000
2016-02-16 00:00:00+00:00,1208.54,1216.59,1190.49,1199.57,130681,1000
2016-02-17 00:00:00+00:00,1201.06,1213.39,1195.3,1208.02,123517,1000
2016-02-18 00:00:00+00:00,1208.8,1239.57,1200.35,1230.64,116995,1000
2016-02-19 00:00:00+00:00,1230.14,1234.13,1219.61,1225.86,124443,1000
2016-02-22 00:00:00+00:00,1225.39,1225.83,1201.51,1208.45,108050,1000
2016-02-23 00:00:00+00:00,1208.76,1227.92,1206.82,1226.7,116416,1000
2016-02-24 00:00:00+00:00,1225.13,1252.92,1221.47,1228.45,162132,1000
2016-02-25 00:00:00+00:00,1227.96,1242.38,1220.79,1232.57,169178,1000
2016-02-26 00:00:00+00:00,1231.6,1239.94,1211.01,1222.5,157272,1000
2016-02-29 00:00:00+00:00,1219.48,1240.73,1215.34,1238.04,138750,1000
2016-03-01 00:00:00+00:00,1237.85,1248.15,1226.78,1231.61,116814,1000
2016-03-02 00:00:00+00:00,1230.74,1243.68,1224.38,1239.43,105605,1000
2016-03-03 00:00:00+00:00,1239.57,1267.89,1237.03,1264.12,116442,1000
2016-03-04 00:00:00+00:00,1262.77,1279.44,1249.79,1258.39,159966,1000
2016-03-07 00:00:00+00:00,1260.38,1272.73,1256.31,1266.99,119973,1000
2016-03-08 00:00:00+00:00,1266.04,1277.68,1259.88,1261.17,117827,1000
2016-03-09 00:00:00+00:00,1261.22,1264.59,1242.55,1252.61,112403,1000
2016-03-10 00:00:00+00:00,1252.22,1272.94,1236.71,1271.72,174902,1000
2016-03-11 00:00:00+00:00,1269.84,1283.83,1247.95,1250.19,158312,1000
2016-03-14 00:00:00+00:00,1250.27,1260.71,1228.97,1234.76,100459,1000
2016-03-15 00:00:00+00:00,1233.99,1237.71,1225.24,1232.17,124673,1000
2016-03-16 00:00:00+00:00,1232.65,1263.55,1226.32,1261.84,144827,1000
2016-03-17 00:00:00+00:00,1260.89,1270.53,1254.07,1257.46,179522,1000
2016-03-18 00:00:00+00:00,1256.66,1266.51,1247.44,1254.79,145538,1000
2016-03-21 00:00:00+00:00,1253.86,1255.62,1240.24,1243.17,118136,1000
2016-03-22 00:00:00+00:00,1243.28,1259.77,1241.98,1247.87,153599,1000
2016-03-23 00:00:00+00:00,1247.59,1249.07,1214.95,1219.85,145323,1000
2016-03-24 00:00:00+00:00,1221.32,1223.38,1211.71,1216.88,134914,1000
2016-03-28 00:00:00+00:00,1215.0,1222.71,1207.58,1220.97,87359,1000
2016-03-29 00:00:00+00:00,1220.83,1242.59,1214.97,1241.8,146676,1000
2016-03-30 00:00:00+00:00,1240.76,1243.71,1222.85,1224.58,142777,1000
2016-03-31 00:00:00+00:00,1225.82,1240.01,1223.26,1232.35,147615,1000
2016-04-01 00:00:00+00:00,1231.67,1234.93,1208.59,1221.97,163768,1000
2016-04-04 00:00:00+00:00,1220.17,1222.19,1214.24,1214.99,128404,1000
2016-04-05 00:00:00+00:00,1214.78,1236.42,1214.41,1230.87,147840,1000
2016-04-06 00:00:00+00:00,1231.2,1231.82,1216.19,1221.87,137801,1000
2016-04-07 00:00:00+00:00,1222.55,1242.82,1222.31,1240.11,209662,1000
2016-04-08 00:00:00+00:00,1239.24,1242.38,1229.14,1239.38,121390,1000
2016-04-11 00:00:00+00:00,1240.17,1258.31,1240.17,1257.08,171034,1000
2016-04-12 00:00:00+00:00,1258.8,1262.26,1250.79,1255.19,140060,1000
2016-04-13 00:00:00+00:00,1255.09,1256.32,1239.38,1242.29,145695,1000
2016-04-14 00:00:00+00:00,1241.32,1243.67,1223.44,1226.94,152477,1000
2016-04-15 00:00:00+00:00,1227.03,1235.53,1224.9,1233.26,109043,1000
2016-04-18 00:00:00+00:00,1236.45,1241.22,1229.66,1232.09,112900,1000
2016-04-19 00:00:00+00:00,1231.97,1256.25,1227.35,1249.86,142824,1000
2016-04-20 00:00:00+00:00,1249.07,1257.61,1242.01,1243.74,98575,1000
2016-04-21 00:00:00+00:00,1242.78,1269.88,1242.49,1247.81,120296,1000
2016-04-22 00:00:00+00:00,1247.05,1252.19,1227.0,1231.79,94765,1000
2016-04-25 00:00:00+00:00,1232.18,1241.9,1229.62,1237.37,69171,1000
2016-04-26 00:00:00+00:00,1237.68,1244.53,1230.96,1242.88,69771,1000
2016-04-27 00:00:00+00:00,1243.74,1252.42,1239.12,1245.39,91423,1000
2016-04-28 00:00:00+00:00,1245.11,1269.19,1237.28,1265.97,100804,1000
2016-04-29 00:00:00+00:00,1265.32,1296.28,1264.61,1292.8,106465,1000
2016-05-02 00:00:00+00:00,1292.93,1303.33,1287.23,1290.96,96822,1000
2016-05-03 00:00:00+00:00,1291.11,1301.4,1281.78,1286.07,116287,1000
2016-05-04 00:00:00+00:00,1285.12,1289.38,1271.4,1278.93,149637,1000
2016-05-05 00:00:00+00:00,1279.25,1286.03,1268.46,1277.38,135639,1000
2016-05-06 00:00:00+00:00,1276.98,1295.2,1274.1,1287.96,152313,1000
2016-05-09 00:00:00+00:00,1284.59,1287.18,1260.96,1263.53,108953,1000
2016-05-10 00:00:00+00:00,1263.59,1269.31,1256.47,1265.68,110737,1000
2016-05-11 00:00:00+00:00,1265.55,1278.7,1264.42,1276.89,102230,1000
2016-05-12 00:00:00+00:00,1277.32,1280.48,1261.53,1263.21,110801,1000
2016-05-13 00:00:00+00:00,1263.38,1275.91,1262.52,1272.86,103529,1000
2016-05-16 00:00:00+00:00,1271.12,1288.33,1270.35,1273.39,103971,1000
2016-05-17 00:00:00+00:00,1273.53,1281.87,1268.66,1278.69,112115,1000
2016-05-18 00:00:00+00:00,1278.99,1281.22,1254.69,1258.28,126473,1000
2016-05-19 00:00:00+00:00,1257.59,1260.88,1243.43,1254.05,124185,1000
2016-05-20 00:00:00+00:00,1254.84,1259.85,1248.44,1251.75,95347,1000
2016-05-23 00:00:00+00:00,1250.53,1255.64,1242.76,1248.7,96316,1000
2016-05-24 00:00:00+00:00,1248.53,1251.85,1225.9,1226.78,95705,1000
2016-05-25 00:00:00+00:00,1226.8,1229.78,1217.44,1223.98,86793,1000
2016-05-26 00:00:00+00:00,1223.01,1233.86,1217.88,1219.3,93514,1000
2016-05-27 00:00:00+00:00,1219.38,1223.18,1206.43,1212.47,88615,1000
2016-05-31 00:00:00+00:00,1212.55,1217.81,1207.93,1214.9,70208,1000
2016-06-01 00:00:00+00:00,1215.3,1220.01,1205.61,1212.38,90693,1000
2016-06-02 00:00:00+00:00,1212.83,1217.29,1209.41,1210.49,83666,1000
2016-06-03 00:00:00+00:00,1210.51,1244.38,1206.6,1244.01,73179,1000
2016-06-06 00:00:00+00:00,1242.62,1248.3,1239.62,1244.78,75742,1000
2016-06-07 00:00:00+00:00,1244.98,1246.21,1234.34,1243.46,62630,1000
2016-06-08 00:00:00+00:00,1244.4,1263.99,1242.69,1261.64,61132,1000
2016-06-09 00:00:00+00:00,1261.79,1271.28,1256.38,1268.85,61347,1000
2016-06-10 00:00:00+00:00,1268.74,1277.75,1264.22,1273.57,68789,1000
2016-06-13 00:00:00+00:00,1276.95,1286.8,1272.07,1283.27,58686,0
2016-06-14 00:00:00+00:00,1282.86,1289.4,1275.91,1285.5,51264,1000
2016-06-15 00:00:00+00:00,1284.84,1296.47,1278.03,1290.96,52495,1000
2016-06-16 00:00:00+00:00,1292.73,1315.19,1276.89,1276.89,112812,1000
2016-06-17 00:00:00+00:00,1278.39,1299.49,1276.17,1298.36,78193,1000
2016-06-20 00:00:00+00:00,1286.31,1291.96,1277.6,1289.8,63903,1000
2016-06-21 00:00:00+00:00,1289.38,1293.93,1264.13,1268.09,73430,1000
2016-06-22 00:00:00+00:00,1268.25,1270.32,1260.74,1265.82,58002,1000
2016-06-23 00:00:00+00:00,1265.01,1271.62,1254.25,1255.08,67740,1000
2016-06-24 00:00:00+00:00,1251.43,1357.96,1250.12,1315.18,172899,1000
2016-06-27 00:00:00+00:00,1319.63,1335.07,1317.23,1323.98,117763,1000
2016-06-28 00:00:00+00:00,1324.15,1325.86,1305.13,1311.47,85192,0
2016-06-29 00:00:00+00:00,1310.98,1327.46,1310.6,1318.58,73826,1000
2016-06-30 00:00:00+00:00,1317.65,1323.69,1312.44,1321.31,64719,1000
2016-07-01 00:00:00+00:00,1321.88,1344.17,1320.2,1341.19,72621,1000
2016-07-05 00:00:00+00:00,1344.23,1357.27,1341.82,1355.58,59115,1000
2016-07-06 00:00:00+00:00,1356.01,1374.78,1354.88,1363.44,81667,1000
2016-07-07 00:00:00+00:00,1363.18,1370.4,1350.35,1360.27,70830,1000
2016-07-08 00:00:00+00:00,1359.25,1369.94,1334.88,1366.01,80283,1000
2016-07-11 00:00:00+00:00,1367.46,1374.76,1350.31,1354.75,87948,1000
2016-07-12 00:00:00+00:00,1354.86,1357.35,1329.91,1332.58,74202,1000
2016-07-13 00:00:00+00:00,1332.85,1344.9,1327.13,1342.06,76413,1000
2016-07-14 00:00:00+00:00,1343.33,1346.71,1319.77,1334.55,81613,1000
2016-07-15 00:00:00+00:00,1335.73,1338.46,1322.15,1337.16,68563,1000
2016-07-18 00:00:00+00:00,1332.12,1335.14,1323.09,1328.27,53559,1000
2016-07-19 00:00:00+00:00,1328.28,1334.73,1325.25,1331.48,49120,1000
2016-07-20 00:00:00+00:00,1331.49,1338.03,1312.22,1315.51,51161,1000
2016-07-21 00:00:00+00:00,1315.79,1333.57,1310.42,1330.82,62476,1000
2016-07-22 00:00:00+00:00,1330.95,1333.45,1319.32,1321.66,55913,1000
2016-07-25 00:00:00+00:00,1322.62,1323.4,1311.74,1315.4,45627,1000
2016-07-26 00:00:00+00:00,1315.21,1324.13,1313.44,1319.88,45819,1000
2016-07-27 00:00:00+00:00,1319.42,1342.0,1315.44,1339.8,57774,1000
2016-07-28 00:00:00+00:00,1339.2,1345.24,1332.11,1335.02,49746,1000
2016-07-29 00:00:00+00:00,1335.44,1354.6,1328.22,1350.51,70028,1000
2016-08-01 00:00:00+00:00,1349.41,1354.51,1345.91,1352.46,47474,1000
2016-08-02 00:00:00+00:00,1353.3,1366.85,1346.7,1362.99,54163,1000
2016-08-03 00:00:00+00:00,1363.06,1366.11,1353.76,1357.66,50220,1000
2016-08-04 00:00:00+00:00,1357.74,1364.6,1348.75,1361.02,69195,1000
2016-08-05 00:00:00+00:00,1360.3,1364.29,1334.33,1336.64,71141,1000
2016-08-08 00:00:00+00:00,1335.01,1337.88,1329.52,1335.14,72744,1000
2016-08-09 00:00:00+00:00,1334.89,1342.18,1330.2,1340.1,63216,1000
2016-08-10 00:00:00+00:00,1340.41,1356.81,1339.68,1346.17,82317,1000
2016-08-11 00:00:00+00:00,1347.01,1352.93,1335.39,1338.41,72700,1000
2016-08-12 00:00:00+00:00,1338.58,1355.55,1332.94,1336.19,70616,1000
2016-08-15 00:00:00+00:00,1337.84,1343.44,1335.43,1339.09,59178,1000
2016-08-16 00:00:00+00:00,1339.37,1357.63,1339.13,1346.03,66335,1000
2016-08-17 00:00:00+00:00,1345.34,1351.23,1335.7,1348.16,64564,1000
2016-08-18 00:00:00+00:00,1348.27,1355.65,1345.69,1352.49,79921,1000
2016-08-19 00:00:00+00:00,1351.96,1352.41,1337.42,1341.03,63479,1000
2016-08-22 00:00:00+00:00,1339.87,1340.88,1331.39,1338.31,79217,1000
2016-08-23 00:00:00+00:00,1338.4,1344.33,1334.95,1337.46,64189,1000
2016-08-24 00:00:00+00:00,1337.74,1339.66,1323.37,1324.15,60821,1000
2016-08-25 00:00:00+00:00,1323.74,1326.65,1317.65,1321.25,62128,1000
2016-08-26 00:00:00+00:00,1321.29,1341.17,1318.01,1321.51,69516,1000
2016-08-29 00:00:00+00:00,1320.43,1324.72,1314.61,1322.9,66419,1000
2016-08-30 00:00:00+00:00,1323.28,1325.06,1308.81,1310.77,67989,1000
2016-08-31 00:00:00+00:00,1311.43,1315.73,1303.9,1308.55,62284,1000
2016-09-01 00:00:00+00:00,1309.67,1314.7,1302.09,1313.09,62608,1000
2016-09-02 00:00:00+00:00,1313.98,1329.76,1306.08,1324.49,59514,1000
2016-09-05 00:00:00+00:00,1325.81,1328.19,1324.45,1326.92,22341,1000
2016-09-06 00:00:00+00:00,1328.57,1352.13,1327.43,1349.51,50801,1000
2016-09-07 00:00:00+00:00,1348.38,1352.18,1342.29,1344.44,64214,1000
2016-09-08 00:00:00+00:00,1344.6,1348.97,1335.31,1337.24,61834,1000
2016-09-09 00:00:00+00:00,1337.18,1339.13,1327.35,1327.61,63474,1000
2016-09-12 00:00:00+00:00,1327.77,1329.81,1320.02,1327.18,71677,1000
2016-09-13 00:00:00+00:00,1327.85,1331.59,1315.29,1318.21,67727,1000
2016-09-14 00:00:00+00:00,1318.93,1325.51,1313.91,1322.37,69292,1000
2016-09-15 00:00:00+00:00,1321.65,1327.52,1308.95,1313.9,69482,1000
2016-09-16 00:00:00+00:00,1314.65,1317.68,1305.97,1309.39,59713,1000
2016-09-19 00:00:00+00:00,1309.5,1317.91,1309.09,1312.89,54697,1000
2016-09-20 00:00:00+00:00,1312.65,1317.52,1311.66,1314.49,50902,1000
2016-09-21 00:00:00+00:00,1314.41,1336.43,1307.59,1334.98,78425,1000
2016-09-22 00:00:00+00:00,1334.5,1343.19,1330.83,1336.64,60307,1000
2016-09-23 00:00:00+00:00,1336.46,1340.18,1333.46,1337.12,50778,1000
2016-09-26 00:00:00+00:00,1336.52,1341.68,1332.36,1337.38,57867,1000
2016-09-27 00:00:00+00:00,1337.15,1339.12,1324.18,1326.63,66694,1000
2016-09-28 00:00:00+00:00,1325.14,1327.19,1317.6,1321.5,52571,1000
2016-09-29 00:00:00+00:00,1321.47,1325.43,1315.59,1320.36,61948,1000
2016-09-30 00:00:00+00:00,1320.23,1327.63,1312.86,1315.52,75875,1000
2016-10-02 00:00:00+00:00,1315.52,1315.52,1315.52,1315.52,1,1000
2016-10-03 00:00:00+00:00,1318.04,1319.58,1309.4,1311.77,44226,20
2016-10-04 00:00:00+00:00,1312.08,1313.0,1267.0,1268.06,64293,20
2016-10-05 00:00:00+00:00,1268.09,1277.11,1262.22,1266.58,54274,10
2016-10-06 00:00:00+00:00,1266.31,1269.36,1249.83,1254.73,54210,0
2016-10-07 00:00:00+00:00,1254.78,1265.36,1241.4,1256.83,62015,0
2016-10-10 00:00:00+00:00,1256.13,1264.92,1256.13,1259.64,40797,10
2016-10-11 00:00:00+00:00,1259.2,1262.22,1252.55,1252.73,48607,10
2016-10-12 00:00:00+00:00,1252.11,1258.85,1249.83,1255.05,47027,20
2016-10-13 00:00:00+00:00,1255.7,1262.25,1253.13,1257.76,52432,0
2016-10-14 00:00:00+00:00,1257.79,1259.56,1246.11,1250.62,60357,60
2016-10-17 00:00:00+00:00,1251.5,1257.26,1250.15,1255.15,49096,60
2016-10-18 00:00:00+00:00,1254.53,1264.77,1254.53,1262.34,47333,60
2016-10-19 00:00:00+00:00,1262.6,1273.35,1260.25,1268.96,46517,60
2016-10-20 00:00:00+00:00,1269.29,1274.52,1264.82,1265.62,43588,60
2016-10-21 00:00:00+00:00,1265.96,1268.03,1261.16,1264.9,44118,60
2016-10-24 00:00:00+00:00,1265.55,1271.92,1260.3,1264.23,44341,60
2016-10-25 00:00:00+00:00,1264.85,1276.65,1262.08,1273.61,49207,60
2016-10-26 00:00:00+00:00,1272.9,1276.43,1264.75,1266.81,44661,60
2016-10-27 00:00:00+00:00,1266.77,1272.81,1265.05,1268.14,50971,60
2016-10-28 00:00:00+00:00,1268.19,1284.26,1261.63,1275.6,53627,60
2016-10-31 00:00:00+00:00,1277.42,1279.46,1271.23,1276.73,51292,60
2016-11-01 00:00:00+00:00,1276.46,1291.9,1275.49,1287.62,54983,60
2016-11-02 00:00:00+00:00,1287.99,1308.01,1287.3,1296.19,62629,60
2016-11-03 00:00:00+00:00,1296.69,1306.68,1285.71,1302.06,61299,60
2016-11-04 00:00:00+00:00,1303.42,1307.22,1294.72,1304.46,61493,60
2016-11-07 00:00:00+00:00,1292.77,1295.83,1278.22,1281.54,74308,60
2016-11-08 00:00:00+00:00,1281.5,1290.71,1272.89,1275.7,68156,60
2016-11-09 00:00:00+00:00,1275.38,1337.28,1267.93,1277.31,131593,60
2016-11-10 00:00:00+00:00,1277.86,1292.22,1252.25,1258.92,100781,60
2016-11-11 00:00:00+00:00,1259.02,1265.41,1219.06,1227.18,89451,60
2016-11-14 00:00:00+00:00,1227.64,1231.22,1211.61,1220.12,94539,60
2016-11-15 00:00:00+00:00,1221.84,1231.55,1218.92,1228.45,79275,60
2016-11-16 00:00:00+00:00,1227.53,1233.01,1221.5,1224.68,72683,60
2016-11-17 00:00:00+00:00,1224.51,1231.46,1211.08,1215.91,74994,60
2016-11-18 00:00:00+00:00,1215.4,1217.7,1202.96,1207.71,74005,60
2016-11-21 00:00:00+00:00,1207.76,1217.65,1205.54,1213.89,65252,60
2016-11-22 00:00:00+00:00,1213.48,1220.98,1206.16,1211.96,65762,60
2016-11-23 00:00:00+00:00,1212.58,1214.93,1181.82,1187.32,63019,60
2016-11-25 00:00:00+00:00,1184.53,1193.28,1178.69,1183.81,40181,60
2016-11-28 00:00:00+00:00,1184.94,1197.53,1182.33,1193.04,78588,60
2016-11-29 00:00:00+00:00,1193.25,1195.01,1181.14,1188.17,70188,60
2016-11-30 00:00:00+00:00,1188.45,1194.88,1170.69,1172.89,73646,60
2016-12-01 00:00:00+00:00,1172.35,1176.69,1160.74,1171.4,77812,60
2016-12-02 00:00:00+00:00,1172.13,1178.09,1166.71,1176.64,68335,60
2016-12-05 00:00:00+00:00,1180.87,1187.99,1157.17,1169.99,97516,60
2016-12-06 00:00:00+00:00,1169.89,1175.27,1166.76,1169.0,65057,60
2016-12-07 00:00:00+00:00,1169.29,1180.23,1165.61,1173.46,62052,60
2016-12-08 00:00:00+00:00,1173.78,1178.63,1169.21,1170.12,68625,60
2016-12-09 00:00:00+00:00,1170.41,1172.05,1156.31,1159.24,65248,60
2016-12-12 00:00:00+00:00,1159.56,1165.75,1151.21,1161.67,72774,60
2016-12-13 00:00:00+00:00,1162.73,1164.93,1154.62,1157.6,73678,60
2016-12-14 00:00:00+00:00,1157.42,1165.29,1138.89,1142.82,75896,60
2016-12-15 00:00:00+00:00,1141.78,1144.38,1122.74,1127.39,93983,60
2016-12-16 00:00:00+00:00,1128.1,1141.26,1126.6,1134.41,73925,60
2016-12-19 00:00:00+00:00,1134.01,1142.34,1133.61,1138.21,73248,60
2016-12-20 00:00:00+00:00,1137.04,1139.69,1125.81,1131.82,78305,60
2016-12-21 00:00:00+00:00,1132.12,1137.13,1129.34,1130.94,61363,60
2016-12-22 00:00:00+00:00,1131.35,1134.12,1127.58,1127.91,53480,60
2016-12-23 00:00:00+00:00,1128.01,1135.78,1127.9,1132.78,27770,60
2016-12-27 00:00:00+00:00,1133.69,1150.67,1131.6,1138.21,44174,60
2016-12-28 00:00:00+00:00,1136.78,1144.43,1136.52,1141.06,45999,60
2016-12-29 00:00:00+00:00,1133.39,1159.57,1133.39,1157.19,52531,60
2016-12-30 00:00:00+00:00,1158.15,1163.16,1149.63,1151.36,50441,60
2017-01-02 00:00:00+00:00,1151.36,1151.36,1151.36,1151.36,1,1210
2017-01-03 00:00:00+00:00,1150.0,1164.27,1146.07,1158.28,82244,60
2017-01-04 00:00:00+00:00,1158.01,1167.94,1156.11,1162.67,88861,60
2017-01-05 00:00:00+00:00,1162.83,1184.98,1162.83,1179.79,94419,60
2017-01-06 00:00:00+00:00,1172.31,1182.77,1170.96,1171.85,86569,60
2017-01-09 00:00:00+00:00,1172.36,1186.12,1171.52,1179.94,82815,60
2017-01-10 00:00:00+00:00,1180.14,1190.64,1180.13,1186.99,84102,60
2017-01-11 00:00:00+00:00,1187.93,1198.22,1177.17,1190.88,87843,60
2017-01-12 00:00:00+00:00,1190.63,1206.99,1190.42,1194.95,87118,60
2017-01-13 00:00:00+00:00,1193.87,1200.77,1187.86,1196.86,81367,60
2017-01-16 00:00:00+00:00,1199.09,1208.61,1198.03,1202.91,65605,60
2017-01-17 00:00:00+00:00,1203.47,1218.79,1202.89,1216.35,92690,60
2017-01-18 00:00:00+00:00,1217.6,1217.65,1202.37,1203.43,82427,60
2017-01-19 00:00:00+00:00,1202.31,1206.45,1195.88,1204.17,97957,60
2017-01-20 00:00:00+00:00,1205.04,1214.96,1198.62,1208.42,87121,60
2017-01-23 00:00:00+00:00,1208.63,1219.41,1208.63,1217.39,88680,60
2017-01-24 00:00:00+00:00,1217.88,1219.96,1206.52,1208.59,75364,60
2017-01-25 00:00:00+00:00,1208.5,1209.74,1193.26,1199.71,83412,50
2017-01-26 00:00:00+00:00,1201.08,1202.53,1184.41,1187.81,82339,60
2017-01-27 00:00:00+00:00,1188.88,1191.58,1180.59,1190.95,75478,60
2017-01-30 00:00:00+00:00,1191.72,1199.36,1188.28,1194.84,81184,60
2017-01-31 00:00:00+00:00,1195.12,1215.35,1193.68,1209.92,92784,60
2017-02-01 00:00:00+00:00,1209.94,1213.17,1198.17,1209.12,90842,60
2017-02-02 00:00:00+00:00,1209.32,1225.31,1208.35,1215.69,93894,60
2017-02-03 00:00:00+00:00,1214.88,1221.39,1206.97,1220.03,83290,60
2017-02-06 00:00:00+00:00,1219.65,1235.58,1219.19,1235.22,83917,60
2017-02-07 00:00:00+00:00,1234.44,1235.81,1227.75,1233.48,84736,60
2017-02-08 00:00:00+00:00,1233.71,1244.72,1229.99,1241.38,81942,60
2017-02-09 00:00:00+00:00,1240.73,1244.52,1225.71,1228.49,89567,60
2017-02-10 00:00:00+00:00,1227.68,1237.1,1221.65,1233.53,90522,60
2017-02-13 00:00:00+00:00,1232.68,1232.78,1219.34,1225.25,79665,60
2017-02-14 00:00:00+00:00,1225.35,1234.52,1221.88,1228.38,94042,60
2017-02-15 00:00:00+00:00,1227.36,1233.29,1216.67,1233.19,74617,60
2017-02-16 00:00:00+00:00,1233.01,1242.38,1232.05,1239.27,86943,60
2017-02-17 00:00:00+00:00,1238.5,1243.79,1234.4,1234.72,76046,60
2017-02-21 00:00:00+00:00,1237.63,1238.85,1226.14,1234.97,76413,60
2017-02-22 00:00:00+00:00,1235.93,1240.43,1231.15,1237.01,82104,60
2017-02-23 00:00:00+00:00,1237.39,1251.11,1235.7,1248.61,79656,60
2017-02-24 00:00:00+00:00,1248.13,1260.16,1247.68,1256.3,79061,60
2017-02-27 00:00:00+00:00,1257.6,1263.81,1250.81,1252.19,95803,60
2017-02-28 00:00:00+00:00,1252.11,1258.45,1247.35,1247.64,99551,60
2017-03-01 00:00:00+00:00,1247.7,1250.63,1236.94,1249.43,113175,60
2017-03-02 00:00:00+00:00,1248.52,1250.0,1231.0,1234.07,94778,60
2017-03-03 00:00:00+00:00,1234.02,1236.29,1222.86,1234.39,94220,60
2017-03-06 00:00:00+00:00,1233.08,1236.8,1224.9,1225.24,83215,60
2017-03-07 00:00:00+00:00,1224.62,1227.15,1214.11,1215.57,69195,60
2017-03-08 00:00:00+00:00,1215.21,1218.53,1206.62,1208.0,70929,60
2017-03-09 00:00:00+00:00,1207.71,1208.98,1198.92,1200.88,82700,60
2017-03-10 00:00:00+00:00,1200.44,1206.34,1195.03,1204.63,77209,60
2017-03-13 00:00:00+00:00,1205.38,1211.21,1202.43,1203.57,66779,60
2017-03-14 00:00:00+00:00,1202.69,1207.7,1197.24,1198.01,72995,60
2017-03-15 00:00:00+00:00,1198.14,1221.94,1197.54,1218.65,68522,60
2017-03-16 00:00:00+00:00,1219.01,1233.73,1218.0,1225.79,75357,60
2017-03-17 00:00:00+00:00,1226.31,1231.66,1224.42,1228.45,64303,60
2017-03-20 00:00:00+00:00,1229.04,1235.61,1229.04,1233.41,61467,60
2017-03-21 00:00:00+00:00,1233.83,1247.56,1226.82,1244.03,72550,60
2017-03-22 00:00:00+00:00,1243.96,1251.34,1243.82,1248.36,87157,60
2017-03-23 00:00:00+00:00,1248.5,1253.24,1242.75,1244.56,85056,60
2017-03-24 00:00:00+00:00,1244.12,1251.87,1240.98,1244.37,79268,60
2017-03-27 00:00:00+00:00,1245.72,1261.09,1245.72,1253.87,76462,60
2017-03-28 00:00:00+00:00,1253.27,1258.41,1247.69,1251.32,67994,60
2017-03-29 00:00:00+00:00,1250.49,1254.65,1247.26,1252.92,74267,60
2017-03-30 00:00:00+00:00,1253.54,1253.77,1242.14,1242.35,61511,60
2017-03-31 00:00:00+00:00,1240.98,1250.58,1239.6,1248.51,68759,60
2017-04-03 00:00:00+00:00,1250.0,1253.71,1244.49,1253.09,60399,60
2017-04-04 00:00:00+00:00,1253.55,1261.29,1253.31,1255.61,59764,60
2017-04-05 00:00:00+00:00,1255.71,1257.34,1243.72,1255.31,67848,60
2017-04-06 00:00:00+00:00,1255.72,1258.84,1249.74,1251.17,74862,60
2017-04-07 00:00:00+00:00,1251.63,1270.81,1250.54,1253.72,85487,60
2017-04-10 00:00:00+00:00,1253.83,1257.08,1247.12,1253.8,69178,60
2017-04-11 00:00:00+00:00,1253.88,1275.13,1253.05,1273.87,72155,60
2017-04-12 00:00:00+00:00,1274.05,1286.7,1271.99,1285.69,77784,60
2017-04-13 00:00:00+00:00,1286.09,1288.61,1281.82,1286.89,74770,60
2017-04-17 00:00:00+00:00,1290.26,1295.45,1281.29,1284.13,60095,60
2017-04-18 00:00:00+00:00,1284.31,1292.32,1278.94,1288.71,71594,60
2017-04-19 00:00:00+00:00,1289.44,1290.68,1274.04,1279.24,71028,60
2017-04-20 00:00:00+00:00,1280.44,1283.41,1276.64,1281.33,70378,60
2017-04-21 00:00:00+00:00,1281.81,1288.28,1278.5,1282.94,69246,60
2017-04-24 00:00:00+00:00,1275.55,1277.35,1265.24,1274.82,77469,60
2017-04-25 00:00:00+00:00,1275.83,1278.1,1261.62,1263.27,69853,60
2017-04-26 00:00:00+00:00,1264.06,1270.56,1260.04,1268.29,71175,60
2017-04-27 00:00:00+00:00,1268.41,1269.51,1261.26,1263.7,64189,60
2017-04-28 00:00:00+00:00,1263.45,1268.54,1263.0,1267.43,60413,60
2017-05-01 00:00:00+00:00,1267.6,1271.1,1254.22,1256.05,48583,60
2017-05-02 00:00:00+00:00,1256.05,1257.7,1251.97,1256.22,75629,60
2017-05-03 00:00:00+00:00,1256.39,1256.88,1235.83,1237.61,73102,60
2017-05-04 00:00:00+00:00,1237.72,1241.23,1225.68,1227.4,75255,60
2017-05-05 00:00:00+00:00,1228.15,1235.58,1226.06,1227.18,67529,60
2017-05-08 00:00:00+00:00,1222.93,1236.53,1220.86,1225.9,68510,60
2017-05-09 00:00:00+00:00,1225.21,1228.56,1214.28,1220.7,67013,60
2017-05-10 00:00:00+00:00,1221.78,1225.65,1217.53,1218.71,63124,60
2017-05-11 00:00:00+00:00,1217.86,1227.71,1216.9,1224.49,60879,60
2017-05-12 00:00:00+00:00,1224.47,1231.76,1224.4,1227.89,57425,60
2017-05-15 00:00:00+00:00,1227.86,1237.3,1226.92,1229.8,69815,60
2017-05-16 00:00:00+00:00,1230.44,1239.1,1230.27,1236.5,58396,60
2017-05-17 00:00:00+00:00,1236.98,1261.18,1236.42,1260.92,80120,60
2017-05-18 00:00:00+00:00,1260.71,1264.99,1246.04,1246.76,93113,60
2017-05-19 00:00:00+00:00,1246.2,1256.38,1246.09,1254.95,70614,60
2017-05-22 00:00:00+00:00,1256.92,1262.55,1251.73,1260.01,65418,60
2017-05-23 00:00:00+00:00,1259.57,1263.71,1250.65,1250.8,73348,60
2017-05-24 00:00:00+00:00,1250.66,1258.88,1247.93,1258.19,66694,60
2017-05-25 00:00:00+00:00,1258.04,1259.61,1253.84,1255.4,65068,60
2017-05-26 00:00:00+00:00,1255.06,1269.46,1253.1,1266.49,62323,60
2017-05-30 00:00:00+00:00,1265.96,1270.41,1259.35,1262.8,59599,60
2017-05-31 00:00:00+00:00,1261.99,1274.12,1259.54,1268.33,60454,60
2017-06-01 00:00:00+00:00,1268.19,1270.26,1261.52,1265.45,60807,60
2017-06-02 00:00:00+00:00,1264.74,1279.42,1259.01,1278.58,65105,60
2017-06-05 00:00:00+00:00,1279.91,1283.39,1277.79,1279.3,55374,60
2017-06-06 00:00:00+00:00,1278.74,1296.06,1278.74,1293.71,68439,60
2017-06-07 00:00:00+00:00,1294.01,1294.89,1282.66,1286.7,71865,60
2017-06-08 00:00:00+00:00,1286.84,1288.93,1271.34,1277.9,72980,60
2017-06-09 00:00:00+00:00,1281.13,1281.64,1264.66,1266.4,75033,60
2017-06-12 00:00:00+00:00,1267.0,1270.3,1263.61,1265.35,72014,60
2017-06-13 00:00:00+00:00,1265.33,1268.97,1259.09,1266.0,58990,60
2017-06-14 00:00:00+00:00,1266.1,1280.95,1257.11,1260.77,67698,60
2017-06-15 00:00:00+00:00,1260.07,1266.6,1251.44,1253.52,69490,60
2017-06-16 00:00:00+00:00,1253.76,1257.19,1251.79,1253.4,56811,60
2017-06-19 00:00:00+00:00,1254.06,1255.61,1242.96,1243.27,57975,60
2017-06-20 00:00:00+00:00,1243.96,1248.12,1241.32,1242.79,59840,60
2017-06-21 00:00:00+00:00,1242.49,1247.85,1240.86,1246.09,68204,60
2017-06-22 00:00:00+00:00,1245.12,1254.7,1245.12,1250.1,70122,60
2017-06-23 00:00:00+00:00,1249.83,1258.86,1249.75,1256.26,53217,60
2017-06-26 00:00:00+00:00,1257.13,1257.98,1236.14,1244.1,60299,60
2017-06-27 00:00:00+00:00,1243.96,1253.1,1241.3,1246.8,64776,60
2017-06-28 00:00:00+00:00,1246.63,1254.78,1246.11,1248.7,70095,60
2017-06-29 00:00:00+00:00,1248.86,1253.12,1239.76,1245.2,79882,60
2017-06-30 00:00:00+00:00,1244.91,1248.22,1239.17,1241.2,67902,60
2017-07-03 00:00:00+00:00,1241.51,1242.66,1218.48,1219.91,68286,60
2017-07-05 00:00:00+00:00,1223.8,1228.77,1217.46,1226.7,70456,60
2017-07-06 00:00:00+00:00,1226.73,1229.12,1222.53,1224.69,65442,60
2017-07-07 00:00:00+00:00,1224.96,1228.4,1207.33,1212.71,56691,60
2017-07-10 00:00:00+00:00,1212.22,1215.58,1204.86,1214.14,58563,60
2017-07-11 00:00:00+00:00,1213.34,1217.4,1208.19,1217.25,61175,60
2017-07-12 00:00:00+00:00,1216.38,1225.7,1213.54,1220.21,62645,60
2017-07-13 00:00:00+00:00,1218.61,1224.43,1216.54,1217.09,57207,60
2017-07-14 00:00:00+00:00,1216.64,1232.86,1214.71,1228.2,50904,60
2017-07-17 00:00:00+00:00,1229.11,1236.06,1228.2,1233.83,51421,60
2017-07-18 00:00:00+00:00,1233.97,1244.53,1232.77,1242.12,57881,60
2017-07-19 00:00:00+00:00,1241.96,1244.07,1235.91,1240.86,47468,60
2017-07-20 00:00:00+00:00,1239.44,1247.56,1235.29,1244.32,60452,60
2017-07-21 00:00:00+00:00,1244.38,1255.72,1243.32,1254.81,56989,60
2017-07-24 00:00:00+00:00,1255.11,1258.82,1251.92,1254.91,55829,60
2017-07-25 00:00:00+00:00,1254.59,1257.76,1249.12,1249.69,62578,60
2017-07-26 00:00:00+00:00,1249.98,1263.5,1243.76,1260.58,70652,60
2017-07-27 00:00:00+00:00,1260.61,1265.2,1254.51,1258.8,76083,60
2017-07-28 00:00:00+00:00,1258.99,1270.86,1257.37,1269.19,68846,60
2017-07-31 00:00:00+00:00,1270.08,1271.01,1265.78,1269.22,63150,60
2017-08-01 00:00:00+00:00,1268.71,1274.12,1262.67,1268.7,63586,60
2017-08-02 00:00:00+00:00,1268.51,1272.82,1262.88,1266.45,66636,60
2017-08-03 00:00:00+00:00,1266.62,1270.8,1256.66,1268.3,70296,60
2017-08-04 00:00:00+00:00,1268.32,1270.17,1254.18,1258.26,59173,60
2017-08-07 00:00:00+00:00,1257.74,1259.92,1255.77,1257.64,55120,60
2017-08-08 00:00:00+00:00,1257.4,1265.24,1251.52,1260.76,62430,60
2017-08-09 00:00:00+00:00,1260.1,1278.72,1260.04,1277.08,78035,60
2017-08-10 00:00:00+00:00,1277.42,1287.82,1274.59,1285.92,72168,60
2017-08-11 00:00:00+00:00,1286.41,1292.16,1281.26,1288.61,69309,60
2017-08-14 00:00:00+00:00,1290.14,1290.18,1278.66,1281.67,73802,60
2017-08-15 00:00:00+00:00,1281.34,1281.93,1267.32,1271.24,68257,60
2017-08-16 00:00:00+00:00,1271.08,1283.8,1267.77,1282.9,66225,80
2017-08-17 00:00:00+00:00,1283.81,1290.07,1281.7,1287.75,69207,80
2017-08-18 00:00:00+00:00,1287.91,1300.81,1283.49,1284.15,55510,80
2017-08-21 00:00:00+00:00,1283.07,1293.84,1280.53,1291.57,43162,80
2017-08-22 00:00:00+00:00,1291.01,1292.49,1282.01,1284.71,39862,80
2017-08-23 00:00:00+00:00,1284.64,1291.34,1282.72,1290.49,41685,80
2017-08-24 00:00:00+00:00,1290.26,1291.11,1284.46,1286.15,48015,80
2017-08-25 00:00:00+00:00,1286.01,1294.37,1275.41,1290.8,50525,80
2017-08-28 00:00:00+00:00,1292.37,1312.02,1291.73,1309.59,48011,80
2017-08-29 00:00:00+00:00,1314.88,1325.99,1304.92,1309.2,72944,80
2017-08-30 00:00:00+00:00,1308.99,1313.67,1305.08,1308.55,55454,80
2017-08-31 00:00:00+00:00,1308.48,1323.58,1298.77,1320.92,59962,80
2017-09-01 00:00:00+00:00,1321.09,1328.86,1316.38,1324.47,53077,60
2017-09-04 00:00:00+00:00,1334.19,1339.68,1331.79,1333.9,37755,60
2017-09-05 00:00:00+00:00,1333.56,1344.31,1326.24,1339.47,64985,60
2017-09-06 00:00:00+00:00,1339.34,1342.39,1331.59,1333.8,59223,60
2017-09-07 00:00:00+00:00,1333.63,1349.82,1332.49,1348.86,60872,60
2017-09-08 00:00:00+00:00,1348.61,1357.46,1342.76,1346.06,64234,60
2017-09-11 00:00:00+00:00,1336.97,1339.96,1326.31,1327.18,56759,60
2017-09-12 00:00:00+00:00,1327.1,1332.08,1322.62,1331.51,54190,60
2017-09-13 00:00:00+00:00,1332.52,1334.6,1320.84,1322.8,53895,60
2017-09-14 00:00:00+00:00,1322.91,1330.64,1315.63,1329.33,57628,60
2017-09-15 00:00:00+00:00,1328.79,1334.3,1319.64,1319.67,57772,60
2017-09-18 00:00:00+00:00,1319.22,1319.92,1304.62,1307.1,43358,60
2017-09-19 00:00:00+00:00,1307.34,1311.65,1305.14,1310.69,42408,60
2017-09-20 00:00:00+00:00,1310.71,1316.02,1296.04,1300.76,45437,60
2017-09-21 00:00:00+00:00,1300.98,1301.71,1288.12,1290.9,51516,60
2017-09-22 00:00:00+00:00,1290.74,1298.63,1290.74,1296.75,43013,60
2017-09-25 00:00:00+00:00,1298.11,1311.97,1289.31,1310.45,51652,60
2017-09-26 00:00:00+00:00,1310.41,1313.59,1292.16,1293.27,48632,60
2017-09-27 00:00:00+00:00,1293.56,1296.21,1281.45,1282.31,50032,60
2017-09-28 00:00:00+00:00,1282.03,1288.79,1277.73,1286.92,47536,60
2017-09-29 00:00:00+00:00,1286.68,1290.42,1275.96,1279.72,45678,60
2017-10-02 00:00:00+00:00,1279.54,1280.07,1269.55,1270.51,41814,60
2017-10-03 00:00:00+00:00,1270.13,1274.68,1268.29,1271.34,33724,60
2017-10-04 00:00:00+00:00,1271.56,1282.2,1270.56,1274.23,37630,60
2017-10-05 00:00:00+00:00,1274.66,1278.99,1266.41,1268.01,35215,60
2017-10-06 00:00:00+00:00,1267.94,1276.51,1260.67,1275.96,39610,60
2017-10-09 00:00:00+00:00,1276.14,1285.42,1275.23,1283.74,35514,60
2017-10-10 00:00:00+00:00,1284.16,1294.24,1282.06,1287.36,46038,60
2017-10-11 00:00:00+00:00,1288.06,1293.46,1284.52,1291.38,46803,60
2017-10-12 00:00:00+00:00,1291.71,1297.44,1289.64,1293.18,40873,60
2017-10-13 00:00:00+00:00,1293.5,1303.72,1290.94,1303.22,42962,60
2017-10-16 00:00:00+00:00,1302.57,1306.03,1290.42,1294.62,41296,60
2017-10-17 00:00:00+00:00,1294.83,1296.22,1281.4,1284.67,40978,60
2017-10-18 00:00:00+00:00,1284.68,1288.86,1276.98,1280.58,38233,60
2017-10-19 00:00:00+00:00,1280.52,1290.49,1276.64,1289.26,47809,60
2017-10-20 00:00:00+00:00,1289.88,1291.01,1277.92,1279.86,44635,60
2017-10-23 00:00:00+00:00,1279.44,1283.23,1272.62,1281.53,43152,60
2017-10-24 00:00:00+00:00,1282.03,1283.59,1273.73,1276.25,40958,60
2017-10-25 00:00:00+00:00,1276.09,1280.07,1271.0,1277.0,46532,60
2017-10-26 00:00:00+00:00,1277.15,1282.49,1265.63,1266.8,47417,60
2017-10-27 00:00:00+00:00,1266.87,1274.01,1263.69,1273.69,43007,60
2017-10-30 00:00:00+00:00,1272.95,1278.84,1268.94,1276.01,38615,60
2017-10-31 00:00:00+00:00,1276.09,1278.12,1267.7,1270.63,37619,60
2017-11-01 00:00:00+00:00,1270.81,1280.88,1267.94,1274.2,48074,60
2017-11-02 00:00:00+00:00,1274.04,1284.18,1273.38,1275.56,48376,60
2017-11-03 00:00:00+00:00,1276.39,1280.08,1265.55,1269.56,36831,60
2017-11-06 00:00:00+00:00,1269.15,1282.96,1266.01,1281.55,46457,60
2017-11-07 00:00:00+00:00,1281.04,1281.85,1271.91,1274.83,41400,60
2017-11-08 00:00:00+00:00,1275.05,1287.19,1275.05,1281.15,42265,60
2017-11-09 00:00:00+00:00,1280.87,1288.36,1279.92,1284.61,50904,60
2017-11-10 00:00:00+00:00,1284.78,1287.0,1273.4,1275.37,46960,60
2017-11-13 00:00:00+00:00,1273.87,1279.84,1273.84,1278.04,40906,60
2017-11-14 00:00:00+00:00,1278.09,1283.58,1270.02,1279.93,40534,60
2017-11-15 00:00:00+00:00,1279.87,1289.51,1276.77,1277.84,50901,60
2017-11-16 00:00:00+00:00,1277.74,1281.78,1275.1,1278.34,37566,60
2017-11-17 00:00:00+00:00,1278.18,1296.93,1278.18,1293.91,41569,60
2017-11-20 00:00:00+00:00,1293.38,1294.79,1274.52,1276.62,45629,60
2017-11-21 00:00:00+00:00,1276.16,1284.72,1276.16,1280.18,38316,60
2017-11-22 00:00:00+00:00,1279.68,1294.66,1279.01,1291.85,38230,60
2017-11-24 00:00:00+00:00,1291.4,1293.24,1285.77,1288.01,32130,60
2017-11-27 00:00:00+00:00,1288.04,1299.27,1286.7,1294.13,45002,60
2017-11-28 00:00:00+00:00,1293.18,1297.47,1290.69,1293.54,47151,60
2017-11-29 00:00:00+00:00,1293.31,1296.65,1282.01,1283.37,44679,60
2017-11-30 00:00:00+00:00,1283.22,1285.24,1270.32,1274.63,45922,60
2017-12-01 00:00:00+00:00,1274.12,1289.27,1271.64,1280.04,52487,60
2017-12-04 00:00:00+00:00,1274.2,1277.14,1271.04,1275.86,45110,60
2017-12-05 00:00:00+00:00,1275.53,1276.98,1260.94,1265.61,40027,60
2017-12-06 00:00:00+00:00,1265.27,1269.25,1262.6,1263.05,44890,60
2017-12-07 00:00:00+00:00,1262.32,1264.41,1243.92,1246.75,43577,60
2017-12-08 00:00:00+00:00,1247.07,1252.37,1243.64,1248.21,39631,60
2017-12-11 00:00:00+00:00,1247.38,1251.54,1240.67,1241.91,33330,60
2017-12-12 00:00:00+00:00,1241.32,1246.22,1236.5,1244.12,30418,60
2017-12-13 00:00:00+00:00,1243.63,1257.08,1240.29,1255.34,39529,60
2017-12-14 00:00:00+00:00,1254.91,1259.04,1250.5,1252.34,39052,60
2017-12-15 00:00:00+00:00,1252.42,1261.83,1252.42,1254.87,38133,60
2017-12-18 00:00:00+00:00,1255.06,1263.97,1252.75,1261.77,35727,60
2017-12-19 00:00:00+00:00,1261.76,1265.24,1259.24,1261.32,36014,60
2017-12-20 00:00:00+00:00,1261.35,1267.88,1261.29,1265.13,37001,60
2017-12-21 00:00:00+00:00,1264.98,1268.92,1262.9,1266.33,30155,60
2017-12-22 00:00:00+00:00,1266.59,1276.1,1265.0,1273.82,33340,60
2017-12-26 00:00:00+00:00,1278.6,1283.8,1277.08,1282.61,16590,60
2017-12-27 00:00:00+00:00,1282.9,1288.96,1281.26,1286.85,30994,60
2017-12-28 00:00:00+00:00,1287.18,1295.14,1286.94,1294.88,47564,60
2017-12-29 00:00:00+00:00,1294.72,1307.59,1293.79,1302.53,45347,100
2018-01-02 00:00:00+00:00,1309.43,1318.86,1308.53,1317.67,38439,100
2018-01-03 00:00:00+00:00,1317.03,1321.37,1307.46,1312.99,54889,100
2018-01-04 00:00:00+00:00,1312.47,1325.94,1305.87,1322.64,61626,100
2018-01-05 00:00:00+00:00,1322.2,1323.36,1313.68,1319.17,57751,100
2018-01-08 00:00:00+00:00,1320.7,1322.08,1314.81,1320.26,45926,100
2018-01-09 00:00:00+00:00,1319.72,1320.42,1308.83,1312.75,59284,100
2018-01-10 00:00:00+00:00,1311.76,1327.67,1308.19,1316.5,67209,100
2018-01-11 00:00:00+00:00,1316.2,1323.96,1315.7,1322.19,59174,100
2018-01-12 00:00:00+00:00,1322.57,1339.34,1321.44,1337.49,64566,100
2018-01-15 00:00:00+00:00,1336.54,1344.64,1335.83,1340.74,47986,100
2018-01-16 00:00:00+00:00,1340.27,1342.2,1331.87,1338.36,64337,100
2018-01-17 00:00:00+00:00,1337.96,1343.91,1325.94,1326.12,69846,100
2018-01-18 00:00:00+00:00,1326.31,1333.1,1324.22,1326.7,64732,100
2018-01-19 00:00:00+00:00,1325.99,1338.04,1325.99,1331.37,62532,100
2018-01-22 00:00:00+00:00,1333.83,1335.62,1328.44,1333.79,54435,0
2018-01-23 00:00:00+00:00,1332.83,1341.74,1331.32,1341.14,56792,100
2018-01-24 00:00:00+00:00,1340.9,1362.07,1339.47,1358.51,68111,100
2018-01-25 00:00:00+00:00,1357.48,1366.04,1342.5,1347.97,80438,100
2018-01-26 00:00:00+00:00,1346.69,1357.12,1344.59,1350.07,82740,100
2018-01-29 00:00:00+00:00,1349.02,1352.37,1337.63,1340.07,78926,100
2018-01-30 00:00:00+00:00,1340.64,1348.89,1334.42,1338.4,74612,100
2018-01-31 00:00:00+00:00,1338.21,1347.49,1332.68,1344.73,65628,60
2018-02-01 00:00:00+00:00,1344.54,1350.97,1337.27,1348.53,63575,60
2018-02-02 00:00:00+00:00,1348.58,1350.03,1327.45,1332.83,68662,60
2018-02-05 00:00:00+00:00,1331.88,1341.54,1328.98,1339.32,69162,60
2018-02-06 00:00:00+00:00,1339.4,1346.07,1320.16,1324.24,95540,60
2018-02-07 00:00:00+00:00,1323.23,1332.31,1311.4,1318.22,79696,60
2018-02-08 00:00:00+00:00,1318.05,1322.16,1307.07,1318.69,76229,60
2018-02-09 00:00:00+00:00,1318.18,1322.65,1311.11,1315.8,80131,60
2018-02-12 00:00:00+00:00,1314.91,1326.49,1314.11,1322.33,55198,60
2018-02-13 00:00:00+00:00,1322.03,1331.02,1321.55,1329.11,58608,60
2018-02-14 00:00:00+00:00,1328.73,1355.51,1317.34,1350.14,74153,60
2018-02-15 00:00:00+00:00,1349.65,1357.11,1348.57,1353.03,60548,60
2018-02-16 00:00:00+00:00,1353.68,1361.71,1344.76,1346.97,67800,60
2018-02-19 00:00:00+00:00,1347.13,1351.32,1345.82,1346.91,39468,60
2018-02-20 00:00:00+00:00,1346.31,1348.17,1328.47,1329.13,62536,60
2018-02-21 00:00:00+00:00,1328.88,1336.23,1322.39,1324.33,65971,60
2018-02-22 00:00:00+00:00,1323.36,1332.09,1320.96,1331.84,61555,60
2018-02-23 00:00:00+00:00,1331.22,1332.09,1325.81,1328.48,50141,60
2018-02-26 00:00:00+00:00,1327.75,1340.99,1326.65,1333.06,52506,60
2018-02-27 00:00:00+00:00,1332.67,1336.67,1313.44,1318.23,52508,60
2018-02-28 00:00:00+00:00,1317.61,1322.52,1315.57,1317.89,49833,60
2018-03-01 00:00:00+00:00,1317.92,1321.03,1302.83,1316.72,65886,60
2018-03-02 00:00:00+00:00,1316.73,1325.43,1315.2,1322.22,55287,60
2018-03-05 00:00:00+00:00,1323.71,1327.79,1317.57,1320.16,59380,60
2018-03-06 00:00:00+00:00,1319.39,1338.49,1319.35,1334.41,58390,60
2018-03-07 00:00:00+00:00,1337.33,1340.48,1322.18,1325.27,57740,60
2018-03-08 00:00:00+00:00,1324.68,1329.0,1319.06,1321.73,55292,60
2018-03-09 00:00:00+00:00,1321.36,1325.15,1312.85,1323.11,50120,60
2018-03-12 00:00:00+00:00,1324.05,1324.23,1315.11,1322.63,38606,60
2018-03-13 00:00:00+00:00,1322.68,1328.27,1313.81,1325.98,47953,60
2018-03-14 00:00:00+00:00,1325.98,1329.99,1321.48,1324.4,47527,60
2018-03-15 00:00:00+00:00,1324.58,1327.89,1314.94,1315.9,43763,60
2018-03-16 00:00:00+00:00,1316.42,1321.73,1309.6,1313.55,38302,60
2018-03-19 00:00:00+00:00,1313.7,1319.67,1307.74,1316.47,44944,60
2018-03-20 00:00:00+00:00,1317.04,1318.21,1307.19,1310.93,42972,60
2018-03-21 00:00:00+00:00,1310.4,1336.61,1309.81,1331.95,50041,60
2018-03-22 00:00:00+00:00,1331.84,1334.84,1324.81,1328.65,54637,60
2018-03-23 00:00:00+00:00,1328.95,1350.22,1328.95,1346.94,63925,60
2018-03-26 00:00:00+00:00,1346.82,1355.89,1343.49,1353.29,79153,60
2018-03-27 00:00:00+00:00,1353.32,1356.84,1340.18,1344.38,100136,100
2018-03-28 00:00:00+00:00,1345.0,1346.97,1323.45,1324.86,108262,100
2018-03-29 00:00:00+00:00,1324.28,1328.27,1321.21,1325.18,94219,100
2018-04-02 00:00:00+00:00,1325.57,1344.96,1324.66,1341.13,91503,100
2018-04-03 00:00:00+00:00,1340.24,1342.42,1328.89,1332.59,101848,100
2018-04-04 00:00:00+00:00,1332.15,1348.21,1331.44,1333.19,103368,100
2018-04-05 00:00:00+00:00,1332.52,1334.81,1322.74,1326.47,92283,100
2018-04-06 00:00:00+00:00,1325.72,1335.39,1319.77,1333.07,103684,100
2018-04-09 00:00:00+00:00,1334.36,1337.96,1326.87,1335.95,49152,60
2018-04-10 00:00:00+00:00,1335.9,1342.64,1331.08,1339.27,88363,60
2018-04-11 00:00:00+00:00,1339.38,1365.24,1339.01,1353.02,85188,60
2018-04-12 00:00:00+00:00,1352.58,1353.14,1333.7,1334.78,56084,60
2018-04-13 00:00:00+00:00,1334.48,1347.15,1333.26,1345.16,50043,60
2018-04-16 00:00:00+00:00,1346.53,1350.49,1340.16,1345.6,51393,60
2018-04-17 00:00:00+00:00,1345.75,1349.36,1337.71,1346.97,48333,60
2018-04-18 00:00:00+00:00,1346.91,1355.71,1342.24,1349.09,50292,60
2018-04-19 00:00:00+00:00,1348.62,1354.65,1340.98,1345.31,54550,60
2018-04-20 00:00:00+00:00,1345.03,1346.17,1334.93,1335.19,46698,60
2018-04-23 00:00:00+00:00,1333.97,1335.47,1322.08,1324.52,47010,60
2018-04-24 00:00:00+00:00,1324.37,1332.68,1322.04,1330.1,48973,60
2018-04-25 00:00:00+00:00,1330.06,1332.0,1318.78,1323.16,47005,60
2018-04-26 00:00:00+00:00,1321.99,1326.52,1315.24,1316.64,46852,60
2018-04-27 00:00:00+00:00,1316.23,1325.21,1315.34,1323.26,43373,60
2018-04-30 00:00:00+00:00,1322.9,1325.35,1310.24,1315.1,43616,60
2018-05-01 00:00:00+00:00,1314.91,1316.28,1301.74,1303.63,41729,60
2018-05-02 00:00:00+00:00,1303.04,1313.55,1303.04,1304.6,51136,60
2018-05-03 00:00:00+00:00,1304.08,1318.1,1304.08,1311.9,52557,60
2018-05-04 00:00:00+00:00,1311.39,1315.46,1308.0,1314.76,46294,60
2018-05-07 00:00:00+00:00,1313.95,1318.91,1310.24,1313.94,39503,60
2018-05-08 00:00:00+00:00,1313.42,1317.81,1306.06,1314.08,51308,60
2018-05-09 00:00:00+00:00,1314.13,1317.45,1304.25,1312.45,53806,60
2018-05-10 00:00:00+00:00,1311.96,1322.88,1310.79,1321.07,54708,60
2018-05-11 00:00:00+00:00,1321.23,1325.92,1317.22,1317.94,47616,60
2018-05-14 00:00:00+00:00,1318.14,1322.3,1312.93,1313.11,44271,60
2018-05-15 00:00:00+00:00,1312.92,1314.79,1288.7,1290.44,51167,60
2018-05-16 00:00:00+00:00,1290.05,1296.89,1286.39,1290.46,51877,60
2018-05-17 00:00:00+00:00,1290.18,1294.37,1285.18,1290.59,46052,60
2018-05-18 00:00:00+00:00,1290.58,1294.24,1286.06,1292.82,38794,60
2018-05-21 00:00:00+00:00,1289.87,1293.08,1282.09,1292.25,43356,60
2018-05-22 00:00:00+00:00,1292.29,1296.17,1287.92,1291.11,46183,60
2018-05-23 00:00:00+00:00,1290.83,1298.47,1287.9,1293.12,55856,60
2018-05-24 00:00:00+00:00,1293.19,1306.62,1292.74,1304.49,51603,60
2018-05-25 00:00:00+00:00,1303.86,1307.77,1299.81,1301.4,67333,60
2018-05-28 00:00:00+00:00,1299.38,1300.32,1295.51,1297.91,49410,100
2018-05-29 00:00:00+00:00,1297.37,1306.6,1292.9,1298.53,83740,100
2018-05-30 00:00:00+00:00,1298.19,1304.39,1295.86,1301.26,83416,100
2018-05-31 00:00:00+00:00,1300.81,1306.58,1297.21,1298.09,78347,100
2018-06-01 00:00:00+00:00,1298.19,1300.52,1289.35,1292.8,75662,100
2018-06-04 00:00:00+00:00,1292.06,1298.09,1290.19,1291.77,70813,100
2018-06-05 00:00:00+00:00,1292.02,1300.53,1289.76,1296.35,90081,50
2018-06-06 00:00:00+00:00,1296.11,1301.72,1293.79,1296.45,86991,50
2018-06-07 00:00:00+00:00,1296.34,1303.15,1294.83,1297.03,92643,50
2018-06-08 00:00:00+00:00,1296.76,1300.54,1292.45,1298.95,89639,50
2018-06-11 00:00:00+00:00,1299.7,1302.17,1294.1,1300.18,78653,50
2018-06-12 00:00:00+00:00,1298.38,1300.51,1293.26,1295.74,87783,50
2018-06-13 00:00:00+00:00,1294.98,1301.17,1291.73,1299.48,79976,50
2018-06-14 00:00:00+00:00,1299.18,1309.28,1297.51,1302.04,87863,50
2018-06-15 00:00:00+00:00,1302.26,1303.07,1275.41,1279.46,93534,50
2018-06-18 00:00:00+00:00,1277.33,1282.4,1277.02,1278.28,77242,50
2018-06-19 00:00:00+00:00,1278.02,1284.05,1270.4,1274.44,96833,100
2018-06-20 00:00:00+00:00,1274.47,1276.4,1267.61,1267.67,89131,100
2018-06-21 00:00:00+00:00,1267.35,1270.08,1261.31,1266.95,95198,100
2018-06-22 00:00:00+00:00,1266.54,1271.14,1266.5,1268.91,84726,100
2018-06-25 00:00:00+00:00,1270.03,1272.52,1264.39,1265.38,90491,100
2018-06-26 00:00:00+00:00,1265.59,1267.63,1254.74,1258.7,92008,100
2018-06-27 00:00:00+00:00,1258.67,1260.03,1250.66,1252.03,100362,100
2018-06-28 00:00:00+00:00,1251.67,1254.25,1245.94,1248.18,95765,100
2018-06-29 00:00:00+00:00,1247.84,1255.6,1245.92,1252.63,96154,100
2018-07-02 00:00:00+00:00,1251.75,1254.16,1239.62,1241.76,90439,100
2018-07-03 00:00:00+00:00,1241.67,1256.85,1237.86,1252.48,89241,100
2018-07-04 00:00:00+00:00,1252.15,1261.07,1252.0,1257.62,66894,100
2018-07-05 00:00:00+00:00,1256.55,1259.72,1251.29,1257.65,91514,100
2018-07-06 00:00:00+00:00,1257.26,1258.69,1252.76,1254.84,84531,100
2018-07-09 00:00:00+00:00,1255.51,1265.92,1254.74,1257.62,56540,100
2018-07-10 00:00:00+00:00,1257.34,1260.24,1247.33,1255.47,59091,100
2018-07-11 00:00:00+00:00,1255.73,1256.85,1241.49,1241.99,75631,100
2018-07-12 00:00:00+00:00,1241.77,1248.52,1241.29,1246.89,62373,100
2018-07-13 00:00:00+00:00,1247.1,1248.07,1236.35,1241.43,63958,100
2018-07-16 00:00:00+00:00,1240.66,1245.5,1238.31,1240.85,50072,100
2018-07-17 00:00:00+00:00,1240.41,1244.97,1226.06,1227.48,62045,100
2018-07-18 00:00:00+00:00,1226.69,1229.08,1221.1,1227.48,56346,100
2018-07-19 00:00:00+00:00,1227.22,1228.95,1211.37,1222.61,71822,100
2018-07-20 00:00:00+00:00,1223.0,1232.24,1215.61,1231.55,76619,100
2018-07-23 00:00:00+00:00,1230.65,1235.05,1222.23,1224.48,73923,100
2018-07-24 00:00:00+00:00,1224.33,1229.47,1218.09,1224.29,69253,100
2018-07-25 00:00:00+00:00,1223.94,1234.14,1223.19,1231.56,65048,100
2018-07-26 00:00:00+00:00,1231.52,1235.14,1222.29,1222.53,65822,100
2018-07-27 00:00:00+00:00,1222.56,1227.31,1217.56,1222.45,61699,100
2018-07-30 00:00:00+00:00,1221.7,1225.07,1219.05,1221.46,33481,40
2018-07-31 00:00:00+00:00,1221.49,1228.56,1213.94,1223.51,47880,100
2018-08-01 00:00:00+00:00,1223.69,1224.75,1215.73,1215.96,47178,100
2018-08-02 00:00:00+00:00,1215.63,1221.07,1207.03,1207.52,47112,100
2018-08-03 00:00:00+00:00,1207.5,1220.0,1204.47,1213.17,48378,100
2018-08-06 00:00:00+00:00,1213.53,1217.81,1206.18,1207.07,41390,100
2018-08-07 00:00:00+00:00,1207.39,1216.12,1207.07,1210.65,37838,100
2018-08-08 00:00:00+00:00,1210.44,1215.84,1206.35,1213.57,35869,100
2018-08-09 00:00:00+00:00,1213.49,1217.27,1210.76,1212.11,37316,100
2018-08-10 00:00:00+00:00,1211.99,1217.05,1205.74,1210.98,55005,100
2018-08-13 00:00:00+00:00,1210.73,1213.81,1191.64,1193.63,55861,100
2018-08-14 00:00:00+00:00,1193.81,1198.7,1191.98,1193.85,55518,100
2018-08-15 00:00:00+00:00,1193.78,1194.63,1173.04,1174.64,71257,100
2018-08-16 00:00:00+00:00,1175.2,1182.01,1160.13,1173.93,79136,100
2018-08-17 00:00:00+00:00,1173.83,1185.0,1171.77,1184.6,64450,50
2018-08-20 00:00:00+00:00,1183.47,1190.8,1182.73,1190.42,52923,60
2018-08-21 00:00:00+00:00,1189.81,1196.94,1187.68,1195.98,61332,50
2018-08-22 00:00:00+00:00,1195.85,1201.55,1192.6,1195.39,57500,50
2018-08-23 00:00:00+00:00,1195.48,1196.56,1183.85,1185.45,57516,50
2018-08-24 00:00:00+00:00,1184.77,1208.57,1183.08,1205.79,68376,100
2018-08-27 00:00:00+00:00,1207.31,1212.37,1203.09,1211.19,63031,100
2018-08-28 00:00:00+00:00,1210.79,1214.28,1199.57,1200.91,68709,100
2018-08-29 00:00:00+00:00,1200.02,1207.2,1200.02,1206.54,63581,100
2018-08-30 00:00:00+00:00,1206.36,1207.81,1196.27,1199.66,69965,100
2018-08-31 00:00:00+00:00,1199.84,1208.84,1198.26,1200.95,68516,100
2018-09-03 00:00:00+00:00,1200.65,1203.89,1195.63,1201.29,46870,100
2018-09-04 00:00:00+00:00,1200.27,1201.96,1189.58,1191.3,69714,100
2018-09-05 00:00:00+00:00,1191.32,1198.36,1190.81,1196.6,62950,100
2018-09-06 00:00:00+00:00,1196.47,1206.98,1195.8,1199.98,66722,100
2018-09-07 00:00:00+00:00,1199.83,1203.47,1193.45,1195.73,67743,100
2018-09-10 00:00:00+00:00,1195.17,1198.49,1191.37,1195.79,63355,100
2018-09-11 00:00:00+00:00,1194.9,1199.35,1187.67,1198.57,59886,100
2018-09-12 00:00:00+00:00,1198.02,1208.46,1192.67,1205.9,68006,100
2018-09-13 00:00:00+00:00,1206.85,1212.64,1200.15,1201.35,58070,100
2018-09-14 00:00:00+00:00,1201.24,1208.53,1192.92,1193.24,62624,70
2018-09-17 00:00:00+00:00,1193.89,1204.82,1192.76,1201.28,55667,50
2018-09-18 00:00:00+00:00,1201.12,1203.53,1195.88,1198.2,57627,50
2018-09-19 00:00:00+00:00,1197.98,1206.19,1197.61,1203.8,53207,50
2018-09-20 00:00:00+00:00,1203.9,1208.41,1201.27,1207.02,63082,100
2018-09-21 00:00:00+00:00,1207.09,1211.02,1191.85,1199.53,71639,100
2018-09-24 00:00:00+00:00,1198.75,1204.16,1194.43,1198.63,59699,100
2018-09-25 00:00:00+00:00,1198.45,1203.3,1197.06,1201.08,56091,100
2018-09-26 00:00:00+00:00,1200.75,1202.45,1190.5,1194.29,60861,100
2018-09-27 00:00:00+00:00,1194.49,1198.55,1181.87,1182.61,67360,100
2018-09-28 00:00:00+00:00,1182.63,1193.96,1180.75,1191.94,66203,100
2018-10-01 00:00:00+00:00,1192.2,1192.35,1184.58,1188.68,58648,100
2018-10-02 00:00:00+00:00,1188.6,1208.22,1188.4,1202.88,75189,50
2018-10-03 00:00:00+00:00,1202.88,1208.22,1196.54,1197.07,70498,50
2018-10-04 00:00:00+00:00,1197.3,1206.73,1195.95,1199.7,64514,100
2018-10-05 00:00:00+00:00,1199.58,1205.8,1197.26,1202.59,60607,100
2018-10-08 00:00:00+00:00,1202.93,1204.03,1183.22,1187.9,57091,100
2018-10-09 00:00:00+00:00,1188.46,1191.86,1183.31,1189.59,63176,100
2018-10-10 00:00:00+00:00,1188.72,1194.72,1185.33,1194.39,62898,100
2018-10-11 00:00:00+00:00,1194.37,1226.3,1191.23,1224.31,84307,100
2018-10-12 00:00:00+00:00,1224.03,1224.1,1215.83,1217.8,69098,100
2018-10-15 00:00:00+00:00,1217.5,1233.26,1216.62,1226.71,61904,100
2018-10-16 00:00:00+00:00,1226.68,1232.38,1223.38,1224.68,61471,100
2018-10-17 00:00:00+00:00,1224.49,1229.47,1220.63,1222.16,64818,100
2018-10-18 00:00:00+00:00,1221.94,1230.18,1218.67,1225.71,64276,100
2018-10-19 00:00:00+00:00,1225.47,1230.77,1223.08,1226.09,57220,100
2018-10-22 00:00:00+00:00,1227.24,1229.51,1220.06,1221.95,57425,50
2018-10-23 00:00:00+00:00,1221.83,1239.72,1221.65,1230.22,70688,50
2018-10-24 00:00:00+00:00,1230.44,1233.61,1225.62,1233.35,63510,100
2018-10-25 00:00:00+00:00,1234.32,1239.14,1228.08,1232.0,67319,100
2018-10-26 00:00:00+00:00,1231.6,1243.41,1230.01,1233.41,78673,100
2018-10-29 00:00:00+00:00,1232.78,1235.36,1224.31,1229.28,69936,70
2018-10-30 00:00:00+00:00,1229.24,1230.55,1219.88,1222.96,71950,100
2018-10-31 00:00:00+00:00,1222.58,1223.24,1211.94,1214.56,64169,100
2018-11-01 00:00:00+00:00,1214.64,1237.33,1214.64,1232.97,67874,60
2018-11-02 00:00:00+00:00,1233.3,1236.39,1229.71,1232.7,70302,100
2018-11-05 00:00:00+00:00,1232.79,1235.06,1226.85,1231.54,58651,100
2018-11-06 00:00:00+00:00,1231.4,1235.9,1223.48,1226.78,55329,100
2018-11-07 00:00:00+00:00,1227.03,1236.43,1222.94,1226.51,74448,100
2018-11-08 00:00:00+00:00,1226.18,1227.07,1220.09,1223.43,65229,100
2018-11-09 00:00:00+00:00,1223.3,1223.63,1206.74,1209.43,68836,100
2018-11-12 00:00:00+00:00,1209.56,1211.43,1200.12,1200.4,60645,100
2018-11-13 00:00:00+00:00,1200.22,1205.15,1196.26,1201.87,70877,100
2018-11-14 00:00:00+00:00,1202.28,1216.52,1197.65,1210.71,70272,100
2018-11-15 00:00:00+00:00,1210.99,1216.41,1207.4,1213.2,77672,100
2018-11-16 00:00:00+00:00,1213.67,1225.29,1213.09,1221.32,68268,100
2018-11-19 00:00:00+00:00,1221.87,1225.19,1217.95,1223.96,63825,100
2018-11-20 00:00:00+00:00,1223.99,1228.76,1219.93,1221.5,67516,100
2018-11-21 00:00:00+00:00,1221.56,1230.03,1219.7,1225.88,62270,100
2018-11-22 00:00:00+00:00,1225.43,1229.07,1224.85,1227.23,39772,100
2018-11-23 00:00:00+00:00,1226.7,1228.51,1219.91,1222.67,44880,100
2018-11-26 00:00:00+00:00,1223.08,1228.04,1221.67,1222.2,51857,100
2018-11-27 00:00:00+00:00,1222.11,1225.26,1211.91,1214.69,55456,100
2018-11-28 00:00:00+00:00,1214.65,1226.65,1211.15,1220.8,58641,100
2018-11-29 00:00:00+00:00,1220.35,1228.95,1220.35,1224.24,60644,100
2018-11-30 00:00:00+00:00,1223.98,1225.51,1216.65,1222.0,53896,100
2018-12-03 00:00:00+00:00,1221.83,1234.99,1221.22,1230.64,65372,100
2018-12-04 00:00:00+00:00,1230.9,1241.91,1230.44,1238.42,67328,100
2018-12-06 00:00:00+00:00,1237.6,1244.32,1234.74,1237.75,77809,100
2018-12-07 00:00:00+00:00,1237.53,1250.04,1237.27,1248.34,63542,100
2018-12-10 00:00:00+00:00,1249.64,1250.84,1241.57,1244.08,61186,100
2018-12-11 00:00:00+00:00,1244.01,1249.5,1241.04,1242.74,61632,90
2018-12-12 00:00:00+00:00,1242.94,1247.18,1241.99,1245.37,54467,100
2018-12-13 00:00:00+00:00,1245.64,1246.74,1240.07,1241.88,51897,100
2018-12-14 00:00:00+00:00,1241.68,1243.03,1232.93,1238.18,50367,100
2018-12-17 00:00:00+00:00,1239.04,1248.1,1235.33,1245.82,51942,100
2018-12-18 00:00:00+00:00,1245.75,1250.36,1245.05,1249.38,55840,100
2018-12-19 00:00:00+00:00,1249.59,1258.02,1241.64,1242.91,59935,100
2018-12-20 00:00:00+00:00,1242.59,1266.47,1242.16,1259.43,74982,80
2018-12-21 00:00:00+00:00,1259.93,1262.75,1253.92,1255.41,62343,100
2018-12-24 00:00:00+00:00,1257.43,1268.45,1257.03,1268.24,49483,100
2018-12-26 00:00:00+00:00,1272.91,1279.06,1264.6,1266.87,46021,100
2018-12-27 00:00:00+00:00,1266.62,1278.94,1266.15,1275.42,76583,100
2018-12-28 00:00:00+00:00,1275.36,1282.11,1274.2,1280.65,66296,100
2018-12-31 00:00:00+00:00,1280.25,1284.05,1277.38,1281.48,42214,100
2019-01-02 00:00:00+00:00,1285.49,1288.73,1278.69,1284.43,50510,100
2019-01-03 00:00:00+00:00,1285.81,1294.86,1284.57,1293.98,84315,100
2019-01-04 00:00:00+00:00,1293.91,1298.47,1276.64,1284.58,80777,100
2019-01-07 00:00:00+00:00,1285.32,1295.04,1282.62,1289.02,63374,100
2019-01-08 00:00:00+00:00,1288.52,1290.17,1279.33,1285.19,65143,100
2019-01-09 00:00:00+00:00,1284.81,1293.8,1280.1,1292.91,67493,100
2019-01-10 00:00:00+00:00,1293.68,1297.01,1286.07,1286.42,70417,100
2019-01-11 00:00:00+00:00,1286.62,1295.16,1286.34,1287.15,59217,100
2019-01-14 00:00:00+00:00,1287.4,1295.87,1287.35,1291.38,62153,100
2019-01-15 00:00:00+00:00,1291.82,1294.67,1286.66,1289.29,68363,100
2019-01-16 00:00:00+00:00,1289.41,1294.97,1287.89,1293.3,63928,100
2019-01-17 00:00:00+00:00,1293.82,1295.29,1288.76,1291.89,63216,100
2019-01-18 00:00:00+00:00,1291.99,1292.44,1280.59,1281.47,60499,100
2019-01-21 00:00:00+00:00,1281.46,1283.49,1276.77,1280.23,32795,100
2019-01-22 00:00:00+00:00,1279.28,1285.43,1277.37,1284.97,56363,100
2019-01-23 00:00:00+00:00,1284.78,1286.52,1278.65,1282.44,55373,100
2019-01-24 00:00:00+00:00,1282.67,1284.75,1276.74,1281.03,62143,100
2019-01-25 00:00:00+00:00,1280.64,1303.54,1279.88,1302.95,60206,100
2019-01-28 00:00:00+00:00,1301.24,1304.35,1297.53,1303.12,56333,100
2019-01-29 00:00:00+00:00,1303.05,1311.95,1302.7,1311.33,54688,100
2019-01-30 00:00:00+00:00,1311.81,1323.35,1309.04,1319.37,63817,100
2019-01-31 00:00:00+00:00,1320.28,1326.23,1317.43,1321.21,65628,100
2019-02-01 00:00:00+00:00,1321.0,1323.54,1316.14,1317.33,59539,100
2019-02-04 00:00:00+00:00,1317.96,1318.98,1308.58,1311.81,52045,100
2019-02-05 00:00:00+00:00,1312.04,1316.87,1310.72,1315.18,53216,100
2019-02-06 00:00:00+00:00,1314.98,1315.76,1305.65,1306.45,56545,100
2019-02-07 00:00:00+00:00,1305.83,1311.93,1302.74,1310.03,58110,100
2019-02-08 00:00:00+00:00,1310.08,1315.62,1307.78,1313.74,47038,100
2019-02-11 00:00:00+00:00,1314.1,1314.81,1303.64,1307.87,40904,100
2019-02-12 00:00:00+00:00,1307.89,1314.75,1306.44,1310.46,40677,100
2019-02-13 00:00:00+00:00,1310.74,1318.11,1304.97,1306.11,44086,100
2019-02-14 00:00:00+00:00,1306.2,1314.37,1302.28,1312.35,50187,100
2019-02-15 00:00:00+00:00,1312.37,1322.49,1311.34,1320.88,43374,100
2019-02-18 00:00:00+00:00,1321.31,1327.65,1320.51,1326.18,29128,100
2019-02-19 00:00:00+00:00,1325.87,1341.81,1322.84,1340.99,49405,100
2019-02-20 00:00:00+00:00,1340.42,1346.68,1336.83,1338.28,51528,100
2019-02-21 00:00:00+00:00,1338.6,1341.47,1321.0,1323.08,56929,100
2019-02-22 00:00:00+00:00,1323.52,1333.04,1321.5,1327.66,48761,100
2019-02-25 00:00:00+00:00,1329.19,1332.54,1325.08,1327.32,49188,100
2019-02-26 00:00:00+00:00,1327.47,1330.13,1323.48,1328.88,47105,100
2019-02-27 00:00:00+00:00,1328.84,1329.83,1316.82,1319.44,44167,100
2019-02-28 00:00:00+00:00,1319.48,1327.27,1312.57,1313.07,48796,100
2019-03-01 00:00:00+00:00,1313.76,1315.17,1290.13,1293.18,55473,100
2019-03-04 00:00:00+00:00,1293.26,1296.99,1282.85,1286.56,51012,100
2019-03-05 00:00:00+00:00,1286.44,1289.54,1281.21,1287.57,47300,100
2019-03-06 00:00:00+00:00,1287.53,1290.92,1283.61,1286.32,46269,100
2019-03-07 00:00:00+00:00,1286.29,1289.01,1280.71,1285.27,45732,100
2019-03-08 00:00:00+00:00,1285.7,1300.73,1285.13,1298.26,49642,100
2019-03-11 00:00:00+00:00,1297.66,1299.12,1290.48,1293.33,38744,100
2019-03-12 00:00:00+00:00,1293.19,1302.25,1291.98,1301.36,43187,80
2019-03-13 00:00:00+00:00,1300.96,1311.23,1300.54,1308.86,40745,100
2019-03-14 00:00:00+00:00,1308.98,1310.32,1292.81,1296.03,40820,100
2019-03-15 00:00:00+00:00,1295.95,1306.38,1293.96,1302.07,40380,100
2019-03-18 00:00:00+00:00,1302.06,1306.7,1298.17,1303.53,35356,100
2019-03-19 00:00:00+00:00,1303.22,1310.87,1302.27,1306.38,35831,100
2019-03-20 00:00:00+00:00,1306.08,1316.97,1298.62,1312.44,48968,100
2019-03-21 00:00:00+00:00,1312.81,1320.34,1303.25,1309.33,46103,100
2019-03-22 00:00:00+00:00,1309.19,1314.93,1306.79,1313.23,50438,100
2019-03-25 00:00:00+00:00,1313.49,1324.51,1310.96,1321.78,42560,100
2019-03-26 00:00:00+00:00,1321.66,1323.2,1312.69,1315.51,46073,100
2019-03-27 00:00:00+00:00,1315.63,1319.26,1308.14,1309.59,54055,100
2019-03-28 00:00:00+00:00,1308.2,1312.32,1288.53,1290.22,51512,100
2019-03-29 00:00:00+00:00,1289.89,1299.79,1286.73,1291.87,47845,100
2019-04-01 00:00:00+00:00,1292.08,1296.99,1286.45,1287.56,45860,100
2019-04-02 00:00:00+00:00,1287.46,1292.53,1285.22,1292.34,39743,100
2019-04-03 00:00:00+00:00,1292.37,1294.56,1288.4,1289.54,39578,100
2019-04-04 00:00:00+00:00,1289.52,1294.35,1280.88,1291.89,37793,100
2019-04-05 00:00:00+00:00,1291.8,1293.57,1284.37,1291.49,40907,100
2019-04-08 00:00:00+00:00,1291.5,1303.67,1291.42,1297.36,36169,80
2019-04-09 00:00:00+00:00,1296.6,1306.18,1296.57,1303.85,37878,100
2019-04-10 00:00:00+00:00,1303.9,1310.58,1300.92,1307.89,40186,70
2019-04-11 00:00:00+00:00,1308.22,1309.19,1289.62,1292.46,42857,100
2019-04-12 00:00:00+00:00,1292.31,1295.73,1290.02,1290.43,38608,70
2019-04-15 00:00:00+00:00,1290.7,1291.99,1282.53,1287.61,38258,90
2019-04-16 00:00:00+00:00,1287.6,1288.7,1272.95,1276.77,42680,100
2019-04-17 00:00:00+00:00,1276.56,1279.77,1272.99,1273.96,39182,90
2019-04-18 00:00:00+00:00,1273.14,1277.66,1271.14,1275.57,37688,80
2019-04-22 00:00:00+00:00,1275.68,1279.81,1273.79,1274.83,29076,70
2019-04-23 00:00:00+00:00,1274.98,1276.5,1266.28,1272.08,35084,90
2019-04-24 00:00:00+00:00,1272.2,1278.51,1268.75,1275.57,38478,100
2019-04-25 00:00:00+00:00,1275.83,1282.59,1273.37,1277.15,41644,100
2019-04-26 00:00:00+00:00,1277.02,1288.65,1274.02,1285.82,46931,100
2019-04-29 00:00:00+00:00,1287.1,1287.1,1278.07,1279.76,35927,80
2019-04-30 00:00:00+00:00,1279.86,1286.19,1279.72,1283.26,38119,80
2019-05-01 00:00:00+00:00,1283.15,1287.27,1272.94,1276.61,41205,100
2019-05-02 00:00:00+00:00,1276.82,1278.0,1266.23,1270.46,42591,90
2019-05-03 00:00:00+00:00,1270.49,1282.53,1268.03,1278.8,40585,100
2019-05-06 00:00:00+00:00,1280.74,1285.69,1276.99,1280.28,49469,100
2019-05-07 00:00:00+00:00,1280.95,1286.05,1278.16,1284.27,47543,100
2019-05-08 00:00:00+00:00,1283.9,1291.46,1279.32,1280.69,48505,100
2019-05-09 00:00:00+00:00,1280.21,1288.2,1279.6,1283.77,52529,100
2019-05-10 00:00:00+00:00,1283.82,1289.38,1283.12,1285.74,52264,100
2019-05-13 00:00:00+00:00,1287.41,1301.21,1281.98,1299.6,51981,100
2019-05-14 00:00:00+00:00,1299.76,1303.32,1293.72,1296.81,40234,90
2019-05-15 00:00:00+00:00,1296.94,1300.86,1293.02,1296.15,44938,100
2019-05-16 00:00:00+00:00,1296.9,1298.72,1284.02,1286.39,44594,100
2019-05-17 00:00:00+00:00,1286.48,1288.91,1274.82,1277.57,45769,100
2019-05-20 00:00:00+00:00,1276.91,1278.95,1273.64,1277.61,45145,70
2019-05-21 00:00:00+00:00,1277.51,1277.93,1269.52,1274.65,40178,100
2019-05-22 00:00:00+00:00,1274.35,1277.28,1272.48,1273.25,38198,90
2019-05-23 00:00:00+00:00,1273.25,1287.27,1272.82,1283.3,53626,100
2019-05-24 00:00:00+00:00,1282.79,1285.24,1280.76,1284.65,46632,100
2019-05-27 00:00:00+00:00,1284.63,1287.37,1283.76,1285.05,24325,90
2019-05-28 00:00:00+00:00,1284.67,1286.62,1276.11,1279.26,47626,100
2019-05-29 00:00:00+00:00,1279.26,1285.51,1279.07,1279.88,53653,100
2019-05-30 00:00:00+00:00,1279.95,1289.15,1275.02,1288.21,45670,80
2019-05-31 00:00:00+00:00,1288.17,1306.88,1287.9,1305.33,61310,100
2019-06-03 00:00:00+00:00,1307.15,1327.95,1305.77,1324.63,62824,100
2019-06-04 00:00:00+00:00,1324.69,1329.03,1319.93,1325.13,57183,100
2019-06-05 00:00:00+00:00,1324.99,1344.07,1324.43,1330.12,66238,100
2019-06-06 00:00:00+00:00,1330.91,1339.77,1327.26,1335.11,58900,100
2019-06-07 00:00:00+00:00,1335.28,1348.2,1330.25,1340.39,56712,100
2019-06-10 00:00:00+00:00,1336.48,1337.72,1325.1,1327.86,55064,100
2019-06-11 00:00:00+00:00,1327.76,1329.88,1319.85,1326.62,50288,100
2019-06-12 00:00:00+00:00,1326.37,1338.35,1325.98,1333.42,56747,100
2019-06-13 00:00:00+00:00,1333.84,1343.1,1332.37,1341.73,56859,100
2019-06-14 00:00:00+00:00,1341.96,1358.14,1337.74,1341.24,64904,100
2019-06-17 00:00:00+00:00,1341.74,1343.52,1332.98,1339.53,52663,100
2019-06-18 00:00:00+00:00,1339.46,1354.63,1338.62,1346.47,63780,100
2019-06-19 00:00:00+00:00,1346.19,1362.45,1341.38,1360.19,64468,100
2019-06-20 00:00:00+00:00,1359.85,1394.21,1357.68,1388.25,89467,100
2019-06-21 00:00:00+00:00,1386.9,1411.85,1382.53,1399.08,85444,100
2019-06-24 00:00:00+00:00,1399.55,1421.33,1399.43,1419.4,75362,70
2019-06-25 00:00:00+00:00,1419.14,1438.97,1411.78,1423.14,90847,110
2019-06-26 00:00:00+00:00,1423.51,1424.36,1401.75,1408.85,87413,110
2019-06-27 00:00:00+00:00,1408.76,1412.11,1398.38,1409.71,71306,110
2019-06-28 00:00:00+00:00,1409.38,1424.62,1405.68,1409.2,69108,110
2019-07-01 00:00:00+00:00,1397.44,1398.4,1381.69,1384.22,80872,100
2019-07-02 00:00:00+00:00,1383.66,1420.77,1383.25,1418.06,72657,100
2019-07-03 00:00:00+00:00,1421.56,1437.58,1411.98,1418.54,102994,110
2019-07-04 00:00:00+00:00,1418.37,1421.66,1410.24,1415.7,42143,110
2019-07-05 00:00:00+00:00,1415.34,1424.13,1386.57,1398.71,72979,100
2019-07-08 00:00:00+00:00,1398.82,1407.6,1391.71,1395.25,64936,100
2019-07-09 00:00:00+00:00,1394.91,1400.04,1385.67,1397.46,60220,100
2019-07-10 00:00:00+00:00,1396.88,1418.77,1389.91,1418.74,68758,100
2019-07-11 00:00:00+00:00,1418.58,1427.15,1400.8,1403.64,75203,110
2019-07-12 00:00:00+00:00,1403.89,1416.85,1403.08,1415.24,65268,110
2019-07-15 00:00:00+00:00,1415.61,1419.63,1407.72,1413.71,60412,110
2019-07-16 00:00:00+00:00,1414.14,1418.2,1400.8,1405.77,65131,110
2019-07-17 00:00:00+00:00,1406.13,1426.65,1400.11,1426.05,65084,110
2019-07-18 00:00:00+00:00,1429.97,1448.05,1414.55,1445.96,79921,110
2019-07-19 00:00:00+00:00,1446.89,1452.85,1420.18,1425.27,87426,110
2019-07-22 00:00:00+00:00,1426.59,1430.01,1422.26,1424.64,57804,110
2019-07-23 00:00:00+00:00,1425.45,1430.35,1414.21,1417.47,63804,100
2019-07-24 00:00:00+00:00,1416.81,1429.48,1416.23,1425.36,57691,110
2019-07-25 00:00:00+00:00,1425.25,1433.73,1411.09,1414.16,65395,110
2019-07-26 00:00:00+00:00,1414.63,1424.78,1413.15,1418.28,56788,100
2019-07-29 00:00:00+00:00,1418.94,1428.1,1414.79,1426.74,45330,110
2019-07-30 00:00:00+00:00,1426.48,1433.22,1422.31,1430.62,53221,90
2019-07-31 00:00:00+00:00,1430.7,1434.38,1410.53,1412.47,60761,90
2019-08-01 00:00:00+00:00,1411.52,1445.98,1400.49,1444.43,77095,110
2019-08-02 00:00:00+00:00,1446.55,1447.95,1430.32,1440.65,93004,110
2019-08-05 00:00:00+00:00,1442.42,1469.69,1436.75,1463.69,92453,110
2019-08-06 00:00:00+00:00,1469.09,1474.89,1456.36,1474.29,87170,110
2019-08-07 00:00:00+00:00,1473.74,1510.36,1472.24,1501.06,97473,110
2019-08-08 00:00:00+00:00,1499.33,1509.55,1489.92,1500.97,84330,110
2019-08-09 00:00:00+00:00,1508.66,1508.89,1494.74,1496.98,77307,110
2019-08-12 00:00:00+00:00,1496.59,1519.88,1487.28,1510.86,75178,110
2019-08-13 00:00:00+00:00,1510.34,1535.0,1479.45,1501.08,86812,110
2019-08-14 00:00:00+00:00,1501.72,1524.01,1494.03,1516.23,94185,110
2019-08-15 00:00:00+00:00,1516.54,1526.94,1507.81,1522.96,97488,110
2019-08-16 00:00:00+00:00,1521.76,1527.89,1503.72,1512.17,66475,120
2019-08-19 00:00:00+00:00,1509.84,1512.84,1493.21,1495.87,68766,110
2019-08-20 00:00:00+00:00,1496.83,1508.51,1492.85,1507.12,60050,110
2019-08-21 00:00:00+00:00,1506.15,1508.04,1496.47,1502.32,58328,110
2019-08-22 00:00:00+00:00,1502.62,1504.51,1492.46,1497.85,54849,110
2019-08-23 00:00:00+00:00,1498.62,1530.17,1493.52,1526.68,68288,110
2019-08-26 00:00:00+00:00,1538.93,1554.99,1524.95,1527.13,100826,120
2019-08-27 00:00:00+00:00,1527.53,1544.6,1525.65,1542.31,71873,120
2019-08-28 00:00:00+00:00,1541.36,1546.82,1531.88,1538.83,75039,120
2019-08-29 00:00:00+00:00,1538.77,1550.34,1519.71,1527.25,82014,120
2019-08-30 00:00:00+00:00,1527.61,1533.1,1516.93,1520.28,76178,120
2019-09-02 00:00:00+00:00,1531.5,1533.95,1519.37,1530.49,47978,120
2019-09-03 00:00:00+00:00,1528.07,1549.68,1521.61,1547.46,80414,120
2019-09-04 00:00:00+00:00,1546.28,1557.0,1533.85,1552.25,78786,120
2019-09-05 00:00:00+00:00,1552.03,1552.95,1506.2,1518.85,83246,120
2019-09-06 00:00:00+00:00,1518.93,1527.81,1502.54,1506.6,86863,120
2019-09-09 00:00:00+00:00,1505.18,1515.47,1497.53,1498.92,152678,110
2019-09-10 00:00:00+00:00,1498.46,1500.93,1484.46,1485.25,187738,100
2019-09-11 00:00:00+00:00,1485.56,1498.23,1485.16,1496.71,130419,80
2019-09-12 00:00:00+00:00,1496.65,1524.09,1489.21,1498.98,219505,110
2019-09-13 00:00:00+00:00,1498.53,1508.94,1485.77,1488.43,189302,110
2019-09-16 00:00:00+00:00,1504.88,1512.12,1495.87,1498.11,238745,50
2019-09-17 00:00:00+00:00,1498.37,1507.09,1493.43,1501.23,177201,110
2019-09-18 00:00:00+00:00,1501.15,1511.45,1483.3,1493.92,147781,110
2019-09-19 00:00:00+00:00,1492.71,1504.47,1488.96,1498.78,156381,110
2019-09-20 00:00:00+00:00,1498.96,1517.03,1497.95,1516.63,141287,110
2019-09-23 00:00:00+00:00,1513.74,1526.76,1510.59,1522.09,164487,110
2019-09-24 00:00:00+00:00,1521.96,1535.63,1515.59,1532.09,200093,120
2019-09-25 00:00:00+00:00,1531.4,1535.08,1500.42,1503.5,153162,120
2019-09-26 00:00:00+00:00,1503.55,1512.29,1500.4,1504.42,161170,80
2019-09-27 00:00:00+00:00,1504.04,1507.37,1486.85,1496.78,221899,110
2019-09-30 00:00:00+00:00,1494.69,1500.51,1464.42,1472.42,190295,110
2019-10-01 00:00:00+00:00,1471.17,1487.22,1459.06,1478.99,197102,90
2019-10-02 00:00:00+00:00,1478.95,1505.09,1474.53,1499.77,189107,110
2019-10-03 00:00:00+00:00,1499.07,1519.57,1495.8,1504.78,209912,110
2019-10-04 00:00:00+00:00,1505.09,1515.79,1495.76,1504.6,199450,110
2019-10-07 00:00:00+00:00,1511.83,1512.66,1488.03,1493.16,158253,110
2019-10-08 00:00:00+00:00,1492.89,1509.71,1486.84,1505.48,243320,110
2019-10-09 00:00:00+00:00,1504.86,1512.27,1499.83,1505.63,177259,110
2019-10-10 00:00:00+00:00,1505.45,1517.0,1491.12,1493.46,257339,80
2019-10-11 00:00:00+00:00,1492.9,1503.15,1473.97,1488.6,254006,110
2019-10-14 00:00:00+00:00,1487.7,1497.07,1482.8,1493.05,142710,110
2019-10-15 00:00:00+00:00,1492.72,1498.59,1477.17,1480.99,181171,110
2019-10-16 00:00:00+00:00,1480.64,1491.54,1477.02,1489.88,214129,110
2019-10-17 00:00:00+00:00,1489.17,1497.35,1483.42,1491.78,184344,80
2019-10-18 00:00:00+00:00,1491.44,1494.06,1484.86,1490.34,141587,110
2019-10-21 00:00:00+00:00,1491.42,1495.2,1481.48,1484.32,125167,100
2019-10-22 00:00:00+00:00,1483.81,1488.97,1480.85,1487.51,112650,110
2019-10-23 00:00:00+00:00,1487.45,1496.27,1487.32,1491.88,106409,110
2019-10-24 00:00:00+00:00,1491.36,1503.96,1487.95,1503.61,125826,90
2019-10-25 00:00:00+00:00,1502.83,1517.9,1500.59,1504.4,135709,120
2019-10-28 00:00:00+00:00,1504.69,1508.18,1489.99,1492.39,124088,100
2019-10-29 00:00:00+00:00,1491.72,1494.8,1483.5,1487.65,115826,90
2019-10-30 00:00:00+00:00,1487.85,1496.54,1481.15,1495.6,121471,120
2019-10-31 00:00:00+00:00,1495.26,1514.17,1493.71,1512.5,126975,120
2019-11-01 00:00:00+00:00,1512.79,1516.02,1503.26,1514.11,116780,90
2019-11-04 00:00:00+00:00,1513.5,1514.75,1504.4,1509.47,92859,110
2019-11-05 00:00:00+00:00,1509.09,1509.63,1479.33,1483.4,170073,120
2019-11-06 00:00:00+00:00,1482.7,1494.16,1482.16,1490.37,152911,120
2019-11-07 00:00:00+00:00,1489.88,1492.21,1460.58,1468.46,206889,110
2019-11-08 00:00:00+00:00,1467.76,1472.95,1456.18,1458.95,199800,90
2019-11-11 00:00:00+00:00,1459.03,1466.46,1448.21,1455.83,123528,110
2019-11-12 00:00:00+00:00,1455.91,1460.47,1445.6,1456.13,192393,110
2019-11-13 00:00:00+00:00,1455.58,1467.1,1455.26,1463.31,206433,110
2019-11-14 00:00:00+00:00,1462.88,1474.65,1461.08,1471.17,187312,110
2019-11-15 00:00:00+00:00,1470.69,1471.39,1462.4,1467.71,138328,80
2019-11-18 00:00:00+00:00,1466.65,1473.97,1456.38,1471.19,176631,110
2019-11-19 00:00:00+00:00,1470.49,1475.33,1464.75,1472.38,179267,110
2019-11-20 00:00:00+00:00,1471.55,1478.85,1465.9,1471.46,217954,110
2019-11-21 00:00:00+00:00,1474.76,1475.67,1462.36,1464.33,225857,110
2019-11-22 00:00:00+00:00,1463.72,1473.19,1461.34,1461.99,167896,80
2019-11-25 00:00:00+00:00,1460.5,1462.13,1454.05,1455.03,125118,110
2019-11-26 00:00:00+00:00,1454.73,1462.84,1450.03,1461.25,126333,110
2019-11-27 00:00:00+00:00,1461.24,1461.91,1452.5,1454.26,115419,110
2019-11-28 00:00:00+00:00,1453.94,1458.3,1453.92,1456.28,54923,110
2019-11-29 00:00:00+00:00,1455.57,1466.52,1453.03,1463.31,112587,110
2019-12-02 00:00:00+00:00,1463.76,1465.5,1453.96,1462.53,169174,110
2019-12-03 00:00:00+00:00,1461.82,1481.73,1459.82,1477.33,186481,110
2019-12-04 00:00:00+00:00,1477.17,1484.05,1471.43,1474.37,187614,110
2019-12-05 00:00:00+00:00,1474.2,1480.33,1472.87,1475.8,146586,110
2019-12-06 00:00:00+00:00,1475.3,1479.6,1458.69,1459.56,126978,80
2019-12-09 00:00:00+00:00,1459.17,1465.37,1458.19,1461.78,91117,110
2019-12-10 00:00:00+00:00,1461.44,1469.14,1459.99,1464.37,129214,110
2019-12-11 00:00:00+00:00,1463.86,1478.9,1462.69,1474.8,136081,110
2019-12-12 00:00:00+00:00,1474.34,1486.69,1463.89,1469.47,184197,110
2019-12-13 00:00:00+00:00,1468.08,1478.02,1461.76,1475.54,231905,80
2019-12-16 00:00:00+00:00,1475.21,1479.83,1473.16,1475.96,96089,110
2019-12-17 00:00:00+00:00,1475.3,1480.54,1474.19,1476.02,92244,110
2019-12-18 00:00:00+00:00,1475.66,1479.27,1470.45,1475.46,89181,110
2019-12-19 00:00:00+00:00,1475.1,1481.68,1473.24,1478.73,86135,110
2019-12-20 00:00:00+00:00,1478.43,1480.98,1475.83,1477.93,73885,80
2019-12-23 00:00:00+00:00,1477.95,1486.12,1477.38,1485.39,75283,120
2019-12-24 00:00:00+00:00,1485.64,1499.83,1484.34,1498.9,54974,120
2019-12-26 00:00:00+00:00,1502.82,1512.57,1502.69,1511.06,71557,120
2019-12-27 00:00:00+00:00,1510.92,1515.28,1507.31,1510.76,97590,120
2019-12-30 00:00:00+00:00,1511.06,1516.07,1510.74,1514.99,82987,120
2019-12-31 00:00:00+00:00,1514.75,1525.27,1514.36,1521.98,89967,120
2020-01-02 00:00:00+00:00,1519.17,1531.32,1518.43,1528.76,88583,120
2020-01-03 00:00:00+00:00,1528.37,1553.47,1527.88,1551.5,197305,80
2020-01-06 00:00:00+00:00,1559.9,1587.65,1559.67,1565.68,216178,110
2020-01-07 00:00:00+00:00,1565.28,1577.27,1555.23,1573.23,166885,120
2020-01-08 00:00:00+00:00,1576.26,1611.29,1552.19,1556.29,256984,120
2020-01-09 00:00:00+00:00,1555.86,1561.31,1540.08,1552.1,161696,120
2020-01-10 00:00:00+00:00,1551.18,1563.12,1545.7,1561.7,126460,100
2020-01-13 00:00:00+00:00,1561.86,1561.86,1546.43,1548.4,100244,120
2020-01-14 00:00:00+00:00,1547.42,1548.86,1535.89,1546.3,130391,120
2020-01-15 00:00:00+00:00,1546.06,1558.13,1545.88,1556.22,117895,120
2020-01-16 00:00:00+00:00,1555.03,1558.04,1547.98,1552.43,91370,120
2020-01-17 00:00:00+00:00,1551.17,1561.21,1549.36,1556.94,91704,120
2020-01-20 00:00:00+00:00,1556.29,1562.72,1556.26,1560.7,41312,120
2020-01-21 00:00:00+00:00,1559.74,1568.56,1546.31,1558.0,119165,120
2020-01-22 00:00:00+00:00,1558.16,1559.23,1550.12,1558.6,88573,120
2020-01-23 00:00:00+00:00,1557.77,1567.9,1551.87,1562.86,114243,120
2020-01-24 00:00:00+00:00,1562.48,1575.81,1556.52,1570.86,107946,80
2020-01-27 00:00:00+00:00,1579.9,1588.43,1575.82,1581.91,142644,120
2020-01-28 00:00:00+00:00,1581.2,1583.01,1565.48,1567.82,114260,120
2020-01-29 00:00:00+00:00,1566.26,1577.9,1563.29,1577.11,101279,120
2020-01-30 00:00:00+00:00,1575.54,1585.93,1572.25,1573.85,139213,120
2020-01-31 00:00:00+00:00,1574.0,1590.45,1570.92,1588.68,143640,80
2020-02-03 00:00:00+00:00,1592.96,1593.26,1569.31,1576.38,142294,90
2020-02-04 00:00:00+00:00,1576.98,1579.5,1549.04,1552.8,123669,120
2020-02-05 00:00:00+00:00,1551.86,1562.35,1547.42,1556.39,124139,120
2020-02-06 00:00:00+00:00,1555.6,1568.21,1552.44,1566.45,104077,120
2020-02-07 00:00:00+00:00,1565.66,1574.07,1559.77,1570.02,113023,80
2020-02-10 00:00:00+00:00,1571.43,1577.0,1567.95,1571.85,98730,80
2020-02-11 00:00:00+00:00,1571.71,1573.99,1562.06,1567.7,91632,80
2020-02-12 00:00:00+00:00,1567.29,1570.4,1561.82,1565.67,81408,80
2020-02-13 00:00:00+00:00,1566.41,1578.23,1565.52,1575.95,104525,80
2020-02-14 00:00:00+00:00,1575.86,1585.02,1573.01,1583.82,75773,70
2020-02-17 00:00:00+00:00,1582.0,1583.74,1578.81,1581.5,34663,80
2020-02-18 00:00:00+00:00,1583.36,1605.04,1582.08,1601.33,97161,40
2020-02-19 00:00:00+00:00,1601.26,1612.89,1599.47,1611.33,96738,80
2020-02-20 00:00:00+00:00,1611.17,1623.68,1603.81,1619.27,141980,80
2020-02-21 00:00:00+00:00,1619.61,1649.28,1618.92,1643.78,151853,50
2020-02-24 00:00:00+00:00,1643.02,1689.28,1643.02,1658.52,239157,40
2020-02-25 00:00:00+00:00,1658.9,1663.68,1624.71,1635.26,255605,80
2020-02-26 00:00:00+00:00,1634.79,1654.91,1624.77,1640.49,226401,80
2020-02-27 00:00:00+00:00,1640.51,1660.36,1635.16,1644.16,236335,80
2020-02-28 00:00:00+00:00,1644.45,1649.43,1562.75,1584.46,274642,40
2020-03-02 00:00:00+00:00,1591.08,1610.92,1575.27,1589.69,247982,80
2020-03-03 00:00:00+00:00,1588.85,1649.19,1584.55,1639.44,193655,80
2020-03-04 00:00:00+00:00,1639.84,1652.42,1631.76,1635.69,167548,80
2020-03-05 00:00:00+00:00,1637.16,1674.47,1634.97,1671.55,163328,80
2020-03-06 00:00:00+00:00,1672.18,1692.11,1642.13,1674.04,241828,70
2020-03-09 00:00:00+00:00,1696.1,1703.19,1657.26,1679.58,241399,80
2020-03-10 00:00:00+00:00,1673.65,1679.65,1641.46,1648.96,234338,80
2020-03-11 00:00:00+00:00,1649.69,1671.22,1633.01,1635.06,201188,80
2020-03-12 00:00:00+00:00,1633.55,1650.27,1560.61,1577.5,226711,80
2020-03-13 00:00:00+00:00,1579.2,1597.86,1504.32,1529.08,237364,80
2020-03-16 00:00:00+00:00,1564.52,1575.32,1451.2,1514.48,271669,70
2020-03-17 00:00:00+00:00,1511.05,1553.99,1465.35,1528.19,232560,70
2020-03-18 00:00:00+00:00,1527.55,1546.23,1472.57,1485.85,224536,80
2020-03-19 00:00:00+00:00,1485.29,1500.71,1463.03,1472.22,195535,70
2020-03-20 00:00:00+00:00,1469.7,1515.89,1454.94,1498.17,177399,80
2020-03-23 00:00:00+00:00,1502.65,1561.01,1482.23,1552.8,184232,80
2020-03-24 00:00:00+00:00,1554.92,1631.93,1552.29,1626.87,65751,80
2020-03-25 00:00:00+00:00,1626.4,1638.42,1594.71,1615.78,48281,80
2020-03-26 00:00:00+00:00,1614.18,1643.37,1595.63,1626.63,54010,80
2020-03-27 00:00:00+00:00,1626.43,1634.61,1612.54,1627.85,81425,40
2020-03-30 00:00:00+00:00,1636.14,1637.29,1606.04,1620.21,88759,80
2020-03-31 00:00:00+00:00,1619.74,1623.5,1574.06,1576.53,126461,80
2020-04-01 00:00:00+00:00,1562.22,1599.91,1562.22,1591.94,112805,40
2020-04-02 00:00:00+00:00,1587.22,1619.73,1582.41,1611.18,151887,40
2020-04-03 00:00:00+00:00,1611.85,1625.3,1605.62,1615.12,104392,40
2020-04-06 00:00:00+00:00,1616.0,1668.87,1608.65,1657.56,118385,0
2020-04-07 00:00:00+00:00,1660.1,1676.59,1642.16,1648.11,131445,40
2020-04-08 00:00:00+00:00,1646.28,1656.63,1640.79,1644.95,85004,40
2020-04-09 00:00:00+00:00,1642.45,1689.85,1641.35,1682.3,133523,40
2020-04-13 00:00:00+00:00,1682.36,1722.12,1672.0,1711.76,115017,40
2020-04-14 00:00:00+00:00,1709.65,1747.77,1708.34,1726.43,171817,40
2020-04-15 00:00:00+00:00,1727.45,1730.83,1706.72,1716.39,146350,40
2020-04-16 00:00:00+00:00,1713.17,1738.7,1707.7,1717.87,182445,40
2020-04-17 00:00:00+00:00,1712.56,1720.04,1675.49,1681.13,184700,0
2020-04-20 00:00:00+00:00,1680.0,1702.2,1670.96,1694.17,152677,40
2020-04-21 00:00:00+00:00,1692.21,1697.77,1659.03,1683.18,157782,40
2020-04-22 00:00:00+00:00,1685.04,1718.31,1679.95,1714.61,185880,40
2020-04-23 00:00:00+00:00,1711.58,1738.55,1707.21,1729.72,199825,40
2020-04-24 00:00:00+00:00,1728.69,1736.27,1710.46,1726.2,180968,40
2020-04-27 00:00:00+00:00,1724.98,1727.27,1706.02,1714.78,203009,40
2020-04-28 00:00:00+00:00,1710.08,1715.77,1691.31,1707.72,234357,40
2020-04-29 00:00:00+00:00,1705.08,1717.19,1697.83,1712.29,173114,40
2020-04-30 00:00:00+00:00,1711.88,1721.71,1681.07,1685.92,204021,40
2020-05-01 00:00:00+00:00,1682.51,1705.1,1669.84,1698.95,289075,40
2020-05-04 00:00:00+00:00,1696.5,1714.88,1691.08,1701.07,137048,40
2020-05-05 00:00:00+00:00,1700.78,1711.28,1689.3,1704.76,151385,40
2020-05-06 00:00:00+00:00,1704.64,1707.98,1681.66,1685.43,150970,40
2020-05-07 00:00:00+00:00,1682.66,1721.91,1682.66,1715.69,160267,40
2020-05-08 00:00:00+00:00,1714.98,1723.32,1700.45,1701.21,178215,40
2020-05-11 00:00:00+00:00,1701.28,1711.91,1691.87,1698.0,171828,40
2020-05-12 00:00:00+00:00,1696.08,1710.9,1692.98,1702.21,158449,40
2020-05-13 00:00:00+00:00,1701.48,1717.7,1699.01,1715.04,192237,40
2020-05-14 00:00:00+00:00,1715.38,1736.14,1710.79,1729.95,165652,40
2020-05-15 00:00:00+00:00,1728.6,1751.38,1727.51,1742.38,192258,40
2020-05-18 00:00:00+00:00,1744.58,1765.04,1727.26,1732.42,213149,0
2020-05-19 00:00:00+00:00,1730.1,1747.79,1725.62,1744.42,203835,40
2020-05-20 00:00:00+00:00,1744.98,1753.78,1741.99,1747.38,192984,40
2020-05-21 00:00:00+00:00,1747.08,1748.52,1717.2,1726.81,200410,40
2020-05-22 00:00:00+00:00,1722.77,1740.06,1722.77,1735.38,143900,40
2020-05-25 00:00:00+00:00,1732.04,1734.81,1721.25,1728.93,75493,40
2020-05-26 00:00:00+00:00,1726.48,1735.37,1706.72,1710.31,162402,10
2020-05-27 00:00:00+00:00,1707.04,1715.95,1693.61,1709.49,151940,40
2020-05-28 00:00:00+00:00,1709.81,1727.35,1703.53,1718.77,141069,40
2020-05-29 00:00:00+00:00,1717.04,1738.09,1712.51,1730.25,138795,40
2020-06-01 00:00:00+00:00,1735.28,1744.57,1726.9,1739.43,151776,0
2020-06-02 00:00:00+00:00,1737.15,1745.05,1721.24,1727.52,148818,40
2020-06-03 00:00:00+00:00,1725.9,1731.67,1689.29,1698.17,197227,40
2020-06-04 00:00:00+00:00,1698.64,1722.02,1696.02,1712.3,175745,40
2020-06-05 00:00:00+00:00,1713.08,1716.13,1670.54,1683.7,214130,40
2020-06-08 00:00:00+00:00,1683.04,1700.66,1677.35,1697.59,172487,40
2020-06-09 00:00:00+00:00,1696.75,1720.75,1692.08,1713.97,179773,40
2020-06-10 00:00:00+00:00,1712.44,1739.74,1707.71,1737.77,188495,40
2020-06-11 00:00:00+00:00,1737.06,1744.63,1721.47,1728.77,212280,40
2020-06-12 00:00:00+00:00,1726.98,1742.99,1722.13,1730.32,184219,40
2020-06-15 00:00:00+00:00,1732.94,1734.54,1704.1,1725.23,204127,40
2020-06-16 00:00:00+00:00,1723.3,1732.86,1716.56,1726.66,204972,40
2020-06-17 00:00:00+00:00,1725.38,1730.32,1712.24,1726.6,140356,40
2020-06-18 00:00:00+00:00,1725.64,1737.83,1717.4,1722.69,133803,40
2020-06-19 00:00:00+00:00,1720.12,1745.19,1720.06,1741.87,137057,40
2020-06-22 00:00:00+00:00,1750.86,1763.15,1742.33,1754.63,163804,40
2020-06-23 00:00:00+00:00,1754.21,1770.94,1747.29,1766.55,167509,40
2020-06-24 00:00:00+00:00,1766.93,1779.25,1760.52,1761.29,183951,40
2020-06-25 00:00:00+00:00,1760.47,1768.82,1751.94,1763.73,151298,0
2020-06-26 00:00:00+00:00,1762.24,1772.01,1747.33,1769.59,148772,40
2020-06-29 00:00:00+00:00,1774.57,1775.28,1765.52,1772.65,129766,40
2020-06-30 00:00:00+00:00,1771.44,1785.93,1764.62,1780.52,122352,40
2020-07-01 00:00:00+00:00,1779.26,1789.05,1759.1,1769.84,164517,40
2020-07-02 00:00:00+00:00,1766.7,1779.48,1757.25,1775.05,130799,40
2020-07-03 00:00:00+00:00,1774.48,1777.07,1772.39,1775.68,48831,40
2020-07-06 00:00:00+00:00,1773.14,1786.96,1769.81,1784.57,106920,40
2020-07-07 00:00:00+00:00,1783.04,1797.33,1773.45,1794.67,125510,40
2020-07-08 00:00:00+00:00,1794.44,1817.89,1791.42,1808.48,130915,40
2020-07-09 00:00:00+00:00,1808.14,1815.89,1795.54,1802.24,154268,40
2020-07-10 00:00:00+00:00,1800.07,1810.51,1793.97,1798.37,123843,40
2020-07-13 00:00:00+00:00,1799.28,1813.27,1796.94,1802.12,137984,40
2020-07-14 00:00:00+00:00,1802.64,1810.83,1789.24,1809.11,157086,40
2020-07-15 00:00:00+00:00,1807.12,1814.91,1802.17,1810.11,123147,40
2020-07-16 00:00:00+00:00,1809.74,1813.23,1794.89,1796.72,112291,40
2020-07-17 00:00:00+00:00,1796.58,1811.94,1794.74,1809.64,87233,40
2020-07-20 00:00:00+00:00,1808.68,1820.53,1804.52,1816.94,113646,40
2020-07-21 00:00:00+00:00,1817.58,1843.44,1815.79,1841.42,150650,40
2020-07-22 00:00:00+00:00,1835.49,1872.03,1835.49,1871.27,251741,40
2020-07-23 00:00:00+00:00,1873.39,1898.38,1863.64,1886.09,255751,40
2020-07-24 00:00:00+00:00,1886.28,1906.49,1881.3,1901.48,173058,10
2020-07-27 00:00:00+00:00,1901.46,1945.56,1897.97,1940.93,265091,40
2020-07-28 00:00:00+00:00,1941.14,1981.11,1906.57,1957.95,325816,40
2020-07-29 00:00:00+00:00,1961.87,1980.75,1941.35,1970.71,217202,40
2020-07-30 00:00:00+00:00,1969.68,1971.48,1939.51,1957.41,234115,40
2020-07-31 00:00:00+00:00,1955.92,1983.07,1951.16,1974.76,240566,40
2020-08-03 00:00:00+00:00,1978.44,1990.68,1960.45,1975.87,181964,40
2020-08-04 00:00:00+00:00,1976.14,2019.9,1966.66,2018.39,185471,40
2020-08-05 00:00:00+00:00,2018.04,2055.5,2009.4,2038.97,270218,40
2020-08-06 00:00:00+00:00,2037.96,2069.66,2034.41,2063.2,238528,40
2020-08-07 00:00:00+00:00,2063.34,2074.76,2015.19,2033.19,356870,40
2020-08-10 00:00:00+00:00,2031.72,2049.78,2018.91,2027.51,222506,40
2020-08-11 00:00:00+00:00,2027.14,2029.98,1901.25,1912.53,358224,40
2020-08-12 00:00:00+00:00,1910.48,1949.24,1862.23,1918.94,369120,40
2020-08-13 00:00:00+00:00,1915.52,1966.2,1912.6,1953.44,278864,40
2020-08-14 00:00:00+00:00,1953.48,1962.11,1932.09,1943.41,229148,40
2020-08-17 00:00:00+00:00,1948.5,1990.57,1929.34,1984.37,216180,40
2020-08-18 00:00:00+00:00,1984.18,2015.59,1975.84,2002.22,251717,40
2020-08-19 00:00:00+00:00,2001.64,2006.4,1924.69,1927.62,302220,40
2020-08-20 00:00:00+00:00,1927.28,1955.26,1924.52,1946.33,276931,40
2020-08-21 00:00:00+00:00,1946.48,1955.85,1911.29,1938.93,267549,40
2020-08-24 00:00:00+00:00,1939.38,1961.68,1923.66,1928.45,212983,40
2020-08-25 00:00:00+00:00,1927.76,1937.45,1914.18,1926.87,208720,40
2020-08-26 00:00:00+00:00,1929.82,1954.73,1902.73,1953.16,206296,40
2020-08-27 00:00:00+00:00,1954.38,1976.53,1909.85,1928.18,251973,40
2020-08-28 00:00:00+00:00,1927.8,1973.78,1923.14,1964.19,221493,40
2020-08-31 00:00:00+00:00,1965.12,1976.59,1954.17,1968.18,182037,40
2020-09-01 00:00:00+00:00,1966.4,1992.36,1962.98,1970.66,205812,40
2020-09-02 00:00:00+00:00,1968.3,1973.2,1932.38,1943.01,221237,40
2020-09-03 00:00:00+00:00,1940.4,1951.01,1921.73,1930.62,251944,40
2020-09-04 00:00:00+00:00,1930.1,1947.44,1916.17,1932.96,218789,40
2020-09-07 00:00:00+00:00,1929.92,1941.35,1923.94,1927.38,79029,40
2020-09-08 00:00:00+00:00,1929.02,1940.84,1906.4,1931.63,178927,40
2020-09-09 00:00:00+00:00,1931.3,1950.83,1919.93,1947.26,139361,40
2020-09-10 00:00:00+00:00,1944.66,1966.51,1941.36,1945.96,187112,40
2020-09-11 00:00:00+00:00,1941.5,1954.75,1937.12,1940.44,181105,40
2020-09-14 00:00:00+00:00,1939.8,1962.56,1936.3,1956.47,137804,40
2020-09-15 00:00:00+00:00,1956.25,1972.14,1948.24,1953.3,156957,40
2020-09-16 00:00:00+00:00,1952.85,1973.68,1949.78,1959.16,207572,40
2020-09-17 00:00:00+00:00,1958.5,1960.98,1932.84,1944.18,240247,40
2020-09-18 00:00:00+00:00,1942.7,1960.05,1941.15,1950.43,175675,40
2020-09-21 00:00:00+00:00,1949.42,1955.62,1882.43,1911.9,275783,40
2020-09-22 00:00:00+00:00,1911.4,1920.07,1894.59,1900.33,268070,40
2020-09-23 00:00:00+00:00,1899.2,1905.28,1855.53,1862.68,323183,40
2020-09-24 00:00:00+00:00,1862.86,1877.11,1848.69,1868.44,310112,40
2020-09-25 00:00:00+00:00,1866.5,1875.1,1852.28,1860.08,257797,40
2020-09-28 00:00:00+00:00,1859.56,1882.99,1848.67,1881.86,196010,40
2020-09-29 00:00:00+00:00,1879.9,1899.13,1875.4,1897.18,215352,40
2020-09-30 00:00:00+00:00,1896.9,1902.23,1881.31,1885.2,244705,40
2020-10-01 00:00:00+00:00,1885.0,1912.06,1882.54,1905.88,235531,40
2020-10-02 00:00:00+00:00,1904.1,1917.04,1889.73,1900.57,214837,40
2020-10-05 00:00:00+00:00,1905.12,1918.78,1886.97,1913.68,178311,40
2020-10-06 00:00:00+00:00,1911.9,1921.13,1876.79,1877.67,157527,40
2020-10-07 00:00:00+00:00,1875.1,1898.04,1872.83,1887.8,182807,40
2020-10-08 00:00:00+00:00,1886.0,1900.72,1881.88,1893.53,166358,40
2020-10-09 00:00:00+00:00,1893.0,1930.44,1892.21,1929.91,141259,40
2020-10-12 00:00:00+00:00,1927.7,1933.18,1918.17,1925.03,147793,40
2020-10-13 00:00:00+00:00,1921.7,1925.4,1886.36,1891.11,214536,40
2020-10-14 00:00:00+00:00,1891.2,1912.93,1882.33,1900.45,181034,40
2020-10-15 00:00:00+00:00,1901.2,1908.91,1889.42,1907.85,210969,40
2020-10-16 00:00:00+00:00,1905.0,1913.9,1897.76,1898.75,166815,40
2020-10-19 00:00:00+00:00,1899.36,1918.45,1896.98,1903.45,181329,40
2020-10-20 00:00:00+00:00,1900.5,1914.05,1894.62,1907.52,168011,40
2020-10-21 00:00:00+00:00,1907.0,1931.23,1906.6,1924.63,164350,0
2020-10-22 00:00:00+00:00,1923.92,1925.98,1893.17,1903.68,165460,40
2020-10-23 00:00:00+00:00,1903.4,1914.24,1894.35,1901.42,138467,40
2020-10-26 00:00:00+00:00,1901.02,1908.51,1891.15,1901.55,159628,40
2020-10-27 00:00:00+00:00,1902.0,1911.35,1897.8,1907.3,113146,40
2020-10-28 00:00:00+00:00,1907.51,1910.85,1869.31,1876.8,215606,40
2020-10-29 00:00:00+00:00,1877.23,1884.98,1859.9,1867.4,205668,40
2020-10-30 00:00:00+00:00,1868.98,1889.8,1864.29,1878.6,209986,10
2020-11-02 00:00:00+00:00,1875.7,1896.0,1873.41,1895.12,152716,10
2020-11-03 00:00:00+00:00,1895.13,1910.54,1886.9,1908.88,131474,40
2020-11-04 00:00:00+00:00,1907.7,1916.43,1880.74,1903.35,226243,40
2020-11-05 00:00:00+00:00,1903.02,1952.75,1902.06,1949.12,196260,40
2020-11-06 00:00:00+00:00,1947.7,1960.37,1935.56,1951.6,175468,40
2020-11-09 00:00:00+00:00,1954.1,1965.5,1850.41,1863.09,264227,40
2020-11-10 00:00:00+00:00,1862.7,1890.43,1860.0,1877.3,196407,40
2020-11-11 00:00:00+00:00,1876.4,1884.38,1856.29,1865.46,140365,40
2020-11-12 00:00:00+00:00,1864.6,1883.84,1862.67,1876.69,145709,40
2020-11-13 00:00:00+00:00,1875.6,1896.77,1873.41,1889.2,124300,40
2020-11-16 00:00:00+00:00,1887.58,1899.04,1864.17,1888.62,156698,40
2020-11-17 00:00:00+00:00,1888.2,1893.42,1876.79,1880.18,125526,40
2020-11-18 00:00:00+00:00,1879.9,1884.8,1863.32,1871.94,130571,40
2020-11-19 00:00:00+00:00,1871.8,1874.12,1852.67,1866.9,146215,40
2020-11-20 00:00:00+00:00,1864.8,1879.76,1860.29,1870.9,120947,40
2020-11-23 00:00:00+00:00,1870.46,1876.11,1830.93,1837.48,141352,40
2020-11-24 00:00:00+00:00,1836.7,1838.94,1800.32,1807.71,204790,40
2020-11-25 00:00:00+00:00,1806.08,1817.72,1801.6,1807.09,138317,40
2020-11-26 00:00:00+00:00,1805.7,1818.23,1805.7,1810.0,73540,40
2020-11-27 00:00:00+00:00,1809.4,1813.83,1774.3,1786.4,132391,40
2020-11-30 00:00:00+00:00,1786.36,1789.88,1764.35,1777.56,171179,40
2020-12-01 00:00:00+00:00,1776.4,1817.29,1775.63,1815.39,137560,40
2020-12-02 00:00:00+00:00,1814.4,1832.42,1807.4,1830.68,141135,40
2020-12-03 00:00:00+00:00,1829.0,1843.96,1823.71,1840.94,141916,40
2020-12-04 00:00:00+00:00,1840.36,1848.28,1828.96,1838.1,117282,20
2020-12-07 00:00:00+00:00,1837.16,1868.58,1822.03,1863.06,136909,40
2020-12-08 00:00:00+00:00,1863.18,1875.25,1859.28,1870.8,133324,40
2020-12-09 00:00:00+00:00,1870.3,1870.5,1825.39,1839.42,165116,40
2020-12-10 00:00:00+00:00,1838.8,1850.0,1828.62,1835.93,161577,40
2020-12-11 00:00:00+00:00,1836.1,1847.68,1823.9,1839.6,138969,20
2020-12-14 00:00:00+00:00,1840.5,1841.2,1818.27,1827.78,115981,40
2020-12-15 00:00:00+00:00,1827.0,1855.39,1824.02,1853.51,144620,40
2020-12-16 00:00:00+00:00,1852.6,1865.74,1844.68,1864.02,195663,40
2020-12-17 00:00:00+00:00,1860.5,1896.22,1860.5,1886.01,206784,40
2020-12-18 00:00:00+00:00,1885.1,1889.58,1877.38,1880.4,165763,30
2020-12-21 00:00:00+00:00,1881.8,1906.75,1855.0,1876.31,288840,40
2020-12-22 00:00:00+00:00,1876.9,1884.24,1858.84,1859.89,187268,40
2020-12-23 00:00:00+00:00,1859.1,1878.5,1856.94,1872.67,168047,40
2020-12-24 00:00:00+00:00,1872.66,1880.52,1869.44,1878.97,81227,40
2020-12-28 00:00:00+00:00,1887.47,1900.23,1869.07,1872.92,158104,40
2020-12-29 00:00:00+00:00,1875.06,1886.36,1871.66,1878.08,128436,40
2020-12-30 00:00:00+00:00,1877.3,1893.97,1876.02,1893.8,106648,40
2020-12-31 00:00:00+00:00,1893.4,1900.39,1885.36,1894.4,107384,40
2021-01-04 00:00:00+00:00,1904.56,1944.41,1900.7,1943.18,199402,40
2021-01-05 00:00:00+00:00,1941.3,1953.01,1934.21,1949.99,184644,40
2021-01-06 00:00:00+00:00,1948.9,1959.41,1900.73,1918.7,255524,40
2021-01-07 00:00:00+00:00,1917.9,1927.62,1906.75,1913.43,242955,40
2021-01-08 00:00:00+00:00,1913.6,1917.46,1828.13,1848.66,237402,10
2021-01-11 00:00:00+00:00,1847.2,1856.46,1816.61,1844.43,202924,40
2021-01-12 00:00:00+00:00,1843.1,1863.92,1836.35,1855.29,178384,40
2021-01-13 00:00:00+00:00,1853.7,1863.02,1841.92,1844.69,125184,40
2021-01-14 00:00:00+00:00,1845.46,1857.54,1828.1,1846.5,209884,40
2021-01-15 00:00:00+00:00,1844.68,1857.04,1823.24,1827.42,173633,10
2021-01-18 00:00:00+00:00,1828.15,1840.78,1801.79,1837.27,173044,40
2021-01-19 00:00:00+00:00,1837.22,1845.51,1832.95,1839.57,129601,40
2021-01-20 00:00:00+00:00,1839.9,1871.74,1832.29,1871.31,151878,40
2021-01-21 00:00:00+00:00,1869.9,1875.07,1858.28,1869.67,139820,40
2021-01-22 00:00:00+00:00,1869.5,1870.77,1837.23,1854.46,150570,40
2021-01-25 00:00:00+00:00,1853.6,1867.88,1847.06,1855.86,162874,40
2021-01-26 00:00:00+00:00,1854.9,1861.71,1848.33,1851.33,119889,40
2021-01-27 00:00:00+00:00,1851.06,1853.11,1831.18,1843.76,173377,40
2021-01-28 00:00:00+00:00,1842.5,1864.08,1834.0,1842.47,236557,40
2021-01-29 00:00:00+00:00,1841.8,1875.61,1839.55,1847.24,278750,40
2021-02-01 00:00:00+00:00,1862.44,1871.83,1849.11,1860.5,307780,40
2021-02-02 00:00:00+00:00,1857.0,1864.07,1829.47,1837.54,254853,40
2021-02-03 00:00:00+00:00,1836.9,1844.95,1829.54,1834.15,169529,40
2021-02-04 00:00:00+00:00,1832.5,1834.75,1784.89,1792.98,216074,40
2021-02-05 00:00:00+00:00,1793.5,1815.15,1791.98,1813.16,186101,40
2021-02-08 00:00:00+00:00,1816.52,1839.11,1807.71,1830.17,165189,40
2021-02-09 00:00:00+00:00,1830.36,1848.58,1828.13,1837.66,162756,40
2021-02-10 00:00:00+00:00,1836.8,1855.37,1834.03,1842.32,178063,40
2021-02-11 00:00:00+00:00,1842.5,1847.56,1821.13,1825.5,144092,40
2021-02-12 00:00:00+00:00,1824.6,1830.69,1810.46,1823.65,153163,20
2021-02-15 00:00:00+00:00,1825.22,1827.03,1816.05,1818.43,84154,40
2021-02-16 00:00:00+00:00,1818.3,1826.49,1789.35,1794.33,218892,40
2021-02-17 00:00:00+00:00,1793.82,1795.16,1769.41,1776.58,232729,40
2021-02-18 00:00:00+00:00,1775.96,1789.62,1768.35,1775.55,209954,40
2021-02-19 00:00:00+00:00,1775.3,1791.56,1760.57,1782.66,220518,40
2021-02-22 00:00:00+00:00,1780.9,1812.61,1780.6,1809.04,226822,40
2021-02-23 00:00:00+00:00,1809.4,1816.03,1795.57,1805.01,223557,40
2021-02-24 00:00:00+00:00,1805.2,1813.75,1783.51,1805.23,228562,40
2021-02-25 00:00:00+00:00,1804.64,1805.33,1765.22,1770.23,346086,40
2021-02-26 00:00:00+00:00,1769.6,1775.77,1717.15,1733.45,357987,10
2021-03-01 00:00:00+00:00,1732.92,1759.85,1719.61,1724.72,225441,20
2021-03-02 00:00:00+00:00,1724.1,1738.75,1707.15,1738.71,242041,40
2021-03-03 00:00:00+00:00,1737.16,1740.47,1701.81,1711.65,236897,40
2021-03-04 00:00:00+00:00,1709.6,1723.18,1690.41,1698.56,290245,40
2021-03-05 00:00:00+00:00,1696.3,1707.67,1687.14,1700.16,273639,40
2021-03-08 00:00:00+00:00,1702.22,1714.28,1676.78,1682.44,230877,40
2021-03-09 00:00:00+00:00,1682.5,1720.59,1680.11,1715.42,207252,40
2021-03-10 00:00:00+00:00,1716.0,1726.57,1708.17,1726.33,189232,40
2021-03-11 00:00:00+00:00,1725.72,1739.85,1719.17,1722.32,181880,40
2021-03-12 00:00:00+00:00,1721.56,1727.95,1699.19,1726.61,195540,40
2021-03-15 00:00:00+00:00,1725.0,1734.54,1721.65,1732.12,175454,20
2021-03-16 00:00:00+00:00,1731.4,1741.27,1726.24,1731.81,162362,40
2021-03-17 00:00:00+00:00,1731.1,1751.63,1724.04,1744.51,188123,40
2021-03-18 00:00:00+00:00,1744.2,1755.53,1719.22,1736.45,218194,40
2021-03-19 00:00:00+00:00,1734.7,1746.7,1728.49,1745.09,179957,40
2021-03-22 00:00:00+00:00,1745.76,1746.85,1727.29,1738.68,172656,40
2021-03-23 00:00:00+00:00,1738.3,1742.6,1724.65,1726.74,161720,40
2021-03-24 00:00:00+00:00,1726.5,1738.4,1723.83,1733.8,138853,40
2021-03-25 00:00:00+00:00,1733.0,1745.52,1721.78,1726.99,170367,40
2021-03-26 00:00:00+00:00,1726.36,1736.73,1721.47,1732.73,127459,40
2021-03-29 00:00:00+00:00,1730.2,1732.94,1705.66,1711.75,141679,40
2021-03-30 00:00:00+00:00,1711.7,1714.38,1678.65,1685.1,173043,40
2021-03-31 00:00:00+00:00,1684.7,1715.35,1677.9,1707.7,173526,40
2021-04-01 00:00:00+00:00,1707.1,1730.38,1705.73,1729.54,151933,40
2021-04-05 00:00:00+00:00,1727.6,1733.58,1721.28,1728.37,114100,40
2021-04-06 00:00:00+00:00,1727.2,1745.5,1727.16,1743.1,141707,40
2021-04-07 00:00:00+00:00,1742.3,1744.33,1730.63,1737.53,128455,40
2021-04-08 00:00:00+00:00,1737.3,1758.66,1733.14,1756.18,128626,40
2021-04-09 00:00:00+00:00,1755.2,1757.32,1731.13,1743.46,144069,40
2021-04-12 00:00:00+00:00,1742.7,1745.05,1727.31,1732.36,142480,40
2021-04-13 00:00:00+00:00,1731.9,1748.96,1723.71,1745.36,160822,40
2021-04-14 00:00:00+00:00,1745.1,1749.34,1732.55,1736.17,145461,40
2021-04-15 00:00:00+00:00,1735.94,1769.64,1734.34,1763.44,166340,40
2021-04-16 00:00:00+00:00,1763.0,1783.86,1759.83,1776.7,161889,40
2021-04-19 00:00:00+00:00,1776.9,1790.04,1766.66,1770.83,196006,40
2021-04-20 00:00:00+00:00,1770.09,1780.42,1763.62,1778.6,169599,40
2021-04-21 00:00:00+00:00,1778.54,1797.6,1775.21,1793.91,143784,40
2021-04-22 00:00:00+00:00,1793.0,1797.87,1777.39,1784.31,151380,40
2021-04-23 00:00:00+00:00,1783.5,1795.99,1770.0,1776.42,141328,40
2021-04-26 00:00:00+00:00,1773.5,1783.46,1768.77,1781.4,152535,40
2021-04-27 00:00:00+00:00,1780.9,1785.6,1773.72,1776.66,135951,40
2021-04-28 00:00:00+00:00,1775.9,1782.58,1762.56,1781.41,158462,40
2021-04-29 00:00:00+00:00,1781.2,1789.99,1756.14,1772.24,165182,40
2021-04-30 00:00:00+00:00,1768.56,1773.63,1764.22,1768.98,146019,40
2021-05-03 00:00:00+00:00,1768.36,1797.9,1765.9,1792.98,141885,40
2021-05-04 00:00:00+00:00,1792.5,1799.12,1770.92,1779.23,159915,40
2021-05-05 00:00:00+00:00,1778.2,1787.95,1770.31,1787.67,125173,80
2021-05-06 00:00:00+00:00,1786.92,1818.12,1781.96,1815.13,161060,80
2021-05-07 00:00:00+00:00,1814.4,1843.3,1812.78,1830.83,178483,80
2021-05-10 00:00:00+00:00,1833.8,1845.49,1829.98,1835.47,188414,90
2021-05-11 00:00:00+00:00,1835.4,1841.8,1818.0,1836.72,171007,90
2021-05-12 00:00:00+00:00,1836.4,1843.66,1813.25,1816.02,194924,90
2021-05-13 00:00:00+00:00,1815.4,1828.74,1808.81,1826.88,181807,90
2021-05-14 00:00:00+00:00,1825.1,1845.74,1819.77,1842.47,146957,90
2021-05-17 00:00:00+00:00,1844.8,1868.4,1838.54,1866.58,168946,80
2021-05-18 00:00:00+00:00,1864.0,1875.0,1863.17,1869.56,138905,0
2021-05-19 00:00:00+00:00,1869.2,1890.04,1852.13,1870.13,197021,80
2021-05-20 00:00:00+00:00,1868.8,1883.87,1863.84,1877.23,160269,80
2021-05-21 00:00:00+00:00,1876.9,1889.31,1870.06,1881.78,149492,80
2021-05-24 00:00:00+00:00,1881.7,1886.99,1875.68,1881.29,142004,80
2021-05-25 00:00:00+00:00,1880.5,1900.21,1872.74,1899.18,152206,80
2021-05-26 00:00:00+00:00,1898.69,1912.73,1890.64,1896.39,151486,80
2021-05-27 00:00:00+00:00,1895.4,1903.7,1888.23,1896.4,148834,80
2021-05-28 00:00:00+00:00,1896.4,1905.89,1882.21,1903.19,152736,80
2021-05-31 00:00:00+00:00,1902.6,1910.61,1902.07,1906.24,82127,80
2021-06-01 00:00:00+00:00,1907.2,1916.52,1892.34,1899.8,145183,80
2021-06-02 00:00:00+00:00,1900.0,1909.05,1894.32,1908.6,124448,80
2021-06-03 00:00:00+00:00,1907.5,1909.59,1865.24,1870.65,159343,80
2021-06-04 00:00:00+00:00,1870.2,1896.15,1852.22,1891.47,146166,80
2021-06-07 00:00:00+00:00,1891.0,1900.1,1881.49,1898.67,125668,80
2021-06-08 00:00:00+00:00,1898.2,1903.7,1883.74,1892.99,127053,80
2021-06-09 00:00:00+00:00,1891.9,1898.92,1887.3,1888.83,120414,80
2021-06-10 00:00:00+00:00,1888.0,1899.85,1869.72,1899.54,153486,80
2021-06-11 00:00:00+00:00,1898.1,1903.05,1874.43,1876.07,134838,80
2021-06-14 00:00:00+00:00,1876.52,1877.6,1844.5,1866.3,145378,80
2021-06-15 00:00:00+00:00,1865.9,1869.14,1851.57,1858.79,129672,80
2021-06-16 00:00:00+00:00,1858.6,1863.19,1803.22,1810.12,157718,80
2021-06-17 00:00:00+00:00,1808.7,1825.23,1767.23,1772.71,237155,80
2021-06-18 00:00:00+00:00,1771.4,1797.16,1760.83,1764.6,203858,80
2021-06-21 00:00:00+00:00,1764.02,1786.49,1763.84,1783.21,192291,80
2021-06-22 00:00:00+00:00,1781.9,1790.06,1772.29,1778.7,150387,80
2021-06-23 00:00:00+00:00,1778.0,1794.91,1773.27,1778.34,138610,80
2021-06-24 00:00:00+00:00,1777.9,1788.0,1772.78,1774.9,125012,80
2021-06-25 00:00:00+00:00,1774.8,1790.38,1773.69,1781.3,120928,80
2021-06-28 00:00:00+00:00,1781.0,1785.79,1770.64,1779.0,133807,80
2021-06-29 00:00:00+00:00,1777.8,1778.91,1750.58,1760.96,137654,80
2021-06-30 00:00:00+00:00,1760.8,1774.38,1753.32,1769.61,131686,80
2021-07-01 00:00:00+00:00,1769.4,1782.8,1765.66,1776.49,127879,80
2021-07-02 00:00:00+00:00,1776.4,1795.04,1774.27,1787.29,132906,80
2021-07-05 00:00:00+00:00,1786.5,1795.3,1784.44,1791.1,66553,80
2021-07-06 00:00:00+00:00,1792.17,1814.96,1790.06,1797.05,141548,80
2021-07-07 00:00:00+00:00,1796.1,1809.8,1793.89,1803.59,132484,80
2021-07-08 00:00:00+00:00,1802.7,1818.42,1794.07,1802.35,161241,80
2021-07-09 00:00:00+00:00,1802.24,1812.4,1796.6,1807.92,124526,80
2021-07-12 00:00:00+00:00,1806.9,1810.8,1791.53,1806.09,122337,80
2021-07-13 00:00:00+00:00,1805.4,1817.16,1798.61,1807.12,131848,80
2021-07-14 00:00:00+00:00,1807.4,1829.74,1804.51,1827.98,128086,80
2021-07-15 00:00:00+00:00,1827.2,1834.11,1820.23,1829.4,121153,80
2021-07-16 00:00:00+00:00,1828.8,1832.05,1808.96,1811.49,133329,80
2021-07-19 00:00:00+00:00,1811.27,1817.31,1794.97,1812.65,175611,80
2021-07-20 00:00:00+00:00,1812.3,1824.96,1805.06,1810.24,144802,80
2021-07-21 00:00:00+00:00,1810.2,1813.76,1794.66,1803.47,124893,80
2021-07-22 00:00:00+00:00,1801.6,1808.04,1792.81,1806.41,126212,80
2021-07-23 00:00:00+00:00,1806.7,1810.33,1789.93,1801.87,115498,80
2021-07-26 00:00:00+00:00,1802.3,1811.44,1796.37,1797.68,140816,70
2021-07-27 00:00:00+00:00,1797.5,1805.23,1793.59,1798.53,135162,70
2021-07-28 00:00:00+00:00,1797.74,1809.81,1792.48,1807.07,142317,70
2021-07-29 00:00:00+00:00,1806.8,1832.64,1806.39,1827.82,135097,80
2021-07-30 00:00:00+00:00,1827.6,1831.32,1810.26,1814.37,122022,80
2021-08-02 00:00:00+00:00,1813.82,1819.51,1805.76,1813.12,140254,80
2021-08-03 00:00:00+00:00,1812.8,1815.01,1807.11,1810.06,109326,80
2021-08-04 00:00:00+00:00,1810.2,1831.64,1806.3,1811.57,131802,80
2021-08-05 00:00:00+00:00,1811.5,1814.82,1797.78,1803.79,125946,80
2021-08-06 00:00:00+00:00,1804.3,1804.71,1758.64,1763.2,150269,70
2021-08-09 00:00:00+00:00,1762.2,1764.41,1638.76,1729.62,206846,70
2021-08-10 00:00:00+00:00,1728.8,1738.3,1717.68,1728.74,135089,80
2021-08-11 00:00:00+00:00,1728.9,1754.42,1724.09,1751.48,135629,80
2021-08-12 00:00:00+00:00,1749.0,1758.17,1741.57,1752.88,116389,80
2021-08-13 00:00:00+00:00,1752.0,1780.06,1751.58,1779.74,106374,80
2021-08-16 00:00:00+00:00,1778.2,1789.23,1770.79,1787.25,132026,80
2021-08-17 00:00:00+00:00,1784.1,1795.51,1780.53,1785.82,129301,80
2021-08-18 00:00:00+00:00,1785.1,1793.77,1777.34,1787.72,128624,80
2021-08-19 00:00:00+00:00,1787.2,1792.41,1773.38,1780.02,138244,80
2021-08-20 00:00:00+00:00,1780.0,1788.43,1778.36,1780.96,111530,80
2021-08-23 00:00:00+00:00,1779.14,1806.45,1776.46,1805.23,125395,80
2021-08-24 00:00:00+00:00,1804.5,1809.53,1800.67,1802.82,109405,80
2021-08-25 00:00:00+00:00,1802.15,1803.04,1782.42,1790.29,128329,80
2021-08-26 00:00:00+00:00,1790.26,1798.18,1779.93,1791.58,126668,80
2021-08-27 00:00:00+00:00,1791.8,1819.08,1783.81,1817.85,141856,80
2021-08-30 00:00:00+00:00,1818.0,1823.12,1807.69,1810.07,103770,80
2021-08-31 00:00:00+00:00,1809.6,1819.13,1801.59,1814.14,123381,80
2021-09-01 00:00:00+00:00,1813.6,1820.01,1808.62,1813.71,117265,80
2021-09-02 00:00:00+00:00,1812.9,1817.11,1804.9,1809.6,94534,80
2021-09-03 00:00:00+00:00,1808.54,1833.96,1808.54,1827.5,122645,80
2021-09-06 00:00:00+00:00,1827.73,1830.17,1821.37,1823.03,59833,80
2021-09-07 00:00:00+00:00,1822.8,1827.29,1792.34,1793.93,166900,80
2021-09-08 00:00:00+00:00,1794.0,1802.13,1782.37,1789.34,156219,80
2021-09-09 00:00:00+00:00,1788.8,1800.95,1783.84,1794.35,160372,80
2021-09-10 00:00:00+00:00,1793.0,1803.88,1787.18,1787.77,156000,80
2021-09-13 00:00:00+00:00,1787.22,1798.34,1783.37,1793.37,146448,80
2021-09-14 00:00:00+00:00,1792.9,1808.61,1780.26,1804.68,161114,80
2021-09-15 00:00:00+00:00,1803.9,1806.87,1790.66,1793.6,147306,80
2021-09-16 00:00:00+00:00,1793.6,1796.18,1745.27,1752.65,178697,80
2021-09-17 00:00:00+00:00,1753.5,1767.49,1747.36,1753.89,164684,80
2021-09-20 00:00:00+00:00,1754.12,1767.08,1741.96,1764.81,162752,80
2021-09-21 00:00:00+00:00,1764.3,1781.71,1757.91,1773.86,157795,80
2021-09-22 00:00:00+00:00,1773.3,1787.23,1764.52,1767.92,196621,80
2021-09-23 00:00:00+00:00,1767.8,1776.48,1737.55,1742.3,195993,80
2021-09-24 00:00:00+00:00,1743.2,1757.59,1739.8,1749.67,163397,80
2021-09-27 00:00:00+00:00,1750.54,1760.82,1744.79,1750.18,144519,50
2021-09-28 00:00:00+00:00,1749.8,1754.47,1728.08,1733.67,208340,80
2021-09-29 00:00:00+00:00,1733.6,1745.5,1721.65,1726.5,179932,80
2021-09-30 00:00:00+00:00,1726.24,1764.15,1722.19,1757.14,189087,80
2021-10-01 00:00:00+00:00,1756.1,1764.27,1749.69,1760.19,175563,80
2021-10-04 00:00:00+00:00,1762.24,1770.5,1747.69,1769.29,174805,80
2021-10-05 00:00:00+00:00,1769.2,1769.99,1748.58,1759.77,165925,80
2021-10-06 00:00:00+00:00,1759.2,1765.06,1745.83,1762.85,188955,80
2021-10-07 00:00:00+00:00,1762.3,1766.94,1751.95,1754.83,145600,80
2021-10-08 00:00:00+00:00,1755.9,1781.32,1753.33,1757.04,186839,80
2021-10-11 00:00:00+00:00,1757.0,1760.97,1750.1,1754.06,144051,80
2021-10-12 00:00:00+00:00,1753.1,1769.33,1750.69,1760.15,180485,80
2021-10-13 00:00:00+00:00,1759.7,1796.12,1757.86,1792.78,183612,80
2021-10-14 00:00:00+00:00,1792.1,1800.51,1786.66,1795.93,148871,80
2021-10-15 00:00:00+00:00,1795.84,1796.43,1764.81,1767.32,164297,80
2021-10-18 00:00:00+00:00,1766.0,1772.04,1760.27,1764.52,188170,80
2021-10-19 00:00:00+00:00,1763.9,1785.07,1762.86,1768.92,163375,80
2021-10-20 00:00:00+00:00,1767.0,1788.39,1766.83,1782.02,157914,80
2021-10-21 00:00:00+00:00,1781.1,1789.47,1776.48,1783.25,193166,80
2021-10-22 00:00:00+00:00,1782.2,1813.75,1782.2,1792.62,196850,80
2021-10-25 00:00:00+00:00,1792.5,1809.99,1792.02,1807.38,150104,80
2021-10-26 00:00:00+00:00,1806.6,1808.34,1782.36,1792.98,155024,80
2021-10-27 00:00:00+00:00,1792.86,1799.0,1783.48,1796.85,176083,80
2021-10-28 00:00:00+00:00,1796.6,1810.39,1792.3,1798.86,200497,80
2021-10-29 00:00:00+00:00,1799.1,1801.17,1771.9,1782.92,209910,80
2021-11-01 00:00:00+00:00,1783.2,1795.79,1779.03,1793.08,144202,80
2021-11-02 00:00:00+00:00,1792.8,1796.36,1786.35,1787.78,141987,80
2021-11-03 00:00:00+00:00,1787.0,1788.18,1758.78,1769.4,173490,80
2021-11-04 00:00:00+00:00,1768.4,1798.9,1768.4,1791.5,161562,80
2021-11-05 00:00:00+00:00,1790.22,1818.28,1784.94,1817.9,181956,80
2021-11-08 00:00:00+00:00,1818.3,1826.43,1812.4,1823.98,116479,70
2021-11-09 00:00:00+00:00,1824.2,1832.68,1819.13,1831.63,99251,80
2021-11-10 00:00:00+00:00,1831.8,1868.5,1820.8,1848.88,173072,80
2021-11-11 00:00:00+00:00,1849.0,1865.96,1842.87,1861.76,142635,80
2021-11-12 00:00:00+00:00,1861.4,1868.68,1845.18,1864.2,154987,80
2021-11-15 00:00:00+00:00,1868.92,1870.5,1856.24,1862.64,115606,10
2021-11-16 00:00:00+00:00,1862.4,1877.09,1849.63,1849.96,169193,80
2021-11-17 00:00:00+00:00,1849.6,1868.04,1849.3,1867.31,138167,80
2021-11-18 00:00:00+00:00,1867.06,1870.88,1855.0,1858.72,157171,80
2021-11-19 00:00:00+00:00,1858.6,1865.72,1843.0,1845.4,194873,80
2021-11-22 00:00:00+00:00,1846.62,1849.02,1802.22,1804.67,181204,20
2021-11-23 00:00:00+00:00,1805.4,1812.32,1781.94,1789.16,218002,80
2021-11-24 00:00:00+00:00,1788.8,1796.4,1778.49,1788.63,190251,80
2021-11-25 00:00:00+00:00,1788.9,1795.09,1786.05,1788.66,65533,80
2021-11-26 00:00:00+00:00,1789.05,1815.52,1780.24,1784.2,162286,80
2021-11-29 00:00:00+00:00,1790.0,1799.4,1773.58,1784.97,171763,80
2021-11-30 00:00:00+00:00,1784.2,1808.72,1769.84,1774.48,215522,80
2021-12-01 00:00:00+00:00,1775.0,1794.38,1772.22,1781.86,157911,80
2021-12-02 00:00:00+00:00,1781.05,1783.27,1761.79,1768.26,131745,80
2021-12-03 00:00:00+00:00,1767.85,1786.06,1766.05,1783.8,136722,80
2021-12-06 00:00:00+00:00,1786.32,1787.72,1775.66,1778.28,73617,10
2021-12-07 00:00:00+00:00,1777.8,1787.92,1772.08,1784.04,62417,0
2021-12-08 00:00:00+00:00,1783.7,1793.09,1779.52,1782.42,73520,0
2021-12-09 00:00:00+00:00,1782.6,1787.56,1772.62,1775.06,71037,20
2021-12-10 00:00:00+00:00,1775.3,1789.52,1770.01,1782.74,79461,20
2021-12-13 00:00:00+00:00,1783.42,1791.73,1781.25,1786.89,54971,0
2021-12-14 00:00:00+00:00,1786.2,1789.5,1766.18,1770.32,69308,0
2021-12-15 00:00:00+00:00,1770.6,1780.83,1752.5,1777.09,106195,20
2021-12-16 00:00:00+00:00,1775.7,1799.37,1775.48,1798.86,110966,80
2021-12-17 00:00:00+00:00,1799.4,1814.22,1795.75,1797.8,92147,80
2021-12-20 00:00:00+00:00,1799.5,1804.09,1788.27,1790.29,94166,80
2021-12-21 00:00:00+00:00,1789.9,1800.48,1784.82,1788.66,84379,80
2021-12-22 00:00:00+00:00,1788.5,1805.0,1785.81,1803.56,71261,80
2021-12-23 00:00:00+00:00,1803.9,1810.6,1798.83,1807.77,66868,80
2021-12-27 00:00:00+00:00,1806.02,1813.4,1802.88,1811.76,60136,80
2021-12-28 00:00:00+00:00,1811.2,1820.17,1804.95,1806.12,62215,90
2021-12-29 00:00:00+00:00,1805.5,1807.58,1789.36,1803.89,76454,80
2021-12-30 00:00:00+00:00,1804.0,1817.1,1796.16,1814.81,66771,80
2021-12-31 00:00:00+00:00,1815.4,1827.41,1814.15,1825.99,56707,80
2022-01-03 00:00:00+00:00,1828.5,1831.66,1798.26,1801.18,91547,80
2022-01-04 00:00:00+00:00,1800.5,1816.66,1798.46,1814.35,100526,80
2022-01-05 00:00:00+00:00,1813.9,1829.57,1808.23,1810.62,98757,80
2022-01-06 00:00:00+00:00,1808.66,1812.15,1786.3,1789.6,129226,80
2022-01-07 00:00:00+00:00,1790.5,1798.6,1782.49,1796.2,103046,80
2022-01-10 00:00:00+00:00,1794.21,1802.29,1790.28,1801.59,97684,0
2022-01-11 00:00:00+00:00,1800.34,1823.2,1799.95,1821.27,93054,80
2022-01-12 00:00:00+00:00,1820.86,1828.04,1814.67,1826.05,92119,80
2022-01-13 00:00:00+00:00,1825.7,1828.15,1812.3,1822.67,109886,80
2022-01-14 00:00:00+00:00,1821.9,1829.12,1814.63,1817.54,131399,80
2022-01-17 00:00:00+00:00,1816.6,1823.17,1813.11,1819.5,58353,80
2022-01-18 00:00:00+00:00,1817.7,1822.71,1805.7,1813.71,155966,80
2022-01-19 00:00:00+00:00,1812.42,1843.24,1810.16,1840.59,146997,80
2022-01-20 00:00:00+00:00,1839.72,1847.9,1835.92,1839.57,151106,80
2022-01-21 00:00:00+00:00,1838.8,1843.15,1828.43,1833.95,174003,80
2022-01-24 00:00:00+00:00,1834.32,1844.28,1829.65,1843.03,157241,80
2022-01-25 00:00:00+00:00,1842.09,1853.78,1834.8,1847.68,143528,80
2022-01-26 00:00:00+00:00,1846.96,1850.04,1814.86,1818.73,155042,80
2022-01-27 00:00:00+00:00,1818.25,1822.05,1791.74,1796.52,167172,80
2022-01-28 00:00:00+00:00,1797.05,1799.36,1780.27,1791.4,171489,0
2022-01-31 00:00:00+00:00,1791.86,1799.79,1785.51,1796.8,126946,80
2022-02-01 00:00:00+00:00,1796.2,1808.71,1795.72,1800.76,110514,80
2022-02-02 00:00:00+00:00,1800.0,1810.77,1794.31,1806.86,85158,80
2022-02-03 00:00:00+00:00,1805.9,1808.94,1788.58,1804.79,109750,80
2022-02-04 00:00:00+00:00,1804.3,1814.83,1792.11,1807.7,113936,80
2022-02-07 00:00:00+00:00,1806.7,1823.55,1805.86,1820.47,95497,80
2022-02-08 00:00:00+00:00,1820.2,1828.74,1815.32,1825.96,83083,80
2022-02-09 00:00:00+00:00,1825.6,1835.77,1824.64,1832.84,74200,80
2022-02-10 00:00:00+00:00,1832.42,1841.9,1821.46,1826.74,130818,80
2022-02-11 00:00:00+00:00,1825.5,1865.3,1820.77,1858.96,139852,80
2022-02-14 00:00:00+00:00,1859.02,1874.04,1850.76,1871.61,153682,80
2022-02-15 00:00:00+00:00,1870.6,1879.44,1844.46,1853.2,112367,80
2022-02-16 00:00:00+00:00,1853.1,1872.55,1850.29,1868.98,103770,80
2022-02-17 00:00:00+00:00,1869.7,1901.06,1867.75,1898.15,155704,80
2022-02-18 00:00:00+00:00,1898.5,1902.43,1886.56,1897.02,120402,80
2022-02-21 00:00:00+00:00,1900.4,1908.19,1887.47,1896.36,83422,80
2022-02-22 00:00:00+00:00,1907.4,1914.05,1891.35,1898.42,169114,60
2022-02-23 00:00:00+00:00,1898.1,1910.45,1889.53,1908.04,112101,80
2022-02-24 00:00:00+00:00,1907.5,1974.21,1877.8,1903.71,243349,80
2022-02-25 00:00:00+00:00,1903.6,1921.47,1882.82,1887.8,181437,80
2022-02-28 00:00:00+00:00,1918.6,1930.75,1890.75,1908.13,181049,80
2022-03-01 00:00:00+00:00,1906.62,1950.09,1901.35,1945.12,171962,80
2022-03-02 00:00:00+00:00,1942.3,1947.84,1913.51,1927.55,170737,80
2022-03-03 00:00:00+00:00,1928.5,1941.2,1921.9,1936.41,143930,80
2022-03-04 00:00:00+00:00,1934.0,1970.25,1929.52,1969.6,169807,80
2022-03-07 00:00:00+00:00,1974.66,2002.47,1960.97,1997.07,237908,80
2022-03-08 00:00:00+00:00,1996.5,2070.49,1980.94,2050.12,273959,80
2022-03-09 00:00:00+00:00,2050.1,2059.02,1975.91,1992.29,244587,80
2022-03-10 00:00:00+00:00,1987.6,2009.11,1970.45,1995.91,191988,80
2022-03-11 00:00:00+00:00,1994.5,1999.02,1958.5,1984.9,125732,80
2022-03-14 00:00:00+00:00,1979.96,1983.8,1949.66,1951.29,130409,80
2022-03-15 00:00:00+00:00,1952.73,1954.52,1906.9,1917.28,157400,80
2022-03-16 00:00:00+00:00,1920.18,1929.47,1895.01,1924.82,154470,80
2022-03-17 00:00:00+00:00,1925.86,1949.67,1923.2,1942.36,135516,80
2022-03-18 00:00:00+00:00,1942.43,1945.24,1917.87,1920.59,113701,80
2022-03-21 00:00:00+00:00,1924.93,1941.29,1917.76,1934.66,101103,80
2022-03-22 00:00:00+00:00,1936.29,1938.25,1910.53,1921.33,107866,80
2022-03-23 00:00:00+00:00,1921.32,1948.3,1915.48,1944.77,90901,80
2022-03-24 00:00:00+00:00,1944.68,1966.14,1937.29,1956.96,106578,80
2022-03-25 00:00:00+00:00,1958.99,1964.28,1943.06,1957.2,108056,80
2022-03-28 00:00:00+00:00,1956.4,1958.56,1916.95,1921.83,134238,80
2022-03-29 00:00:00+00:00,1920.2,1929.32,1890.02,1919.3,127154,80
2022-03-30 00:00:00+00:00,1918.5,1938.46,1915.88,1933.01,107695,80
2022-03-31 00:00:00+00:00,1932.2,1949.69,1919.02,1936.89,110317,80
2022-04-01 00:00:00+00:00,1936.2,1939.49,1917.92,1924.19,122500,80
2022-04-04 00:00:00+00:00,1923.96,1936.84,1915.36,1932.71,82481,80
2022-04-05 00:00:00+00:00,1932.66,1944.55,1917.86,1923.56,85953,80
2022-04-06 00:00:00+00:00,1923.7,1933.5,1914.25,1925.53,113571,80
2022-04-07 00:00:00+00:00,1923.66,1937.74,1920.47,1931.23,103884,80
2022-04-08 00:00:00+00:00,1931.3,1948.11,1927.68,1946.33,101702,80
2022-04-11 00:00:00+00:00,1946.1,1969.6,1939.89,1954.79,132150,80
2022-04-12 00:00:00+00:00,1953.0,1978.52,1949.63,1966.17,132818,80
2022-04-13 00:00:00+00:00,1966.3,1981.48,1962.76,1977.67,137409,80
2022-04-14 00:00:00+00:00,1977.2,1980.26,1960.19,1973.17,140348,80
2022-04-18 00:00:00+00:00,1973.3,1998.29,1968.02,1978.7,151867,80
2022-04-19 00:00:00+00:00,1977.3,1981.9,1943.68,1949.02,184946,80
2022-04-20 00:00:00+00:00,1949.5,1958.22,1939.29,1957.51,199038,80
2022-04-21 00:00:00+00:00,1957.1,1957.35,1936.65,1951.61,193726,80
2022-04-22 00:00:00+00:00,1950.4,1955.59,1926.5,1931.97,223444,80
2022-04-25 00:00:00+00:00,1930.0,1934.45,1891.39,1897.6,258849,80
2022-04-26 00:00:00+00:00,1897.6,1911.19,1895.58,1905.97,228330,80
2022-04-27 00:00:00+00:00,1904.56,1907.0,1881.3,1885.5,213684,80
2022-04-28 00:00:00+00:00,1885.5,1896.63,1871.94,1894.09,199497,80
2022-04-29 00:00:00+00:00,1894.4,1919.83,1892.48,1896.34,230286,80
2022-05-02 00:00:00+00:00,1895.76,1899.92,1854.48,1863.12,191229,80
2022-05-03 00:00:00+00:00,1863.3,1878.08,1850.38,1867.95,177019,80
2022-05-04 00:00:00+00:00,1866.8,1889.78,1861.45,1881.68,163668,80
2022-05-05 00:00:00+00:00,1882.85,1909.67,1872.48,1877.09,259271,80
2022-05-06 00:00:00+00:00,1876.4,1892.43,1865.94,1882.37,240826,80
2022-05-09 00:00:00+00:00,1882.9,1885.64,1851.65,1854.16,225390,80
2022-05-10 00:00:00+00:00,1853.6,1865.38,1835.33,1838.11,250899,80
2022-05-11 00:00:00+00:00,1835.0,1858.1,1831.96,1852.19,226686,80
2022-05-12 00:00:00+00:00,1851.66,1858.77,1821.48,1821.78,246705,80
2022-05-13 00:00:00+00:00,1822.1,1828.76,1799.02,1811.58,193042,80
2022-05-16 00:00:00+00:00,1810.86,1826.9,1786.67,1824.71,163621,80
2022-05-17 00:00:00+00:00,1823.86,1836.02,1812.84,1814.32,193269,80
2022-05-18 00:00:00+00:00,1814.1,1824.62,1807.23,1817.29,186687,80
2022-05-19 00:00:00+00:00,1815.7,1849.15,1810.89,1841.05,217610,80
2022-05-20 00:00:00+00:00,1840.3,1849.36,1832.26,1845.57,168233,80
2022-05-23 00:00:00+00:00,1844.4,1865.39,1843.01,1853.49,143972,80
2022-05-24 00:00:00+00:00,1852.9,1869.66,1849.27,1865.99,145890,80
2022-05-25 00:00:00+00:00,1865.27,1868.06,1841.61,1853.65,137739,80
2022-05-26 00:00:00+00:00,1852.78,1854.24,1840.26,1850.67,120315,80
2022-05-27 00:00:00+00:00,1850.17,1861.93,1846.95,1853.01,119944,80
2022-05-30 00:00:00+00:00,1852.5,1863.86,1847.83,1856.39,57001,80
2022-05-31 00:00:00+00:00,1855.4,1857.09,1834.98,1838.11,130301,80
2022-06-01 00:00:00+00:00,1835.0,1849.92,1828.41,1846.56,126043,80
2022-06-02 00:00:00+00:00,1845.9,1870.43,1844.03,1868.17,105430,80
2022-06-03 00:00:00+00:00,1868.8,1874.04,1847.31,1851.02,97219,80
2022-06-06 00:00:00+00:00,1850.2,1857.75,1840.58,1842.08,104646,80
2022-06-07 00:00:00+00:00,1840.2,1855.42,1836.93,1851.88,108917,80
2022-06-08 00:00:00+00:00,1851.9,1859.59,1844.53,1852.78,93249,80
2022-06-09 00:00:00+00:00,1852.81,1855.27,1839.97,1847.83,120284,80
2022-06-10 00:00:00+00:00,1847.5,1875.91,1825.0,1871.46,151805,80
2022-06-13 00:00:00+00:00,1875.0,1878.97,1819.05,1819.09,189060,80
2022-06-14 00:00:00+00:00,1819.72,1831.55,1805.07,1809.2,174019,80
2022-06-15 00:00:00+00:00,1807.2,1841.8,1807.0,1833.64,198211,80
2022-06-16 00:00:00+00:00,1831.9,1857.14,1815.08,1856.33,183947,80
2022-06-17 00:00:00+00:00,1856.4,1856.8,1833.8,1840.2,158697,80
2022-06-20 00:00:00+00:00,1836.0,1846.09,1834.67,1837.69,77913,80
2022-06-21 00:00:00+00:00,1835.9,1843.57,1828.54,1833.29,101588,80
2022-06-22 00:00:00+00:00,1831.7,1847.78,1823.27,1838.19,122785,80
2022-06-23 00:00:00+00:00,1836.4,1846.14,1822.49,1823.15,123698,80
2022-06-24 00:00:00+00:00,1822.4,1831.69,1816.84,1827.26,130894,80
2022-06-27 00:00:00+00:00,1837.5,1840.99,1820.69,1822.67,107384,80
2022-06-28 00:00:00+00:00,1822.1,1829.47,1818.29,1820.61,99489,80
2022-06-29 00:00:00+00:00,1818.5,1833.02,1812.02,1818.17,106995,80
2022-06-30 00:00:00+00:00,1816.7,1825.06,1802.58,1807.13,132384,80
2022-07-01 00:00:00+00:00,1807.2,1809.31,1784.43,1808.36,172957,80
2022-07-04 00:00:00+00:00,1811.8,1814.18,1803.91,1806.16,63271,80
2022-07-05 00:00:00+00:00,1807.3,1812.11,1763.81,1765.84,142539,80
2022-07-06 00:00:00+00:00,1764.7,1772.74,1732.19,1738.93,159423,80
2022-07-07 00:00:00+00:00,1738.4,1749.02,1736.51,1739.87,127820,80
2022-07-08 00:00:00+00:00,1740.0,1752.42,1732.78,1742.38,134249,80
2022-07-11 00:00:00+00:00,1741.9,1744.6,1731.28,1733.83,123593,80
2022-07-12 00:00:00+00:00,1732.1,1744.21,1723.16,1726.24,134208,80
2022-07-13 00:00:00+00:00,1724.5,1745.39,1707.13,1735.45,181473,80
2022-07-14 00:00:00+00:00,1735.55,1736.36,1697.54,1710.65,224182,80
2022-07-15 00:00:00+00:00,1709.3,1716.55,1698.99,1707.04,179668,80
2022-07-18 00:00:00+00:00,1707.1,1723.77,1705.45,1708.89,88334,20
2022-07-19 00:00:00+00:00,1708.2,1718.44,1705.25,1711.23,130184,80
2022-07-20 00:00:00+00:00,1711.3,1714.49,1692.43,1696.6,90908,0
2022-07-21 00:00:00+00:00,1695.3,1720.2,1680.85,1720.09,160722,80
2022-07-22 00:00:00+00:00,1717.5,1739.28,1712.83,1726.95,155179,80
2022-07-25 00:00:00+00:00,1727.4,1736.23,1714.7,1719.49,131121,80
2022-07-26 00:00:00+00:00,1718.5,1728.21,1713.61,1717.28,129387,80
2022-07-27 00:00:00+00:00,1717.39,1740.25,1711.45,1734.59,133285,80
2022-07-28 00:00:00+00:00,1732.26,1757.08,1732.26,1756.37,184662,80
2022-07-29 00:00:00+00:00,1755.2,1767.9,1752.03,1765.96,173361,80
2022-08-01 00:00:00+00:00,1764.1,1775.29,1758.2,1772.02,134123,80
2022-08-02 00:00:00+00:00,1771.1,1787.99,1760.45,1761.24,151414,80
2022-08-03 00:00:00+00:00,1761.93,1772.79,1754.23,1765.88,125519,80
2022-08-04 00:00:00+00:00,1764.8,1794.94,1763.19,1791.15,112996,80
2022-08-05 00:00:00+00:00,1790.1,1794.84,1764.94,1775.31,130790,80
2022-08-08 00:00:00+00:00,1773.06,1790.01,1769.64,1789.48,108300,80
2022-08-09 00:00:00+00:00,1788.0,1800.37,1783.18,1794.28,97668,80
2022-08-10 00:00:00+00:00,1793.56,1807.84,1787.39,1791.96,119357,80
2022-08-11 00:00:00+00:00,1791.1,1799.23,1783.52,1789.64,115828,80
2022-08-12 00:00:00+00:00,1789.46,1802.11,1784.87,1801.72,104923,80
2022-08-15 00:00:00+00:00,1801.76,1802.1,1772.95,1778.7,118778,80
2022-08-16 00:00:00+00:00,1778.96,1783.13,1771.4,1775.87,101718,80
2022-08-17 00:00:00+00:00,1775.2,1782.28,1759.81,1762.27,122167,80
2022-08-18 00:00:00+00:00,1762.1,1772.37,1755.29,1758.66,111020,80
2022-08-19 00:00:00+00:00,1758.75,1759.3,1745.54,1747.11,105983,80
2022-08-22 00:00:00+00:00,1746.35,1749.06,1727.76,1735.72,143065,80
2022-08-23 00:00:00+00:00,1735.95,1754.09,1730.83,1748.35,129464,80
2022-08-24 00:00:00+00:00,1747.7,1755.84,1742.43,1752.07,109408,80
2022-08-25 00:00:00+00:00,1750.85,1765.48,1749.02,1758.24,100554,80
2022-08-26 00:00:00+00:00,1757.75,1758.85,1734.12,1738.2,126515,80
2022-08-29 00:00:00+00:00,1735.39,1745.44,1720.3,1737.82,120902,80
2022-08-30 00:00:00+00:00,1736.9,1740.49,1721.15,1724.45,118903,80
2022-08-31 00:00:00+00:00,1722.75,1726.54,1709.55,1710.55,128047,80
2022-09-01 00:00:00+00:00,1710.7,1711.36,1688.75,1697.3,132509,80
2022-09-02 00:00:00+00:00,1695.8,1717.95,1694.97,1712.03,120965,80
2022-09-05 00:00:00+00:00,1712.8,1715.75,1707.71,1711.55,65090,80
2022-09-06 00:00:00+00:00,1708.3,1726.73,1699.8,1701.54,130699,80
2022-09-07 00:00:00+00:00,1701.51,1719.19,1691.34,1718.98,134028,80
2022-09-08 00:00:00+00:00,1717.85,1728.17,1703.93,1708.8,150280,80
2022-09-09 00:00:00+00:00,1708.45,1729.42,1708.15,1717.47,128554,80
2022-09-12 00:00:00+00:00,1716.15,1735.09,1711.91,1724.69,134153,80
2022-09-13 00:00:00+00:00,1724.22,1731.77,1697.02,1702.29,151056,80
2022-09-14 00:00:00+00:00,1700.7,1707.07,1693.62,1697.03,146411,80
2022-09-15 00:00:00+00:00,1697.1,1698.23,1660.28,1664.14,139897,80
2022-09-16 00:00:00+00:00,1663.8,1680.34,1654.08,1675.74,136477,80
2022-09-19 00:00:00+00:00,1675.05,1679.91,1659.57,1675.52,117404,80
2022-09-20 00:00:00+00:00,1675.29,1679.4,1659.93,1664.82,123368,80
2022-09-21 00:00:00+00:00,1664.35,1688.0,1653.72,1674.05,154375,80
2022-09-22 00:00:00+00:00,1672.5,1684.82,1655.6,1671.58,170500,80
2022-09-23 00:00:00+00:00,1671.15,1675.87,1639.61,1645.12,158595,80
2022-09-26 00:00:00+00:00,1642.71,1649.74,1621.1,1623.76,182022,80
2022-09-27 00:00:00+00:00,1621.51,1642.41,1621.0,1629.39,146103,80
2022-09-28 00:00:00+00:00,1629.97,1662.75,1614.75,1660.0,179733,80
2022-09-29 00:00:00+00:00,1658.63,1664.85,1641.45,1660.38,163546,80
2022-09-30 00:00:00+00:00,1661.39,1675.37,1659.2,1660.84,150075,80
2022-10-03 00:00:00+00:00,1660.35,1701.43,1659.57,1699.07,145325,80
2022-10-04 00:00:00+00:00,1698.45,1729.44,1695.15,1725.94,141907,80
2022-10-05 00:00:00+00:00,1724.8,1727.74,1700.45,1716.4,135672,80
2022-10-06 00:00:00+00:00,1715.95,1725.53,1706.79,1712.64,128826,80
2022-10-07 00:00:00+00:00,1711.7,1714.79,1690.51,1694.7,129393,80
2022-10-10 00:00:00+00:00,1695.8,1699.8,1665.66,1668.24,117599,80
2022-10-11 00:00:00+00:00,1667.35,1683.92,1660.94,1666.26,139255,70
2022-10-12 00:00:00+00:00,1665.31,1678.28,1661.33,1673.05,136397,80
2022-10-13 00:00:00+00:00,1672.75,1682.4,1642.36,1665.91,164555,80
2022-10-14 00:00:00+00:00,1665.25,1671.78,1640.18,1644.4,156696,80
2022-10-17 00:00:00+00:00,1643.65,1668.44,1641.75,1650.56,123944,80
2022-10-18 00:00:00+00:00,1650.01,1660.82,1645.81,1651.42,128300,80
2022-10-19 00:00:00+00:00,1651.3,1654.37,1627.65,1628.84,122215,80
2022-10-20 00:00:00+00:00,1629.05,1645.65,1622.41,1628.04,137762,80
2022-10-21 00:00:00+00:00,1626.7,1657.84,1617.17,1656.93,187105,80
2022-10-24 00:00:00+00:00,1659.85,1670.66,1643.93,1649.46,164043,80
2022-10-25 00:00:00+00:00,1649.55,1662.38,1638.22,1653.15,134877,80
2022-10-26 00:00:00+00:00,1652.5,1674.97,1649.71,1664.22,146530,80
2022-10-27 00:00:00+00:00,1663.3,1670.73,1654.8,1662.77,156417,80
2022-10-28 00:00:00+00:00,1661.25,1666.95,1638.02,1645.3,151311,70
2022-10-31 00:00:00+00:00,1643.62,1645.64,1631.75,1633.53,118395,70
2022-11-01 00:00:00+00:00,1632.69,1657.03,1630.71,1647.75,152108,70
2022-11-02 00:00:00+00:00,1646.37,1669.52,1634.74,1635.05,151589,70
2022-11-03 00:00:00+00:00,1634.44,1640.96,1616.58,1629.35,154102,70
2022-11-04 00:00:00+00:00,1628.95,1681.69,1628.89,1680.95,180320,70
2022-11-07 00:00:00+00:00,1674.41,1681.88,1666.83,1675.26,145801,70
2022-11-08 00:00:00+00:00,1673.75,1716.87,1664.65,1712.42,140462,70
2022-11-09 00:00:00+00:00,1711.15,1722.28,1702.14,1707.12,152687,80
2022-11-10 00:00:00+00:00,1705.95,1757.2,1703.86,1754.83,174010,80
2022-11-11 00:00:00+00:00,1754.25,1772.53,1747.23,1769.9,160931,80
2022-11-14 00:00:00+00:00,1766.35,1775.04,1753.23,1771.62,133253,80
2022-11-15 00:00:00+00:00,1770.15,1786.5,1767.04,1778.35,192097,80
2022-11-16 00:00:00+00:00,1778.03,1785.08,1770.3,1773.39,154393,80
2022-11-17 00:00:00+00:00,1770.95,1774.76,1754.44,1760.66,142669,80
2022-11-18 00:00:00+00:00,1759.85,1767.74,1747.53,1750.1,122478,80
2022-11-21 00:00:00+00:00,1750.09,1752.96,1732.52,1738.41,118093,80
2022-11-22 00:00:00+00:00,1738.0,1749.77,1737.0,1739.9,104079,10
2022-11-23 00:00:00+00:00,1739.42,1753.15,1719.44,1749.34,112563,80
2022-11-24 00:00:00+00:00,1748.85,1758.57,1748.82,1755.2,60635,80
2022-11-25 00:00:00+00:00,1754.65,1761.07,1745.91,1753.11,75971,80
2022-11-28 00:00:00+00:00,1751.63,1763.67,1739.54,1741.02,102935,80
2022-11-29 00:00:00+00:00,1740.05,1758.96,1738.07,1749.66,102250,80
2022-11-30 00:00:00+00:00,1747.78,1769.9,1744.82,1768.2,126179,80
2022-12-01 00:00:00+00:00,1768.85,1804.0,1767.44,1802.91,133241,80
2022-12-02 00:00:00+00:00,1802.45,1804.36,1778.43,1798.45,142537,80
2022-12-05 00:00:00+00:00,1793.33,1809.89,1765.73,1768.52,153984,80
2022-12-06 00:00:00+00:00,1767.75,1780.82,1767.0,1770.97,117411,80
2022-12-07 00:00:00+00:00,1770.45,1790.47,1768.67,1786.14,135644,80
2022-12-08 00:00:00+00:00,1785.65,1794.84,1781.37,1789.47,116572,80
2022-12-09 00:00:00+00:00,1788.48,1806.09,1788.45,1796.65,128637,80
2022-12-12 00:00:00+00:00,1795.85,1797.05,1777.52,1781.47,115799,80
2022-12-13 00:00:00+00:00,1779.65,1824.44,1779.65,1810.51,176600,120
2022-12-14 00:00:00+00:00,1809.95,1814.17,1795.16,1807.27,166213,120
2022-12-15 00:00:00+00:00,1806.65,1808.63,1773.77,1776.52,177972,120
2022-12-16 00:00:00+00:00,1776.05,1794.27,1774.22,1792.94,133656,120
2022-12-19 00:00:00+00:00,1791.11,1798.69,1783.75,1787.46,104250,120
2022-12-20 00:00:00+00:00,1786.55,1821.11,1784.61,1818.07,174706,120
2022-12-21 00:00:00+00:00,1817.89,1823.8,1811.79,1814.3,114384,70
2022-12-22 00:00:00+00:00,1813.75,1820.39,1784.77,1792.47,117249,70
2022-12-23 00:00:00+00:00,1792.5,1803.19,1791.11,1798.15,93203,70
2022-12-27 00:00:00+00:00,1800.62,1833.29,1800.06,1813.93,91443,70
2022-12-28 00:00:00+00:00,1813.35,1814.51,1796.96,1804.07,90681,70
2022-12-29 00:00:00+00:00,1803.6,1820.13,1803.13,1814.65,81361,70
2022-12-30 00:00:00+00:00,1814.34,1825.95,1813.32,1824.25,89974,70
2023-01-03 00:00:00+00:00,1827.4,1849.92,1823.68,1839.31,129672,70
2023-01-04 00:00:00+00:00,1838.45,1865.11,1836.12,1854.24,134890,70
2023-01-05 00:00:00+00:00,1854.1,1859.01,1825.08,1832.96,122757,70
2023-01-06 00:00:00+00:00,1830.35,1869.79,1830.15,1866.45,114995,70
2023-01-09 00:00:00+00:00,1867.61,1881.48,1864.26,1871.51,107349,70
2023-01-10 00:00:00+00:00,1870.9,1880.73,1867.7,1877.1,115425,70
2023-01-11 00:00:00+00:00,1876.2,1886.57,1867.08,1875.83,106336,70
2023-01-12 00:00:00+00:00,1875.05,1901.56,1867.26,1897.23,151770,70
2023-01-13 00:00:00+00:00,1895.25,1921.87,1892.3,1920.65,142620,30
2023-01-16 00:00:00+00:00,1918.86,1928.96,1910.83,1913.4,83022,80
2023-01-17 00:00:00+00:00,1915.87,1919.02,1903.7,1908.27,125751,80
2023-01-18 00:00:00+00:00,1907.9,1925.88,1896.52,1904.03,162039,80
2023-01-19 00:00:00+00:00,1904.25,1935.15,1900.98,1931.62,146570,40
2023-01-20 00:00:00+00:00,1931.88,1937.57,1920.69,1926.78,118193,0
2023-01-23 00:00:00+00:00,1925.54,1935.56,1911.43,1931.52,121871,0
2023-01-24 00:00:00+00:00,1930.68,1942.55,1917.22,1937.3,119994,0
2023-01-25 00:00:00+00:00,1936.98,1948.1,1919.93,1946.37,111905,0
2023-01-26 00:00:00+00:00,1946.08,1949.19,1918.61,1929.18,118444,0
2023-01-27 00:00:00+00:00,1927.58,1935.06,1916.65,1928.27,102162,0
2023-01-30 00:00:00+00:00,1928.58,1934.48,1920.72,1923.05,99095,0
2023-01-31 00:00:00+00:00,1922.4,1931.21,1900.82,1928.05,120586,0
2023-02-01 00:00:00+00:00,1927.74,1954.59,1920.57,1950.11,136880,0
2023-02-02 00:00:00+00:00,1950.63,1959.74,1911.36,1912.51,170510,0
2023-02-03 00:00:00+00:00,1911.48,1918.59,1861.44,1865.73,164709,0
2023-02-06 00:00:00+00:00,1860.73,1881.43,1859.84,1867.59,137612,0
2023-02-07 00:00:00+00:00,1867.2,1884.47,1865.04,1872.15,149436,0
2023-02-08 00:00:00+00:00,1872.33,1886.44,1869.01,1875.77,111442,0
2023-02-09 00:00:00+00:00,1875.18,1890.31,1858.95,1861.2,124673,0
2023-02-10 00:00:00+00:00,1861.55,1872.22,1852.82,1865.53,127596,0
2023-02-13 00:00:00+00:00,1863.79,1866.57,1850.53,1853.82,101936,0
2023-02-14 00:00:00+00:00,1852.83,1870.71,1843.28,1854.45,150552,0
2023-02-15 00:00:00+00:00,1853.45,1860.2,1830.53,1836.2,120630,0
2023-02-16 00:00:00+00:00,1835.28,1845.36,1827.68,1836.24,129985,0
2023-02-17 00:00:00+00:00,1836.45,1843.62,1818.95,1842.01,123343,0
2023-02-20 00:00:00+00:00,1840.4,1847.57,1837.38,1841.39,63672,0
2023-02-21 00:00:00+00:00,1840.93,1843.9,1830.3,1834.94,125641,0
2023-02-22 00:00:00+00:00,1834.55,1846.09,1823.57,1825.25,127441,0
2023-02-23 00:00:00+00:00,1825.05,1833.79,1817.54,1822.2,119362,0
2023-02-24 00:00:00+00:00,1821.89,1827.86,1808.99,1811.25,129416,0
2023-02-27 00:00:00+00:00,1811.13,1820.21,1806.69,1817.2,111086,0
2023-02-28 00:00:00+00:00,1816.78,1831.22,1804.68,1827.07,113035,0
2023-03-01 00:00:00+00:00,1826.25,1844.68,1823.14,1836.78,123586,0
2023-03-02 00:00:00+00:00,1836.46,1839.04,1830.0,1835.96,120793,0
2023-03-03 00:00:00+00:00,1835.75,1856.41,1834.43,1854.87,115384,0
2023-03-06 00:00:00+00:00,1854.03,1858.35,1845.15,1847.08,107595,0
2023-03-07 00:00:00+00:00,1845.93,1851.71,1812.73,1813.52,143851,0
2023-03-08 00:00:00+00:00,1813.33,1824.34,1809.43,1813.6,131091,0
2023-03-09 00:00:00+00:00,1813.25,1835.71,1811.95,1830.94,122080,0
2023-03-10 00:00:00+00:00,1831.05,1870.05,1827.77,1867.47,211063,0
2023-03-13 00:00:00+00:00,1878.51,1914.67,1871.55,1913.84,292695,0
2023-03-14 00:00:00+00:00,1912.24,1914.2,1895.42,1903.66,219942,0
2023-03-15 00:00:00+00:00,1904.37,1937.39,1885.73,1918.08,232908,0
2023-03-16 00:00:00+00:00,1919.13,1933.54,1907.56,1919.77,222197,0
2023-03-17 00:00:00+00:00,1919.82,1987.79,1918.28,1986.21,183200,0
2023-03-20 00:00:00+00:00,1985.35,2009.83,1965.88,1978.83,209851,0
2023-03-21 00:00:00+00:00,1978.75,1985.23,1935.44,1940.43,165997,0
2023-03-22 00:00:00+00:00,1939.7,1978.86,1934.32,1968.13,176303,0
2023-03-23 00:00:00+00:00,1967.8,2003.38,1964.48,1993.11,194791,0
2023-03-24 00:00:00+00:00,1992.72,2003.16,1975.21,1977.61,195568,0
2023-03-27 00:00:00+00:00,1978.23,1979.55,1944.01,1956.15,147642,0
2023-03-28 00:00:00+00:00,1955.75,1975.36,1949.17,1973.78,131062,0
2023-03-29 00:00:00+00:00,1972.36,1974.43,1958.69,1964.53,95711,0
2023-03-30 00:00:00+00:00,1963.4,1984.34,1955.39,1979.96,115190,0
2023-03-31 00:00:00+00:00,1979.85,1987.6,1966.91,1969.3,119038,0
2023-04-03 00:00:00+00:00,1972.65,1990.59,1949.78,1984.12,125617,0
2023-04-04 00:00:00+00:00,1983.55,2025.08,1976.95,2020.52,121821,0
2023-04-05 00:00:00+00:00,2020.44,2032.22,2009.97,2020.31,115973,0
2023-04-06 00:00:00+00:00,2020.55,2021.36,2000.89,2007.55,103662,0
2023-04-10 00:00:00+00:00,1998.88,2006.42,1981.64,1991.34,82399,0
2023-04-11 00:00:00+00:00,1991.06,2007.54,1988.86,2003.36,90819,0
2023-04-12 00:00:00+00:00,2003.05,2028.33,2001.31,2014.77,133323,0
2023-04-13 00:00:00+00:00,2013.73,2048.73,2013.43,2040.83,114500,0
2023-04-14 00:00:00+00:00,2039.83,2047.48,1992.44,2004.63,143332,0
2023-04-17 00:00:00+00:00,1998.23,2015.07,1981.16,1995.11,115706,0
2023-04-18 00:00:00+00:00,1995.05,2011.88,1991.3,2004.72,99511,0
2023-04-19 00:00:00+00:00,2005.05,2008.21,1969.27,1995.0,127684,0
2023-04-20 00:00:00+00:00,1993.75,2012.4,1990.53,2004.74,117040,0
2023-04-21 00:00:00+00:00,2004.24,2005.58,1971.58,1982.72,124873,0
2023-04-24 00:00:00+00:00,1980.95,1990.87,1974.13,1988.96,107508,0
2023-04-25 00:00:00+00:00,1989.05,2003.9,1976.13,1996.61,133045,0
2023-04-26 00:00:00+00:00,1996.43,2009.41,1983.35,1989.22,132554,0
2023-04-27 00:00:00+00:00,1989.33,2003.46,1974.06,1987.68,125946,0
2023-04-28 00:00:00+00:00,1987.43,1995.1,1976.06,1989.74,144242,0
2023-05-01 00:00:00+00:00,1990.33,2006.08,1977.11,1982.54,111393,0
2023-05-02 00:00:00+00:00,1980.43,2019.43,1978.49,2016.7,129064,0
2023-05-03 00:00:00+00:00,2016.61,2039.44,2005.3,2039.02,132328,0
2023-05-04 00:00:00+00:00,2042.85,2077.97,2030.36,2050.52,191257,0
2023-05-05 00:00:00+00:00,2048.73,2053.04,1999.52,2015.92,132288,0
2023-05-08 00:00:00+00:00,2014.65,2029.42,2014.13,2021.42,91495,0
2023-05-09 00:00:00+00:00,2020.45,2037.62,2019.5,2034.48,93806,0
2023-05-10 00:00:00+00:00,2033.85,2048.22,2021.54,2030.06,119708,0
2023-05-11 00:00:00+00:00,2029.91,2041.24,2011.16,2015.05,136252,0
2023-05-12 00:00:00+00:00,2015.05,2022.62,2000.93,2010.89,110556,0
2023-05-15 00:00:00+00:00,2008.05,2022.22,2007.17,2016.04,113762,0
2023-05-16 00:00:00+00:00,2015.45,2018.36,1985.49,1988.76,138806,0
2023-05-17 00:00:00+00:00,1988.25,1993.09,1975.03,1981.89,127993,0
2023-05-18 00:00:00+00:00,1981.4,1986.05,1952.01,1957.37,131893,0
2023-05-19 00:00:00+00:00,1957.45,1984.23,1954.07,1977.64,149939,0
2023-05-22 00:00:00+00:00,1977.65,1982.61,1968.9,1971.74,131511,0
2023-05-23 00:00:00+00:00,1971.75,1977.78,1954.29,1975.29,147981,0
2023-05-24 00:00:00+00:00,1974.85,1985.32,1956.75,1957.67,145436,0
2023-05-25 00:00:00+00:00,1956.35,1964.8,1938.9,1940.57,149849,0
2023-05-26 00:00:00+00:00,1940.52,1957.3,1936.8,1946.58,131185,0
2023-05-29 00:00:00+00:00,1942.75,1949.75,1940.26,1944.67,46456,0
2023-05-30 00:00:00+00:00,1943.95,1963.56,1932.08,1959.91,135450,0
2023-05-31 00:00:00+00:00,1959.41,1974.81,1953.71,1963.13,143738,0
2023-06-01 00:00:00+00:00,1962.45,1983.14,1953.43,1977.89,141418,0
2023-06-02 00:00:00+00:00,1977.71,1983.47,1948.01,1948.29,136696,0
2023-06-05 00:00:00+00:00,1946.03,1964.05,1938.19,1961.67,125296,0
2023-06-06 00:00:00+00:00,1961.68,1966.4,1954.38,1963.1,117514,0
2023-06-07 00:00:00+00:00,1963.16,1970.23,1939.87,1940.09,143401,0
2023-06-08 00:00:00+00:00,1940.25,1970.64,1939.71,1965.46,137896,0
2023-06-09 00:00:00+00:00,1965.55,1973.15,1956.69,1960.64,118577,0
2023-06-12 00:00:00+00:00,1960.08,1967.02,1949.25,1956.96,124314,0
2023-06-13 00:00:00+00:00,1957.45,1971.2,1940.09,1943.05,154373,0
2023-06-14 00:00:00+00:00,1943.65,1960.36,1939.94,1940.02,148376,0
2023-06-15 00:00:00+00:00,1941.4,1960.29,1924.7,1958.02,160488,0
2023-06-16 00:00:00+00:00,1957.76,1967.94,1953.33,1957.44,136167,0
2023-06-19 00:00:00+00:00,1957.5,1958.78,1947.8,1951.8,67602,0
2023-06-20 00:00:00+00:00,1950.75,1956.81,1929.79,1935.7,139537,0
2023-06-21 00:00:00+00:00,1935.89,1939.52,1919.23,1932.33,150068,0
2023-06-22 00:00:00+00:00,1931.55,1934.88,1912.39,1913.23,131026,0
2023-06-23 00:00:00+00:00,1913.38,1937.4,1909.97,1921.4,137404,0
2023-06-26 00:00:00+00:00,1925.25,1933.4,1921.57,1923.04,98789,0
2023-06-27 00:00:00+00:00,1922.83,1930.72,1910.92,1913.08,103615,0
2023-06-28 00:00:00+00:00,1913.35,1917.19,1902.85,1906.91,104288,0
2023-06-29 00:00:00+00:00,1907.55,1913.18,1892.99,1908.15,111151,0
2023-06-30 00:00:00+00:00,1907.65,1922.77,1900.61,1919.27,104996,0
2023-07-03 00:00:00+00:00,1919.25,1930.98,1910.01,1923.6,85398,0
2023-07-04 00:00:00+00:00,1921.46,1930.71,1919.82,1924.71,41740,0
2023-07-05 00:00:00+00:00,1926.17,1935.08,1914.84,1914.84,96874,0
2023-07-06 00:00:00+00:00,1914.63,1927.64,1902.67,1910.71,118414,0
2023-07-07 00:00:00+00:00,1910.55,1934.9,1909.64,1925.12,110325,0
2023-07-10 00:00:00+00:00,1924.85,1928.21,1912.6,1925.12,93155,0
2023-07-11 00:00:00+00:00,1925.25,1938.48,1924.37,1932.19,94006,0
2023-07-12 00:00:00+00:00,1931.58,1959.74,1931.58,1957.58,114285,0
2023-07-13 00:00:00+00:00,1956.72,1963.62,1952.4,1960.39,111664,0
2023-07-14 00:00:00+00:00,1959.35,1963.77,1950.99,1955.27,111366,0
2023-07-17 00:00:00+00:00,1953.83,1959.88,1945.82,1954.9,91286,0
2023-07-18 00:00:00+00:00,1954.45,1984.37,1954.45,1978.93,123165,0
2023-07-19 00:00:00+00:00,1978.43,1980.94,1969.82,1976.67,100459,0
2023-07-20 00:00:00+00:00,1976.75,1987.47,1965.39,1969.52,111489,0
2023-07-21 00:00:00+00:00,1969.65,1973.79,1956.84,1961.93,98196,0
2023-07-24 00:00:00+00:00,1961.65,1967.88,1953.45,1954.59,98395,0
2023-07-25 00:00:00+00:00,1954.73,1965.73,1951.41,1964.86,91081,0
2023-07-26 00:00:00+00:00,1964.45,1978.34,1962.07,1972.11,110114,0
2023-07-27 00:00:00+00:00,1970.79,1982.19,1942.64,1944.8,129095,0
2023-07-28 00:00:00+00:00,1945.75,1963.54,1945.47,1959.11,121042,0
2023-07-31 00:00:00+00:00,1959.05,1972.43,1950.67,1965.71,96522,0
2023-08-01 00:00:00+00:00,1965.45,1966.11,1941.29,1944.22,101862,0
2023-08-02 00:00:00+00:00,1944.17,1954.85,1932.98,1934.7,109282,0
2023-08-03 00:00:00+00:00,1934.29,1938.88,1929.31,1934.26,105888,0
2023-08-04 00:00:00+00:00,1934.23,1946.9,1922.33,1942.79,107359,0
2023-08-07 00:00:00+00:00,1942.23,1946.73,1931.52,1936.28,73927,0
2023-08-08 00:00:00+00:00,1936.11,1938.14,1922.73,1924.76,97072,0
2023-08-09 00:00:00+00:00,1924.95,1932.38,1914.09,1914.57,81079,0
2023-08-10 00:00:00+00:00,1914.63,1929.97,1912.03,1912.34,105625,0
2023-08-11 00:00:00+00:00,1912.35,1920.97,1910.69,1913.8,82954,0
2023-08-14 00:00:00+00:00,1913.25,1916.26,1902.71,1907.23,90301,0
2023-08-15 00:00:00+00:00,1907.38,1911.69,1896.13,1901.64,110599,0
2023-08-16 00:00:00+00:00,1901.58,1907.25,1891.77,1892.52,92752,0
2023-08-17 00:00:00+00:00,1892.05,1903.47,1884.82,1888.97,105808,0
2023-08-18 00:00:00+00:00,1889.52,1896.79,1886.77,1889.64,84376,0
2023-08-21 00:00:00+00:00,1889.15,1898.77,1884.89,1894.63,95310,0
2023-08-22 00:00:00+00:00,1894.43,1904.53,1888.95,1897.32,88720,0
2023-08-23 00:00:00+00:00,1896.7,1920.41,1896.7,1915.43,98747,0
2023-08-24 00:00:00+00:00,1915.03,1923.39,1911.79,1917.03,88985,0
2023-08-25 00:00:00+00:00,1916.17,1922.42,1903.78,1914.01,99002,0
2023-08-28 00:00:00+00:00,1915.13,1926.06,1912.67,1920.04,70293,0
2023-08-29 00:00:00+00:00,1920.05,1938.21,1914.43,1937.61,93798,0
2023-08-30 00:00:00+00:00,1937.61,1949.06,1935.01,1942.46,96422,0
2023-08-31 00:00:00+00:00,1942.62,1947.79,1938.93,1940.01,91399,0
2023-09-01 00:00:00+00:00,1940.09,1952.95,1934.42,1940.01,119161,0
2023-09-04 00:00:00+00:00,1940.03,1946.34,1936.76,1938.39,50983,0
2023-09-05 00:00:00+00:00,1938.43,1938.99,1925.17,1926.01,101212,0
2023-09-06 00:00:00+00:00,1925.81,1929.25,1915.33,1916.29,102822,0
2023-09-07 00:00:00+00:00,1916.29,1923.56,1916.15,1919.6,88771,0
2023-09-08 00:00:00+00:00,1919.55,1929.65,1917.19,1919.17,81219,0
2023-09-11 00:00:00+00:00,1919.61,1930.48,1916.37,1922.39,85477,0
2023-09-12 00:00:00+00:00,1922.83,1924.39,1907.37,1913.39,77659,0
2023-09-13 00:00:00+00:00,1912.47,1915.79,1905.46,1908.22,94912,0
2023-09-14 00:00:00+00:00,1908.22,1912.92,1900.85,1910.49,114420,0
2023-09-15 00:00:00+00:00,1910.7,1930.47,1909.79,1923.56,101586,0
2023-09-18 00:00:00+00:00,1923.83,1934.25,1921.34,1933.63,79707,0
2023-09-19 00:00:00+00:00,1933.8,1937.45,1929.82,1931.26,68324,0
2023-09-20 00:00:00+00:00,1931.57,1947.47,1927.77,1929.47,104542,0
2023-09-21 00:00:00+00:00,1930.9,1931.51,1913.79,1919.96,106112,0
2023-09-22 00:00:00+00:00,1919.96,1929.14,1919.3,1925.16,78928,0
2023-09-25 00:00:00+00:00,1925.21,1927.21,1915.07,1916.03,76145,0
2023-09-26 00:00:00+00:00,1915.98,1916.81,1899.1,1900.46,84852,0
2023-09-27 00:00:00+00:00,1900.69,1903.79,1872.28,1875.27,103449,0
2023-09-28 00:00:00+00:00,1875.1,1879.33,1857.55,1865.32,118168,0
2023-09-29 00:00:00+00:00,1865.31,1879.82,1846.34,1849.12,117987,0
2023-10-02 00:00:00+00:00,1845.47,1848.93,1827.09,1828.11,120784,0
2023-10-03 00:00:00+00:00,1828.34,1833.17,1815.2,1823.28,147117,0
2023-10-04 00:00:00+00:00,1822.37,1830.67,1816.6,1820.9,142280,0
2023-10-05 00:00:00+00:00,1821.63,1829.22,1812.84,1820.27,109479,0
2023-10-06 00:00:00+00:00,1819.52,1834.93,1810.38,1831.59,133238,0
2023-10-09 00:00:00+00:00,1847.66,1863.52,1844.26,1861.5,104119,0
2023-10-10 00:00:00+00:00,1861.33,1865.38,1852.88,1860.1,115664,0
2023-10-11 00:00:00+00:00,1859.7,1877.22,1858.7,1873.66,117284,0
2023-10-12 00:00:00+00:00,1873.66,1885.05,1867.95,1868.84,112375,0
2023-10-13 00:00:00+00:00,1868.79,1930.79,1868.64,1930.17,142591,0
2023-10-16 00:00:00+00:00,1928.14,1929.39,1908.13,1919.83,116610,0
2023-10-17 00:00:00+00:00,1920.14,1931.62,1912.45,1923.02,111948,0
2023-10-18 00:00:00+00:00,1923.75,1962.7,1923.32,1947.91,136070,0
2023-10-19 00:00:00+00:00,1947.71,1977.74,1945.27,1974.21,149391,0
2023-10-20 00:00:00+00:00,1974.53,1997.31,1972.06,1980.35,149520,0
2023-10-23 00:00:00+00:00,1967.15,1982.85,1964.41,1972.78,132128,0
2023-10-24 00:00:00+00:00,1972.6,1980.91,1953.24,1971.08,126565,0
2023-10-25 00:00:00+00:00,1971.17,1987.26,1962.71,1979.65,110963,0
2023-10-26 00:00:00+00:00,1979.65,1993.49,1971.83,1984.59,121517,0
2023-10-27 00:00:00+00:00,1984.5,2009.49,1976.9,2005.67,119314,0
2023-10-30 00:00:00+00:00,2003.06,2006.81,1990.92,1996.22,104616,0
2023-10-31 00:00:00+00:00,1996.33,2007.82,1978.75,1984.01,117068,0
2023-11-01 00:00:00+00:00,1983.74,1992.08,1969.9,1982.32,117374,0
2023-11-02 00:00:00+00:00,1982.11,1991.04,1978.83,1985.96,90969,0
2023-11-03 00:00:00+00:00,1986.03,2004.07,1983.28,1992.58,103621,0
2023-11-06 00:00:00+00:00,1992.22,1993.12,1977.4,1978.11,80529,0
2023-11-07 00:00:00+00:00,1977.74,1978.42,1956.62,1968.94,92990,0
2023-11-08 00:00:00+00:00,1969.11,1971.05,1947.44,1950.45,86971,0
2023-11-09 00:00:00+00:00,1951.05,1965.64,1944.46,1958.74,104076,0
2023-11-10 00:00:00+00:00,1958.55,1960.88,1933.04,1937.87,97976,0
2023-11-13 00:00:00+00:00,1940.66,1949.24,1928.91,1946.15,79682,0
2023-11-14 00:00:00+00:00,1946.21,1970.99,1935.49,1963.44,83515,0
2023-11-15 00:00:00+00:00,1962.66,1975.17,1955.44,1959.52,91915,0
2023-11-16 00:00:00+00:00,1960.09,1988.02,1956.53,1981.32,89458,0
2023-11-17 00:00:00+00:00,1981.2,1993.39,1978.64,1980.48,84881,0
2023-11-20 00:00:00+00:00,1978.27,1985.19,1965.46,1977.6,97951,0
2023-11-21 00:00:00+00:00,1977.94,2007.63,1977.75,1998.64,105827,0
2023-11-22 00:00:00+00:00,1999.06,2006.42,1986.89,1990.09,98239,0
2023-11-23 00:00:00+00:00,1989.94,1998.59,1989.55,1992.41,46984,0
2023-11-24 00:00:00+00:00,1992.69,2003.7,1991.42,2002.15,64700,0
2023-11-27 00:00:00+00:00,2001.07,2018.06,2000.53,2014.13,94871,0
2023-11-28 00:00:00+00:00,2014.13,2043.07,2011.61,2041.33,102201,0
2023-11-29 00:00:00+00:00,2040.55,2051.99,2035.32,2044.16,112113,0
2023-11-30 00:00:00+00:00,2045.22,2047.21,2031.25,2036.09,94739,0
2023-12-01 00:00:00+00:00,2037.19,2075.39,2033.97,2071.47,118442,0
2023-12-04 00:00:00+00:00,2072.48,2145.77,2020.12,2028.99,170512,0
2023-12-05 00:00:00+00:00,2029.33,2041.22,2009.78,2019.19,130785,0
2023-12-06 00:00:00+00:00,2018.57,2035.9,2017.27,2025.37,109412,0
2023-12-07 00:00:00+00:00,2025.37,2040.0,2020.22,2028.59,117541,0
2023-12-08 00:00:00+00:00,2028.63,2034.0,1994.71,2004.1,132151,0
2023-12-11 00:00:00+00:00,2004.78,2007.84,1975.84,1981.75,104422,0
2023-12-12 00:00:00+00:00,1982.12,1996.77,1977.23,1979.34,100440,0
2023-12-13 00:00:00+00:00,1979.05,2027.48,1973.02,2026.41,115850,0
2023-12-14 00:00:00+00:00,2026.33,2047.97,2024.51,2035.86,159749,0
2023-12-15 00:00:00+00:00,2036.31,2044.92,2015.63,2018.49,124368,0
2023-12-18 00:00:00+00:00,2019.93,2033.69,2015.92,2027.14,84321,0
2023-12-19 00:00:00+00:00,2027.55,2046.99,2021.72,2040.62,92032,0
2023-12-20 00:00:00+00:00,2040.47,2043.5,2027.49,2030.97,90869,0
2023-12-21 00:00:00+00:00,2032.06,2046.01,2031.5,2045.87,94312,0
2023-12-22 00:00:00+00:00,2048.23,2070.7,2046.74,2053.0,112868,0
2023-12-26 00:00:00+00:00,2064.31,2069.04,2054.47,2067.4,35964,0
2023-12-27 00:00:00+00:00,2068.11,2084.55,2061.5,2077.23,80618,0
2023-12-28 00:00:00+00:00,2077.23,2088.47,2064.61,2065.6,95012,0
2023-12-29 00:00:00+00:00,2066.11,2074.76,2058.28,2062.87,90794,0
2024-01-02 00:00:00+00:00,2074.25,2078.96,2055.87,2059.03,90553,0
2024-01-03 00:00:00+00:00,2058.72,2065.97,2030.36,2041.12,135873,0
2024-01-04 00:00:00+00:00,2042.06,2051.04,2036.32,2043.57,100012,0
2024-01-05 00:00:00+00:00,2043.48,2064.0,2024.43,2045.04,142783,0
2024-01-08 00:00:00+00:00,2043.61,2046.59,2016.65,2027.99,122867,0
2024-01-09 00:00:00+00:00,2028.07,2042.02,2026.15,2030.11,115143,0
2024-01-10 00:00:00+00:00,2030.28,2040.25,2020.54,2024.14,120931,0
2024-01-11 00:00:00+00:00,2025.02,2040.41,2013.29,2028.75,151760,0
2024-01-12 00:00:00+00:00,2028.43,2062.28,2028.43,2048.77,142934,0
2024-01-15 00:00:00+00:00,2048.63,2058.64,2045.85,2055.83,65369,0
2024-01-16 00:00:00+00:00,2055.44,2055.53,2024.29,2028.22,147280,0
2024-01-17 00:00:00+00:00,2027.23,2032.97,2001.82,2006.21,125194,0
2024-01-18 00:00:00+00:00,2006.83,2023.26,2005.84,2022.86,101719,0
2024-01-19 00:00:00+00:00,2024.23,2039.44,2020.37,2029.27,94825,0
2024-01-22 00:00:00+00:00,2029.83,2032.13,2016.47,2021.18,98181,0
2024-01-23 00:00:00+00:00,2021.22,2037.93,2019.62,2029.08,102848,0
2024-01-24 00:00:00+00:00,2028.79,2036.71,2011.24,2014.37,114006,0
2024-01-25 00:00:00+00:00,2014.69,2025.39,2008.98,2019.97,107554,0
2024-01-26 00:00:00+00:00,2019.84,2026.85,2015.97,2018.48,84994,0
2024-01-29 00:00:00+00:00,2024.4,2037.6,2019.33,2031.87,97746,0
2024-01-30 00:00:00+00:00,2032.22,2048.64,2029.03,2036.47,96489,0
2024-01-31 00:00:00+00:00,2037.03,2056.03,2030.89,2038.8,141891,0
2024-02-01 00:00:00+00:00,2039.78,2065.53,2030.03,2054.58,141332,0
2024-02-02 00:00:00+00:00,2054.14,2057.67,2027.66,2039.65,115581,0
2024-02-05 00:00:00+00:00,2038.59,2042.22,2014.87,2024.89,197744,0
2024-02-06 00:00:00+00:00,2024.44,2038.91,2022.9,2035.97,164787,0
2024-02-07 00:00:00+00:00,2035.37,2044.6,2030.61,2034.94,152906,0
2024-02-08 00:00:00+00:00,2034.93,2038.76,2020.25,2034.14,165073,0
2024-02-09 00:00:00+00:00,2034.02,2037.25,2020.33,2023.91,139863,0
2024-02-12 00:00:00+00:00,2024.83,2027.68,2011.98,2019.97,131162,0
2024-02-13 00:00:00+00:00,2019.78,2029.92,1990.21,1992.98,166065,0
2024-02-14 00:00:00+00:00,1993.01,1996.16,1984.15,1992.26,150059,0
2024-02-15 00:00:00+00:00,1992.13,2008.32,1990.26,2004.27,148834,0
2024-02-16 00:00:00+00:00,2004.19,2015.2,1995.16,2012.7,152995,0
2024-02-19 00:00:00+00:00,2011.84,2023.0,2010.05,2017.35,82720,0
2024-02-20 00:00:00+00:00,2017.77,2030.91,2015.05,2023.9,141945,0
2024-02-21 00:00:00+00:00,2024.13,2032.32,2020.12,2025.74,149667,0
2024-02-22 00:00:00+00:00,2025.05,2034.91,2019.65,2024.59,156758,0
2024-02-23 00:00:00+00:00,2023.4,2041.39,2016.02,2035.73,155008,0
2024-02-26 00:00:00+00:00,2031.63,2037.12,2025.05,2031.1,139653,0
2024-02-27 00:00:00+00:00,2030.93,2039.52,2028.77,2030.25,125489,0
2024-02-28 00:00:00+00:00,2030.45,2037.94,2024.37,2035.01,127455,0
2024-02-29 00:00:00+00:00,2033.46,2050.7,2028.16,2043.96,147560,0
2024-03-01 00:00:00+00:00,2043.01,2088.38,2039.11,2081.42,178472,0
2024-03-04 00:00:00+00:00,2081.31,2119.92,2079.54,2114.98,180072,0
2024-03-05 00:00:00+00:00,2112.84,2141.98,2110.53,2127.81,213476,0
2024-03-06 00:00:00+00:00,2127.2,2152.29,2123.69,2148.5,218180,0
2024-03-07 00:00:00+00:00,2147.41,2164.81,2144.33,2159.57,218998,0
2024-03-08 00:00:00+00:00,2158.25,2195.25,2154.1,2178.6,236670,0
2024-03-11 00:00:00+00:00,2179.03,2189.07,2174.68,2182.74,191517,0
2024-03-12 00:00:00+00:00,2182.3,2184.82,2150.33,2158.64,217329,0
2024-03-13 00:00:00+00:00,2157.75,2179.91,2155.84,2174.54,186471,0
2024-03-14 00:00:00+00:00,2173.36,2177.09,2152.79,2161.81,197858,0
2024-03-15 00:00:00+00:00,2161.36,2172.84,2155.23,2156.19,176852,0
2024-03-18 00:00:00+00:00,2154.55,2163.7,2146.12,2160.21,175761,0
2024-03-19 00:00:00+00:00,2159.12,2162.89,2147.25,2157.67,191660,0
2024-03-20 00:00:00+00:00,2156.75,2188.88,2149.65,2185.62,210965,0
2024-03-21 00:00:00+00:00,2186.55,2222.85,2166.47,2181.17,279012,0
2024-03-22 00:00:00+00:00,2181.24,2186.13,2157.13,2165.66,229539,0
2024-03-25 00:00:00+00:00,2164.57,2181.39,2163.58,2171.35,194480,0
2024-03-26 00:00:00+00:00,2171.65,2200.12,2167.63,2177.85,185756,0
2024-03-27 00:00:00+00:00,2177.25,2197.63,2172.35,2194.79,187941,0
2024-03-28 00:00:00+00:00,2190.65,2236.28,2187.43,2232.65,244685,0
2024-03-29 00:00:00+00:00,2232.66,2232.67,2232.61,2232.61,11,940
2024-04-01 00:00:00+00:00,2243.47,2265.75,2228.58,2249.81,238108,0
2024-04-02 00:00:00+00:00,2248.84,2281.2,2246.68,2280.18,268481,0
2024-04-03 00:00:00+00:00,2279.04,2300.21,2265.41,2300.19,273265,0
2024-04-04 00:00:00+00:00,2298.92,2305.65,2280.03,2290.51,236503,0
2024-04-05 00:00:00+00:00,2290.27,2330.61,2267.85,2328.14,278110,0
2024-04-08 00:00:00+00:00,2322.03,2353.95,2303.0,2338.55,319562,0
2024-04-09 00:00:00+00:00,2337.9,2365.42,2336.67,2352.99,304771,0
2024-04-10 00:00:00+00:00,2351.27,2360.18,2319.39,2331.87,313739,0
2024-04-11 00:00:00+00:00,2333.31,2377.77,2325.58,2374.71,311530,0
2024-04-12 00:00:00+00:00,2370.58,2431.58,2333.9,2344.88,398668,0
2024-04-15 00:00:00+00:00,2355.54,2387.57,2324.39,2381.41,351248,0
2024-04-16 00:00:00+00:00,2381.71,2398.31,2363.05,2378.77,347294,0
2024-04-17 00:00:00+00:00,2381.35,2395.65,2354.23,2361.33,302801,0
2024-04-18 00:00:00+00:00,2364.53,2392.82,2363.19,2377.04,285594,0
2024-04-19 00:00:00+00:00,2377.79,2417.97,2372.8,2390.32,354226,0
2024-04-22 00:00:00+00:00,2387.77,2388.4,2324.87,2325.71,280117,0
2024-04-23 00:00:00+00:00,2326.67,2334.44,2291.4,2321.5,299620,0
2024-04-24 00:00:00+00:00,2321.55,2337.37,2311.79,2315.0,247072,0
2024-04-25 00:00:00+00:00,2314.88,2344.94,2305.07,2331.2,258653,0
2024-04-26 00:00:00+00:00,2331.08,2352.64,2326.23,2337.33,234180,0
2024-04-29 00:00:00+00:00,2336.1,2346.77,2319.7,2336.28,265225,0
2024-04-30 00:00:00+00:00,2334.7,2336.28,2285.04,2285.53,256569,0
2024-05-01 00:00:00+00:00,2285.93,2328.33,2281.64,2318.27,261305,0
2024-05-02 00:00:00+00:00,2320.05,2326.53,2285.56,2303.09,252423,0
2024-05-03 00:00:00+00:00,2303.04,2320.82,2277.16,2301.12,250825,0
2024-05-06 00:00:00+00:00,2302.99,2332.06,2291.87,2324.36,240282,0
2024-05-07 00:00:00+00:00,2323.5,2330.02,2309.87,2313.73,212544,0
2024-05-08 00:00:00+00:00,2312.67,2321.45,2303.44,2308.72,224403,0
2024-05-09 00:00:00+00:00,2307.28,2347.27,2306.51,2345.1,227614,0
2024-05-10 00:00:00+00:00,2345.82,2378.55,2345.16,2360.69,251214,0
2024-05-13 00:00:00+00:00,2361.35,2364.62,2331.6,2336.54,224220,0
2024-05-14 00:00:00+00:00,2334.76,2359.69,2334.76,2357.83,239061,0
2024-05-15 00:00:00+00:00,2356.63,2390.34,2351.88,2387.17,266069,0
2024-05-16 00:00:00+00:00,2384.85,2397.43,2370.65,2376.14,254982,0
2024-05-17 00:00:00+00:00,2376.16,2422.79,2374.02,2414.27,246555,0
2024-05-20 00:00:00+00:00,2418.01,2450.11,2407.03,2425.11,339070,0
2024-05-21 00:00:00+00:00,2425.64,2433.99,2404.49,2420.76,281133,0
2024-05-22 00:00:00+00:00,2420.21,2426.71,2375.07,2378.12,273322,0
2024-05-23 00:00:00+00:00,2379.35,2383.73,2326.73,2328.66,286165,0
2024-05-24 00:00:00+00:00,2328.05,2347.44,2325.48,2332.97,195459,0
2024-05-27 00:00:00+00:00,2336.05,2358.57,2331.73,2354.57,140127,0
2024-05-28 00:00:00+00:00,2351.37,2364.22,2340.32,2360.65,219516,0
2024-05-29 00:00:00+00:00,2361.68,2361.83,2334.47,2338.1,230005,0
2024-05-30 00:00:00+00:00,2336.43,2351.87,2322.52,2342.66,247520,0
2024-05-31 00:00:00+00:00,2343.4,2359.86,2320.5,2326.49,254343,0
2024-06-03 00:00:00+00:00,2327.81,2354.78,2314.78,2350.95,241275,0
2024-06-04 00:00:00+00:00,2350.87,2352.89,2315.62,2326.86,251655,0
2024-06-05 00:00:00+00:00,2326.25,2357.44,2325.93,2354.87,229260,0
2024-06-06 00:00:00+00:00,2354.36,2378.54,2353.44,2376.0,219172,0
2024-06-07 00:00:00+00:00,2375.58,2387.72,2286.53,2292.83,291542,0
2024-06-10 00:00:00+00:00,2292.29,2313.83,2287.77,2310.52,187992,0
2024-06-11 00:00:00+00:00,2311.53,2320.01,2297.76,2316.42,228772,0
2024-06-12 00:00:00+00:00,2316.72,2341.7,2310.75,2324.28,248241,0
2024-06-13 00:00:00+00:00,2323.95,2326.72,2295.53,2304.07,228924,0
2024-06-14 00:00:00+00:00,2302.51,2336.67,2301.64,2332.49,222534,0
2024-06-17 00:00:00+00:00,2330.64,2332.61,2310.06,2318.76,188500,0
2024-06-18 00:00:00+00:00,2319.62,2333.14,2306.37,2329.31,199359,0
2024-06-19 00:00:00+00:00,2329.66,2335.1,2323.79,2331.01,109436,0
2024-06-20 00:00:00+00:00,2329.25,2365.55,2327.84,2359.25,204007,0
2024-06-21 00:00:00+00:00,2359.55,2368.78,2316.69,2321.15,228661,0
2024-06-24 00:00:00+00:00,2321.52,2334.73,2316.97,2333.73,210213,0
2024-06-25 00:00:00+00:00,2333.76,2337.18,2315.42,2319.35,187204,0
2024-06-26 00:00:00+00:00,2318.11,2323.96,2293.57,2297.74,227897,0
2024-06-27 00:00:00+00:00,2297.63,2331.04,2296.56,2327.97,196728,0
2024-06-28 00:00:00+00:00,2327.01,2339.84,2319.04,2326.34,199502,0
2024-07-01 00:00:00+00:00,2325.18,2338.58,2318.52,2331.76,204549,0
2024-07-02 00:00:00+00:00,2331.18,2336.88,2319.01,2329.86,188110,0
2024-07-03 00:00:00+00:00,2329.07,2364.98,2326.87,2359.06,181981,0
2024-07-04 00:00:00+00:00,2356.2,2362.61,2350.21,2357.71,98859,0
2024-07-05 00:00:00+00:00,2356.62,2392.98,2350.72,2391.02,225576,0
2024-07-08 00:00:00+00:00,2385.41,2391.17,2350.99,2358.43,209232,0
2024-07-09 00:00:00+00:00,2358.58,2371.52,2349.3,2363.79,217241,0
2024-07-10 00:00:00+00:00,2363.32,2386.66,2362.25,2371.55,193108,0
2024-07-11 00:00:00+00:00,2371.2,2424.61,2370.45,2414.35,262909,0
2024-07-12 00:00:00+00:00,2414.98,2418.29,2391.44,2411.46,263934,0
2024-07-15 00:00:00+00:00,2411.59,2439.8,2401.37,2421.75,279311,0
2024-07-16 00:00:00+00:00,2421.13,2469.92,2420.04,2468.87,280081,0
2024-07-17 00:00:00+00:00,2467.65,2483.79,2451.5,2459.23,350993,0
2024-07-18 00:00:00+00:00,2459.36,2474.98,2440.32,2445.39,283980,0
2024-07-19 00:00:00+00:00,2444.45,2445.24,2393.74,2400.47,302395,0
2024-07-22 00:00:00+00:00,2401.19,2412.21,2383.87,2396.0,260003,0
2024-07-23 00:00:00+00:00,2396.01,2412.08,2388.31,2409.84,277002,0
2024-07-24 00:00:00+00:00,2408.38,2432.09,2397.11,2398.65,300269,0
2024-07-25 00:00:00+00:00,2397.04,2401.25,2353.07,2364.49,383568,0
2024-07-26 00:00:00+00:00,2363.35,2390.83,2355.93,2388.26,276623,0
2024-07-29 00:00:00+00:00,2386.61,2403.17,2369.36,2384.08,278487,0
2024-07-30 00:00:00+00:00,2382.83,2412.88,2376.51,2410.53,288881,0
2024-07-31 00:00:00+00:00,2409.68,2451.05,2404.01,2446.32,315660,0
2024-08-01 00:00:00+00:00,2447.68,2462.35,2430.25,2446.37,373323,0
2024-08-02 00:00:00+00:00,2445.58,2477.61,2410.77,2441.37,395448,0
2024-08-05 00:00:00+00:00,2444.04,2458.87,2363.94,2409.41,518987,0
2024-08-06 00:00:00+00:00,2409.19,2418.39,2381.24,2388.07,396826,0
2024-08-07 00:00:00+00:00,2388.55,2407.13,2378.8,2382.41,286976,0
2024-08-08 00:00:00+00:00,2381.15,2427.66,2380.45,2427.17,304075,0
2024-08-09 00:00:00+00:00,2426.02,2437.1,2416.88,2430.9,280303,0
2024-08-12 00:00:00+00:00,2428.13,2472.25,2423.91,2472.14,238246,0
2024-08-13 00:00:00+00:00,2470.76,2477.05,2458.54,2465.49,245340,0
2024-08-14 00:00:00+00:00,2466.59,2480.02,2438.13,2447.74,276745,0
2024-08-15 00:00:00+00:00,2446.93,2470.16,2432.23,2456.27,260688,0
2024-08-16 00:00:00+00:00,2455.0,2509.76,2450.8,2506.9,259459,0
2024-08-19 00:00:00+00:00,2508.53,2509.5,2485.37,2504.39,266007,0
2024-08-20 00:00:00+00:00,2502.82,2531.79,2497.39,2514.01,277787,0
2024-08-21 00:00:00+00:00,2513.09,2519.97,2493.17,2511.39,259118,0
2024-08-22 00:00:00+00:00,2510.83,2514.73,2470.84,2484.29,260248,0
2024-08-23 00:00:00+00:00,2483.35,2518.35,2483.35,2511.26,264526,0
2024-08-26 00:00:00+00:00,2510.9,2527.0,2508.71,2518.04,246173,0
2024-08-27 00:00:00+00:00,2517.19,2526.04,2503.53,2524.3,242095,0
2024-08-28 00:00:00+00:00,2524.26,2529.16,2493.62,2504.52,266481,0
2024-08-29 00:00:00+00:00,2504.15,2528.74,2503.51,2521.83,256936,0
2024-08-30 00:00:00+00:00,2519.72,2526.91,2494.08,2503.28,268337,0
2024-09-02 00:00:00+00:00,2501.95,2507.34,2490.01,2501.01,144686,0
2024-09-03 00:00:00+00:00,2499.71,2506.29,2473.25,2492.75,292706,0
2024-09-04 00:00:00+00:00,2491.56,2500.37,2471.92,2496.56,258885,0
2024-09-05 00:00:00+00:00,2494.53,2523.61,2493.47,2516.37,273534,0
2024-09-06 00:00:00+00:00,2515.75,2529.29,2484.61,2496.23,340390,0
2024-09-09 00:00:00+00:00,2496.92,2507.24,2485.61,2505.81,310427,0
2024-09-10 00:00:00+00:00,2505.23,2518.49,2500.17,2516.8,277464,0
2024-09-11 00:00:00+00:00,2515.17,2529.06,2500.71,2512.35,324095,0
2024-09-12 00:00:00+00:00,2511.17,2560.19,2510.73,2559.06,305562,0
2024-09-13 00:00:00+00:00,2557.35,2586.17,2556.8,2578.51,306744,0
2024-09-16 00:00:00+00:00,2578.86,2589.69,2575.1,2583.22,249255,0
2024-09-17 00:00:00+00:00,2581.34,2587.05,2560.7,2570.16,279140,0
2024-09-18 00:00:00+00:00,2568.1,2600.16,2546.41,2558.25,337969,0
2024-09-19 00:00:00+00:00,2557.75,2595.0,2550.63,2586.17,364757,0
2024-09-20 00:00:00+00:00,2585.66,2625.82,2584.7,2621.67,317436,0
2024-09-23 00:00:00+00:00,2620.23,2634.89,2613.75,2628.38,289172,0
2024-09-24 00:00:00+00:00,2627.35,2664.42,2622.64,2656.93,357495,0
2024-09-25 00:00:00+00:00,2657.0,2670.6,2649.68,2656.57,332452,0
2024-09-26 00:00:00+00:00,2656.43,2685.68,2654.71,2672.22,360577,0
2024-09-27 00:00:00+00:00,2671.15,2674.31,2643.08,2658.19,366663,0
2024-09-30 00:00:00+00:00,2656.94,2666.16,2624.71,2634.65,340614,0
2024-10-01 00:00:00+00:00,2632.98,2673.18,2632.33,2663.18,318956,0
2024-10-02 00:00:00+00:00,2661.77,2663.39,2641.12,2658.97,313558,0
2024-10-03 00:00:00+00:00,2657.38,2663.04,2635.9,2656.07,338006,0
2024-10-04 00:00:00+00:00,2655.67,2670.25,2632.01,2652.84,337804,0
2024-10-07 00:00:00+00:00,2649.97,2659.7,2637.79,2643.01,330566,0
2024-10-08 00:00:00+00:00,2641.84,2653.08,2604.78,2621.76,423519,0
2024-10-09 00:00:00+00:00,2620.54,2624.44,2604.72,2608.31,343593,0
2024-10-10 00:00:00+00:00,2606.23,2631.58,2605.91,2629.49,354610,0
2024-10-11 00:00:00+00:00,2629.35,2661.47,2628.05,2656.58,297679,0
2024-10-14 00:00:00+00:00,2655.18,2666.88,2643.19,2647.91,289328,0
2024-10-15 00:00:00+00:00,2646.12,2669.03,2637.92,2662.57,336708,0
2024-10-16 00:00:00+00:00,2661.59,2685.61,2658.78,2673.59,316432,0
2024-10-17 00:00:00+00:00,2673.5,2696.9,2673.11,2692.88,353933,0
2024-10-18 00:00:00+00:00,2692.05,2722.66,2691.7,2722.43,350737,0
2024-10-21 00:00:00+00:00,2720.35,2740.66,2714.27,2719.53,390710,0
2024-10-22 00:00:00+00:00,2718.58,2748.93,2718.36,2748.65,340217,0
2024-10-23 00:00:00+00:00,2746.9,2758.56,2708.69,2716.13,378132,0
2024-10-24 00:00:00+00:00,2714.4,2743.28,2714.4,2735.95,361455,0
2024-10-25 00:00:00+00:00,2735.31,2747.72,2717.0,2746.33,323415,0
2024-10-28 00:00:00+00:00,2734.06,2745.99,2724.75,2742.49,311995,0
2024-10-29 00:00:00+00:00,2739.83,2774.82,2739.83,2774.0,368877,0
2024-10-30 00:00:00+00:00,2772.85,2790.11,2770.83,2786.81,362869,0
2024-10-31 00:00:00+00:00,2786.84,2790.16,2731.58,2743.62,358720,0
2024-11-01 00:00:00+00:00,2742.9,2762.3,2733.2,2735.34,394216,0
2024-11-04 00:00:00+00:00,2735.36,2748.22,2729.37,2736.61,378003,0
2024-11-05 00:00:00+00:00,2735.61,2749.95,2724.74,2743.82,331388,0
2024-11-06 00:00:00+00:00,2741.22,2749.76,2652.41,2659.51,556484,0
2024-11-07 00:00:00+00:00,2659.29,2710.26,2643.34,2707.9,432389,0
2024-11-08 00:00:00+00:00,2705.23,2710.44,2680.37,2684.16,370870,0
2024-11-11 00:00:00+00:00,2684.5,2686.28,2610.65,2619.74,375498,0
2024-11-12 00:00:00+00:00,2618.3,2627.22,2589.69,2598.31,405447,0
2024-11-13 00:00:00+00:00,2597.16,2618.92,2572.98,2573.39,394087,0
2024-11-14 00:00:00+00:00,2572.23,2581.36,2536.74,2565.56,463132,0
2024-11-15 00:00:00+00:00,2564.05,2576.09,2554.46,2561.53,409006,0
2024-11-18 00:00:00+00:00,2562.15,2615.12,2562.07,2612.26,366519,0
2024-11-19 00:00:00+00:00,2611.06,2639.47,2610.25,2632.69,373868,0
2024-11-20 00:00:00+00:00,2631.02,2655.41,2618.91,2649.42,354189,0
2024-11-21 00:00:00+00:00,2650.23,2673.56,2648.88,2669.75,350900,0
2024-11-22 00:00:00+00:00,2668.65,2715.35,2668.23,2713.85,415917,0
2024-11-25 00:00:00+00:00,2714.93,2721.45,2615.61,2625.78,418047,0
2024-11-26 00:00:00+00:00,2624.25,2642.02,2604.9,2632.28,398835,0
2024-11-27 00:00:00+00:00,2630.37,2658.28,2627.06,2635.44,323058,0
2024-11-28 00:00:00+00:00,2634.75,2649.64,2620.88,2641.34,197985,0
2024-11-29 00:00:00+00:00,2636.4,2666.43,2634.06,2659.42,301003,0
2024-12-02 00:00:00+00:00,2651.2,2652.0,2621.91,2638.51,426316,0
2024-12-03 00:00:00+00:00,2638.0,2655.61,2634.17,2643.81,355660,0
2024-12-04 00:00:00+00:00,2642.35,2657.07,2632.36,2649.9,359510,0
2024-12-05 00:00:00+00:00,2648.88,2655.62,2623.55,2632.29,325867,0
2024-12-06 00:00:00+00:00,2631.51,2645.77,2612.29,2632.87,356740,0
2024-12-09 00:00:00+00:00,2634.93,2676.43,2627.57,2659.7,391111,0
2024-12-10 00:00:00+00:00,2660.19,2695.53,2657.99,2693.62,357452,0
2024-12-11 00:00:00+00:00,2693.27,2721.26,2674.51,2717.67,478008,0
2024-12-12 00:00:00+00:00,2717.05,2726.35,2675.05,2681.28,282028,0
2024-12-13 00:00:00+00:00,2679.62,2692.78,2645.72,2648.97,175712,0
2024-12-16 00:00:00+00:00,2649.49,2664.49,2643.29,2652.47,179478,0
2024-12-17 00:00:00+00:00,2652.39,2658.59,2633.09,2645.4,148537,0
2024-12-18 00:00:00+00:00,2644.45,2651.88,2584.29,2584.75,175537,0
2024-12-19 00:00:00+00:00,2583.8,2626.48,2582.32,2593.81,202990,0
2024-12-20 00:00:00+00:00,2590.4,2632.05,2589.7,2622.65,169308,0
2024-12-23 00:00:00+00:00,2620.86,2633.39,2608.19,2612.96,130771,0
2024-12-24 00:00:00+00:00,2611.81,2621.53,2609.76,2617.8,77432,0
2024-12-26 00:00:00+00:00,2625.41,2639.19,2621.7,2633.62,73621,0
2024-12-27 00:00:00+00:00,2625.45,2638.39,2611.66,2621.19,118114,0
2024-12-30 00:00:00+00:00,2619.31,2628.19,2596.2,2606.04,125590,0
2024-12-31 00:00:00+00:00,2604.69,2627.46,2602.58,2624.29,89512,0
2025-01-02 00:00:00+00:00,2636.01,2660.5,2631.14,2657.33,108029,0
2025-01-03 00:00:00+00:00,2656.8,2665.39,2636.57,2639.79,131321,0
2025-01-06 00:00:00+00:00,2638.5,2649.57,2614.53,2635.7,184480,0
2025-01-07 00:00:00+00:00,2634.52,2664.42,2632.93,2648.22,150948,0
2025-01-08 00:00:00+00:00,2647.31,2669.89,2645.28,2661.62,148783,0
2025-01-09 00:00:00+00:00,2662.18,2678.5,2655.54,2670.35,114593,0
2025-01-10 00:00:00+00:00,2669.02,2697.91,2663.72,2689.45,191076,0
2025-01-13 00:00:00+00:00,2688.95,2693.26,2656.85,2663.51,195657,0
2025-01-14 00:00:00+00:00,2662.71,2678.24,2659.84,2677.64,184807,0
2025-01-15 00:00:00+00:00,2677.15,2697.45,2669.36,2696.34,183464,0
2025-01-16 00:00:00+00:00,2695.65,2724.7,2689.82,2714.22,197882,0
2025-01-17 00:00:00+00:00,2713.21,2717.56,2698.51,2702.29,188626,0
2025-01-20 00:00:00+00:00,2701.38,2713.85,2689.3,2707.82,167319,0
2025-01-21 00:00:00+00:00,2705.41,2746.01,2702.8,2745.22,217076,0
2025-01-22 00:00:00+00:00,2741.78,2763.43,2741.78,2756.24,261124,0
2025-01-23 00:00:00+00:00,2754.36,2759.11,2735.64,2754.35,363385,0
2025-01-24 00:00:00+00:00,2752.95,2786.06,2752.48,2771.39,361294,0
2025-01-27 00:00:00+00:00,2770.41,2772.67,2730.43,2741.04,404742,0
2025-01-28 00:00:00+00:00,2738.81,2765.17,2734.66,2763.46,299464,0
2025-01-29 00:00:00+00:00,2761.66,2766.27,2744.76,2759.17,313804,0
2025-01-30 00:00:00+00:00,2757.04,2798.56,2757.04,2794.38,323297,0
2025-01-31 00:00:00+00:00,2793.46,2817.33,2791.05,2800.64,376390,0
2025-02-03 00:00:00+00:00,2798.55,2830.47,2772.15,2813.44,457709,0
2025-02-04 00:00:00+00:00,2813.19,2845.54,2807.18,2841.92,390290,0
2025-02-05 00:00:00+00:00,2841.52,2882.64,2839.64,2866.35,353957,0
2025-02-06 00:00:00+00:00,2865.45,2873.4,2834.11,2856.89,351246,0
2025-02-07 00:00:00+00:00,2854.37,2886.75,2852.28,2861.74,311894,0
2025-02-10 00:00:00+00:00,2857.28,2911.84,2856.61,2907.7,316329,0
2025-02-11 00:00:00+00:00,2906.49,2942.67,2881.81,2899.22,401507,0
2025-02-12 00:00:00+00:00,2895.87,2909.28,2863.67,2904.08,316171,0
2025-02-13 00:00:00+00:00,2903.48,2929.56,2900.6,2928.91,290816,0
2025-02-14 00:00:00+00:00,2924.41,2940.11,2877.01,2882.92,360130,0
2025-02-17 00:00:00+00:00,2882.83,2906.5,2877.62,2898.62,223920,0
2025-02-18 00:00:00+00:00,2898.73,2937.1,2892.01,2935.95,215143,0
2025-02-19 00:00:00+00:00,2933.24,2947.14,2918.58,2933.25,276712,0
2025-02-20 00:00:00+00:00,2931.71,2955.02,2924.23,2939.71,262472,0
2025-02-21 00:00:00+00:00,2937.9,2949.64,2916.75,2936.36,269913,0
2025-02-24 00:00:00+00:00,2934.11,2956.39,2921.3,2952.16,267369,0
2025-02-25 00:00:00+00:00,2951.4,2953.66,2888.09,2915.6,322131,0
2025-02-26 00:00:00+00:00,2913.74,2930.21,2890.65,2916.48,241386,0
2025-02-27 00:00:00+00:00,2915.35,2920.84,2867.73,2876.89,323226,0
2025-02-28 00:00:00+00:00,2877.11,2885.1,2832.57,2859.19,337255,0
2025-03-03 00:00:00+00:00,2855.88,2895.33,2855.58,2893.3,298221,0
2025-03-04 00:00:00+00:00,2890.39,2927.93,2881.99,2917.01,287463,0
2025-03-05 00:00:00+00:00,2916.55,2929.95,2892.83,2919.34,349602,0
2025-03-06 00:00:00+00:00,2917.2,2926.61,2891.24,2911.68,301009,0
2025-03-07 00:00:00+00:00,2910.95,2930.56,2894.8,2912.18,361002,0
2025-03-10 00:00:00+00:00,2912.08,2918.33,2880.26,2887.97,343005,0
2025-03-11 00:00:00+00:00,2887.66,2922.21,2880.28,2915.54,255887,0
2025-03-12 00:00:00+00:00,2913.46,2940.64,2906.04,2932.8,289907,0
2025-03-13 00:00:00+00:00,2932.21,2988.64,2932.21,2988.16,274978,0
2025-03-14 00:00:00+00:00,2988.13,3004.93,2978.5,2988.15,286815,0
2025-03-17 00:00:00+00:00,2984.18,3002.05,2982.26,3000.96,189686,0
2025-03-18 00:00:00+00:00,3000.36,3038.35,2999.55,3034.7,240194,0
2025-03-19 00:00:00+00:00,3033.52,3051.98,3022.82,3047.1,230669,0
2025-03-20 00:00:00+00:00,3046.95,3057.5,3025.64,3044.65,277158,0
2025-03-21 00:00:00+00:00,3044.26,3047.45,2999.55,3023.15,247978,0
2025-03-24 00:00:00+00:00,3020.71,3033.33,3002.49,3012.71,276242,0
2025-03-25 00:00:00+00:00,3010.6,3036.02,3007.55,3019.95,211645,0
2025-03-26 00:00:00+00:00,3019.06,3032.12,3012.46,3019.44,220730,0
2025-03-27 00:00:00+00:00,3018.09,3059.9,3017.66,3057.0,287808,0
2025-03-28 00:00:00+00:00,3055.94,3086.86,3054.2,3084.1,287637,0
2025-03-31 00:00:00+00:00,3085.48,3128.17,3076.72,3124.04,323038,0
2025-04-01 00:00:00+00:00,3122.64,3149.1,3100.86,3113.97,312914,0
2025-04-02 00:00:00+00:00,3113.5,3137.17,3104.67,3130.75,284190,0
2025-04-03 00:00:00+00:00,3139.43,3167.81,3053.98,3114.38,482476,0
2025-04-04 00:00:00+00:00,3113.28,3136.57,3015.52,3037.14,447981,0
2025-04-07 00:00:00+00:00,3035.28,3055.56,2956.14,2982.61,540422,0
2025-04-08 00:00:00+00:00,2980.35,3022.8,2974.67,2982.64,276551,0
2025-04-09 00:00:00+00:00,2983.38,3099.64,2970.17,3079.93,301107,0
2025-04-10 00:00:00+00:00,3083.54,3176.49,3071.49,3174.9,266553,0
2025-04-11 00:00:00+00:00,3175.71,3245.38,3175.65,3238.0,299278,0
2025-04-14 00:00:00+00:00,3229.92,3245.71,3193.73,3211.05,234612,0
2025-04-15 00:00:00+00:00,3210.95,3233.63,3210.11,3230.35,169718,0
2025-04-16 00:00:00+00:00,3231.08,3342.49,3230.06,3341.59,247625,0
2025-04-17 00:00:00+00:00,3342.8,3357.73,3283.88,3327.97,248611,0
2025-04-21 00:00:00+00:00,3333.15,3430.52,3329.21,3426.33,244095,0
2025-04-22 00:00:00+00:00,3424.03,3500.05,3366.79,3382.0,311865,0
2025-04-23 00:00:00+00:00,3329.36,3386.61,3260.05,3289.46,304082,0
2025-04-24 00:00:00+00:00,3288.62,3367.43,3288.58,3349.56,239683,0
2025-04-25 00:00:00+00:00,3350.43,3370.77,3265.14,3316.4,244995,0
2025-04-28 00:00:00+00:00,3324.97,3353.04,3268.34,3342.93,222671,0
2025-04-29 00:00:00+00:00,3344.64,3348.59,3299.76,3317.26,210014,0
2025-04-30 00:00:00+00:00,3314.26,3328.06,3267.07,3289.2,222729,0
2025-05-01 00:00:00+00:00,3287.65,3290.13,3202.01,3235.67,223050,0
2025-05-02 00:00:00+00:00,3238.94,3269.32,3222.89,3240.77,226800,0
2025-05-05 00:00:00+00:00,3238.31,3337.57,3237.63,3333.27,213033,0
2025-05-06 00:00:00+00:00,3336.35,3434.78,3323.26,3434.72,247220,0
2025-05-07 00:00:00+00:00,3438.95,3438.95,3360.29,3365.86,266060,0
2025-05-08 00:00:00+00:00,3365.92,3414.82,3288.84,3305.67,260974,0
2025-05-09 00:00:00+00:00,3304.69,3347.55,3274.8,3325.55,233351,0
2025-05-12 00:00:00+00:00,3321.4,3321.52,3207.82,3234.25,292699,0
2025-05-13 00:00:00+00:00,3236.18,3265.64,3216.05,3252.01,218591,0
2025-05-14 00:00:00+00:00,3249.46,3257.12,3168.13,3179.52,246448,0
2025-05-15 00:00:00+00:00,3177.8,3239.9,3120.73,3239.54,238782,0
2025-05-16 00:00:00+00:00,3239.95,3252.17,3154.36,3201.21,231914,0
2025-05-19 00:00:00+00:00,3219.04,3249.77,3206.79,3230.68,207937,0
2025-05-20 00:00:00+00:00,3229.43,3295.76,3204.67,3290.01,210951,0
2025-05-21 00:00:00+00:00,3289.51,3324.88,3285.62,3314.49,232864,0
2025-05-22 00:00:00+00:00,3314.93,3345.44,3279.39,3295.16,239694,0
2025-05-23 00:00:00+00:00,3294.73,3365.91,3287.09,3360.27,256406,0
2025-05-26 00:00:00+00:00,3356.05,3356.81,3323.61,3342.21,145442,0
2025-05-27 00:00:00+00:00,3342.65,3349.97,3285.14,3300.64,226170,0
2025-05-28 00:00:00+00:00,3301.17,3325.55,3276.4,3287.37,208844,0
2025-05-29 00:00:00+00:00,3286.54,3331.24,3245.55,3318.27,264213,0
2025-05-30 00:00:00+00:00,3317.56,3322.75,3271.56,3291.13,242428,0
2025-06-02 00:00:00+00:00,3298.35,3382.93,3295.57,3382.53,219510,0
2025-06-03 00:00:00+00:00,3383.71,3392.27,3333.18,3354.12,210524,0
2025-06-04 00:00:00+00:00,3353.25,3384.7,3343.79,3372.73,199449,0
2025-06-05 00:00:00+00:00,3373.55,3403.51,3339.52,3354.5,247396,0
2025-06-06 00:00:00+00:00,3353.65,3375.64,3307.18,3312.13,235007,0
2025-06-09 00:00:00+00:00,3312.17,3338.23,3293.61,3326.3,193395,0
2025-06-10 00:00:00+00:00,3324.79,3349.11,3302.01,3322.7,203798,0
2025-06-11 00:00:00+00:00,3323.31,3360.78,3315.62,3353.31,219970,0
2025-06-12 00:00:00+00:00,3356.96,3399.08,3338.58,3386.67,243209,0
2025-06-13 00:00:00+00:00,3385.55,3446.87,3379.71,3432.88,279737,0
2025-06-16 00:00:00+00:00,3451.54,3452.74,3382.76,3384.57,225622,0
2025-06-17 00:00:00+00:00,3385.35,3403.27,3366.19,3388.16,218425,0
2025-06-18 00:00:00+00:00,3390.42,3400.05,3362.61,3368.52,200606,0
2025-06-19 00:00:00+00:00,3369.18,3387.99,3347.61,3368.72,152699,0
2025-06-20 00:00:00+00:00,3368.95,3374.55,3340.4,3369.01,172141,0
2025-06-23 00:00:00+00:00,3391.49,3396.61,3347.09,3368.82,211786,0
2025-06-24 00:00:00+00:00,3367.91,3369.94,3295.34,3322.86,217506,0
2025-06-25 00:00:00+00:00,3324.32,3337.11,3312.04,3332.67,146604,0
2025-06-26 00:00:00+00:00,3337.94,3350.38,3310.05,3328.67,174170,0
2025-06-27 00:00:00+00:00,3327.13,3328.24,3255.83,3274.56,214685,0
2025-06-30 00:00:00+00:00,3271.64,3309.47,3247.92,3303.22,180659,0
2025-07-01 00:00:00+00:00,3304.1,3357.97,3302.46,3339.22,180265,0
2025-07-02 00:00:00+00:00,3338.6,3360.15,3327.67,3357.16,161285,0
2025-07-03 00:00:00+00:00,3357.06,3365.8,3311.64,3332.48,150727,0
2025-07-04 00:00:00+00:00,3327.07,3345.13,3323.7,3335.52,98932,0
2025-07-07 00:00:00+00:00,3333.74,3342.77,3296.44,3337.58,195359,0
2025-07-08 00:00:00+00:00,3338.43,3345.8,3287.14,3300.6,187766,0
2025-07-09 00:00:00+00:00,3302.35,3316.85,3282.77,3313.96,174756,0
2025-07-10 00:00:00+00:00,3314.35,3330.32,3310.13,3323.96,158170,0
2025-07-11 00:00:00+00:00,3323.24,3368.82,3321.85,3357.71,227957,0
2025-07-14 00:00:00+00:00,3363.93,3375.04,3341.1,3342.66,212362,0
2025-07-15 00:00:00+00:00,3341.83,3366.43,3320.29,3324.94,183758,0
2025-07-16 00:00:00+00:00,3323.47,3377.59,3319.63,3347.05,204478,0
2025-07-17 00:00:00+00:00,3347.64,3352.25,3309.94,3338.18,174706,0
2025-07-18 00:00:00+00:00,3340.95,3361.3,3331.84,3350.89,153985,0
2025-07-21 00:00:00+00:00,3349.75,3401.64,3345.08,3397.45,178226,0
2025-07-22 00:00:00+00:00,3396.35,3433.57,3383.35,3429.64,197148,0
2025-07-23 00:00:00+00:00,3431.62,3438.83,3381.49,3388.16,206140,0
2025-07-24 00:00:00+00:00,3388.16,3393.39,3351.45,3367.54,175198,0
2025-07-25 00:00:00+00:00,3368.95,3373.61,3325.07,3336.74,150586,0
2025-07-28 00:00:00+00:00,3317.62,3345.29,3301.85,3314.84,164372,0
2025-07-29 00:00:00+00:00,3314.77,3334.18,3307.97,3325.57,166696,0
2025-07-30 00:00:00+00:00,3326.75,3334.09,3268.2,3275.93,187435,0
2025-07-31 00:00:00+00:00,3275.4,3314.85,3274.13,3290.73,181036,0
2025-08-01 00:00:00+00:00,3290.07,3363.49,3281.63,3363.31,201339,0
2025-08-04 00:00:00+00:00,3363.94,3385.41,3345.13,3374.09,158011,0
2025-08-05 00:00:00+00:00,3374.69,3390.44,3350.04,3380.52,142220,0
2025-08-06 00:00:00+00:00,3380.17,3385.53,3358.25,3368.53,142366,0
2025-08-07 00:00:00+00:00,3367.87,3401.86,3365.37,3395.9,264784,0
2025-08-08 00:00:00+00:00,3404.3,3408.92,3376.46,3397.22,360934,0
2025-08-11 00:00:00+00:00,3397.15,3405.21,3341.42,3342.33,233439,0
2025-08-12 00:00:00+00:00,3343.83,3359.13,3331.18,3348.35,194448,0
2025-08-13 00:00:00+00:00,3347.05,3370.83,3342.79,3355.98,140155,0
2025-08-14 00:00:00+00:00,3356.11,3375.1,3329.88,3334.8,179224,0
2025-08-15 00:00:00+00:00,3336.14,3348.72,3332.28,3336.12,143146,0
2025-08-18 00:00:00+00:00,3336.3,3358.44,3323.64,3332.95,136680,0
2025-08-19 00:00:00+00:00,3332.95,3345.34,3314.96,3315.65,144695,0
2025-08-20 00:00:00+00:00,3315.44,3350.29,3311.59,3347.93,138558,0
2025-08-21 00:00:00+00:00,3349.92,3352.1,3325.24,3338.51,134795,0
2025-08-22 00:00:00+00:00,3338.36,3378.87,3321.5,3371.91,144911,0
2025-08-25 00:00:00+00:00,3369.95,3376.29,3359.88,3365.82,107096,0
2025-08-26 00:00:00+00:00,3365.7,3393.36,3351.34,3393.03,182852,0
2025-08-27 00:00:00+00:00,3392.75,3398.91,3373.86,3397.45,148930,0
2025-08-28 00:00:00+00:00,3399.01,3423.22,3384.67,3417.4,162602,0
2025-08-29 00:00:00+00:00,3417.65,3453.92,3404.44,3448.22,183472,0
2025-09-01 00:00:00+00:00,3448.35,3489.96,3437.19,3476.38,187679,0
2025-09-02 00:00:00+00:00,3477.12,3540.23,3470.35,3534.4,300502,0
2025-09-03 00:00:00+00:00,3532.95,3578.52,3526.39,3560.67,271058,0
2025-09-04 00:00:00+00:00,3559.94,3564.27,3511.51,3545.48,275833,0
2025-09-05 00:00:00+00:00,3545.49,3600.15,3539.86,3587.44,271972,0
2025-09-08 00:00:00+00:00,3580.95,3646.4,3578.65,3636.83,277546,0
2025-09-09 00:00:00+00:00,3635.37,3674.62,3626.73,3627.69,292427,0
2025-09-10 00:00:00+00:00,3620.05,3657.57,3618.22,3641.0,249580,0
2025-09-11 00:00:00+00:00,3641.94,3649.14,3612.88,3633.69,241077,0
2025-09-12 00:00:00+00:00,3632.95,3656.67,3630.62,3643.48,215066,0
2025-09-15 00:00:00+00:00,3641.75,3685.6,3626.75,3680.55,229980,0
2025-09-16 00:00:00+00:00,3679.38,3703.19,3674.75,3690.31,255903,0
2025-09-17 00:00:00+00:00,3689.75,3707.44,3646.16,3659.02,315652,0
2025-09-18 00:00:00+00:00,3660.36,3673.0,3627.84,3644.35,291265,0
2025-09-19 00:00:00+00:00,3643.49,3685.24,3632.23,3684.98,238968,0
2025-09-22 00:00:00+00:00,3685.75,3748.81,3683.76,3747.06,257089,0
2025-09-23 00:00:00+00:00,3746.15,3791.22,3736.93,3763.63,310635,0
2025-09-24 00:00:00+00:00,3764.47,3779.26,3717.55,3736.76,271818,0
2025-09-25 00:00:00+00:00,3737.0,3761.68,3721.91,3751.37,295012,0
2025-09-26 00:00:00+00:00,3749.73,3783.89,3734.58,3761.27,279741,0
2025-09-29 00:00:00+00:00,3758.75,3833.62,3755.54,3832.92,334160,0
2025-09-30 00:00:00+00:00,3833.35,3871.7,3793.25,3859.72,337117,0
2025-10-01 00:00:00+00:00,3859.14,3895.46,3853.42,3864.03,315103,0
2025-10-02 00:00:00+00:00,3865.55,3897.2,3819.31,3855.48,299328,0
2025-10-03 00:00:00+00:00,3854.78,3891.63,3838.14,3886.77,288177,0
2025-10-06 00:00:00+00:00,3887.25,3969.92,3884.25,3961.37,368740,0
2025-10-07 00:00:00+00:00,3959.75,3991.05,3940.95,3986.43,356154,0
2025-10-08 00:00:00+00:00,3983.77,4059.29,3983.2,4041.3,353072,0
2025-10-09 00:00:00+00:00,4036.65,4058.02,3944.42,3976.13,444806,0
2025-10-10 00:00:00+00:00,3974.27,4022.62,3946.84,4018.94,457669,0
2025-10-13 00:00:00+00:00,4007.34,4117.07,3993.03,4112.19,383849,0
2025-10-14 00:00:00+00:00,4110.47,4179.7,4090.63,4144.65,458724,0
2025-10-15 00:00:00+00:00,4142.05,4218.19,4140.68,4207.23,363625,0
2025-10-16 00:00:00+00:00,4209.08,4330.44,4199.68,4329.41,389118,0
2025-10-17 00:00:00+00:00,4331.02,4379.64,4186.35,4247.3,560139,0
2025-10-20 00:00:00+00:00,4246.09,4381.63,4219.11,4356.45,425496,0
2025-10-21 00:00:00+00:00,4354.49,4375.46,4080.33,4125.8,505711,0
2025-10-22 00:00:00+00:00,4123.92,4161.29,4004.26,4100.48,487841,0
2025-10-23 00:00:00+00:00,4094.91,4154.74,4065.8,4121.73,394265,0
2025-10-24 00:00:00+00:00,4127.81,4144.2,4043.96,4113.09,367588,0
2025-10-27 00:00:00+00:00,4102.57,4109.24,3971.34,3980.21,417447,0
2025-10-28 00:00:00+00:00,3983.95,4019.8,3886.67,3950.1,396964,0
2025-10-29 00:00:00+00:00,3954.97,4030.37,3915.21,3929.54,415868,0
2025-10-30 00:00:00+00:00,3930.41,4027.64,3915.17,4024.79,414340,0
2025-10-31 00:00:00+00:00,4024.32,4046.38,3972.51,4003.59,387036,0
2025-11-03 00:00:00+00:00,3980.68,4030.86,3962.43,4001.79,361766,0
2025-11-04 00:00:00+00:00,4001.72,4005.84,3928.81,3933.17,376560,0
2025-11-05 00:00:00+00:00,3932.01,3990.58,3928.94,3979.33,316026,0
2025-11-06 00:00:00+00:00,3979.48,4019.62,3964.7,3977.3,322363,0
2025-11-07 00:00:00+00:00,3976.38,4027.81,3974.3,4001.5,298748,0
2025-11-10 00:00:00+00:00,4000.46,4116.71,3997.94,4116.14,332631,0
2025-11-11 00:00:00+00:00,4115.5,4148.74,4097.19,4126.92,317017,0
2025-11-12 00:00:00+00:00,4125.98,4211.93,4099.06,4196.53,395882,0
2025-11-13 00:00:00+00:00,4202.04,4245.42,4145.35,4171.57,430510,0
2025-11-14 00:00:00+00:00,4170.41,4211.75,4032.14,4085.16,454055,0
2025-11-17 00:00:00+00:00,4085.61,4106.9,4007.04,4045.05,392714,0
2025-11-18 00:00:00+00:00,4043.93,4082.37,3998.31,4067.24,410742,0
2025-11-19 00:00:00+00:00,4067.51,4132.61,4055.53,4077.72,412132,0
2025-11-20 00:00:00+00:00,4079.67,4110.49,4038.64,4078.33,457426,0
2025-11-21 00:00:00+00:00,4075.23,4101.37,4022.2,4066.14,476385,0
2025-11-24 00:00:00+00:00,4071.92,4140.02,4039.59,4137.69,358192,0
2025-11-25 00:00:00+00:00,4134.36,4159.39,4108.66,4131.05,379283,0
2025-11-26 00:00:00+00:00,4131.18,4173.67,4129.85,4164.4,333243,0
2025-11-27 00:00:00+00:00,4165.67,4168.97,4142.65,4157.79,220987,0
2025-11-28 00:00:00+00:00,4157.19,4217.33,4154.51,4216.68,204100,0
2025-12-01 00:00:00+00:00,4223.05,4264.7,4206.11,4233.12,482338,0
2025-12-02 00:00:00+00:00,4230.7,4236.12,4163.18,4206.8,403719,0
2025-12-03 00:00:00+00:00,4207.2,4241.69,4194.62,4203.55,407735,0
2025-12-04 00:00:00+00:00,4203.19,4219.43,4174.98,4209.71,408729,0
2025-12-05 00:00:00+00:00,4207.2,4258.95,4191.9,4196.4,369142,0
2025-12-08 00:00:00+00:00,4199.31,4218.89,4176.24,4189.49,361753,0
2025-12-09 00:00:00+00:00,4191.09,4221.55,4170.24,4208.52,380490,0
2025-12-10 00:00:00+00:00,4208.28,4238.44,4181.73,4227.82,402048,0
2025-12-11 00:00:00+00:00,4229.65,4286.02,4204.37,4282.39,400447,0
2025-12-12 00:00:00+00:00,4278.68,4353.65,4256.58,4300.58,446101,0
2025-12-15 00:00:00+00:00,4299.2,4350.37,4285.1,4304.46,388698,0
2025-12-16 00:00:00+00:00,4305.26,4335.03,4271.87,4302.44,407802,0
2025-12-17 00:00:00+00:00,4301.91,4349.31,4301.75,4339.36,408915,0
2025-12-18 00:00:00+00:00,4339.85,4374.45,4308.85,4332.95,399428,0
2025-12-19 00:00:00+00:00,4331.9,4356.58,4309.24,4338.66,333658,0
2025-12-22 00:00:00+00:00,4339.24,4449.21,4338.14,4445.02,318374,0
2025-12-23 00:00:00+00:00,4446.57,4500.24,4430.38,4487.72,371864,0
2025-12-24 00:00:00+00:00,4486.11,4525.92,4448.4,4481.2,336555,0
2025-12-26 00:00:00+00:00,4511.09,4550.42,4502.56,4531.96,273993,0
2025-12-29 00:00:00+00:00,4537.96,4550.07,4300.74,4331.14,494864,0
2025-12-30 00:00:00+00:00,4331.77,4404.17,4322.87,4338.14,412738,0
2025-12-31 00:00:00+00:00,4342.49,4373.18,4274.08,4325.9,336887,0
2026-01-02 00:00:00+00:00,4385.74,4402.58,4309.46,4333.11,235387,0
2026-01-05 00:00:00+00:00,4350.05,4455.6,4345.89,4448.61,387062,0
2026-01-06 00:00:00+00:00,4452.23,4497.45,4426.88,4495.25,348232,0
2026-01-07 00:00:00+00:00,4494.17,4500.51,4423.64,4455.9,371275,0
2026-01-08 00:00:00+00:00,4460.31,4479.63,4406.9,4477.54,388641,0
2026-01-09 00:00:00+00:00,4479.07,4517.11,4452.93,4510.03,332570,0
2026-01-12 00:00:00+00:00,4520.01,4630.11,4510.89,4592.49,401443,0
2026-01-13 00:00:00+00:00,4594.38,4634.7,4569.36,4587.33,382185,0
2026-01-14 00:00:00+00:00,4587.55,4642.74,4587.55,4627.03,403530,0
2026-01-15 00:00:00+00:00,4630.51,4632.38,4581.05,4615.24,404784,0
2026-01-16 00:00:00+00:00,4615.48,4621.02,4536.29,4595.57,376067,0
2026-01-19 00:00:00+00:00,4626.85,4690.43,4617.37,4675.31,252771,0
2026-01-20 00:00:00+00:00,4671.94,4766.37,4659.59,4762.26,387530,0
2026-01-21 00:00:00+00:00,4764.85,4888.29,4755.83,4829.64,475852,0
2026-01-22 00:00:00+00:00,4833.67,4940.78,4772.25,4935.67,392336,0
2026-01-23 00:00:00+00:00,4937.94,4989.75,4898.73,4986.21,393013,0
2026-01-26 00:00:00+00:00,5009.54,5110.83,4988.82,5011.88,558564,0
2026-01-27 00:00:00+00:00,5011.84,5190.37,5011.28,5176.42,528638,0
2026-01-28 00:00:00+00:00,5178.9,5411.83,5157.15,5409.08,583176,0
2026-01-29 00:00:00+00:00,5419.26,5597.43,5099.15,5379.57,703186,0
2026-01-30 00:00:00+00:00,5385.7,5450.95,4685.0,4882.72,919962,0
2026-02-02 00:00:00+00:00,4779.28,4884.97,4401.68,4664.84,851701,0
2026-02-03 00:00:00+00:00,4670.02,4993.96,4666.59,4943.82,661066,0
2026-02-04 00:00:00+00:00,4944.44,5092.26,4854.04,4963.15,552414,0
2026-02-05 00:00:00+00:00,4974.51,5023.87,4759.29,4776.51,675976,0
2026-02-06 00:00:00+00:00,4789.54,4971.33,4655.0,4964.37,522623,0
2026-02-09 00:00:00+00:00,4983.74,5086.45,4964.17,5062.47,453995,0
2026-02-10 00:00:00+00:00,5058.21,5078.61,4987.27,5025.62,436593,0
2026-02-11 00:00:00+00:00,5025.15,5118.99,5018.16,5081.89,425418,0
2026-02-12 00:00:00+00:00,5085.15,5100.44,4878.1,4926.05,423679,0
2026-02-13 00:00:00+00:00,4923.62,5046.07,4885.95,5043.14,407906,0
2026-02-16 00:00:00+00:00,5028.35,5051.92,4964.28,4991.79,216491,0
2026-02-17 00:00:00+00:00,4994.74,5001.2,4840.78,4878.01,373525,0
2026-02-18 00:00:00+00:00,4866.97,5011.12,4853.21,4977.0,292497,0
2026-02-19 00:00:00+00:00,4974.1,5022.42,4955.97,4994.64,280833,0
2026-02-20 00:00:00+00:00,4996.16,5107.15,4981.65,5103.73,328495,0
2026-02-23 00:00:00+00:00,5106.75,5237.94,5098.17,5229.02,359865,0
2026-02-24 00:00:00+00:00,5226.4,5249.88,5092.09,5145.01,382208,0
2026-02-25 00:00:00+00:00,5142.38,5217.76,5119.98,5164.37,339508,0
2026-02-26 00:00:00+00:00,5164.71,5205.75,5129.66,5183.39,384250,0
2026-02-27 00:00:00+00:00,5184.66,5281.05,5167.01,5280.24,381290,0
2026-03-02 00:00:00+00:00,5377.25,5419.14,5260.19,5324.39,536509,0
2026-03-03 00:00:00+00:00,5321.81,5380.11,4995.86,5088.19,615988,0
2026-03-04 00:00:00+00:00,5099.67,5205.81,5084.53,5141.99,522668,0
2026-03-05 00:00:00+00:00,5145.14,5195.6,5050.29,5084.62,486514,0
2026-03-06 00:00:00+00:00,5089.68,5174.85,5061.31,5171.5,446693,0
2026-03-09 00:00:00+00:00,5178.71,5200.42,5014.74,5134.79,541713,0
2026-03-10 00:00:00+00:00,5139.43,5238.45,5117.54,5194.61,440689,0
2026-03-11 00:00:00+00:00,5186.36,5223.61,5146.12,5177.74,390067,0
2026-03-12 00:00:00+00:00,5177.95,5191.76,5054.36,5078.54,418050,0
2026-03-13 00:00:00+00:00,5079.27,5128.33,5009.69,5021.47,427631,0
2026-03-16 00:00:00+00:00,5004.6,5038.41,4967.44,5006.39,456156,0
2026-03-17 00:00:00+00:00,5006.21,5044.39,4972.92,5002.02,354172,0
2026-03-18 00:00:00+00:00,5004.94,5016.58,4806.7,4817.68,421905,0
2026-03-19 00:00:00+00:00,4823.16,4867.03,4502.5,4657.72,619822,0
2026-03-20 00:00:00+00:00,4649.73,4736.11,4477.17,4497.21,591972,0
2026-03-23 00:00:00+00:00,4448.44,4536.38,4098.17,4407.96,827318,0
2026-03-24 00:00:00+00:00,4412.6,4484.25,4305.92,4480.79,723809,0
2026-03-25 00:00:00+00:00,4471.1,4602.76,4456.01,4504.03,562172,0
2026-03-26 00:00:00+00:00,4509.44,4544.41,4351.27,4375.75,592755,0
2026-03-27 00:00:00+00:00,4377.28,4555.3,4365.74,4495.16,495435,0
2026-03-30 00:00:00+00:00,4491.84,4580.66,4418.33,4508.16,531709,0
2026-03-31 00:00:00+00:00,4512.12,4687.33,4482.55,4665.62,558524,0
2026-04-01 00:00:00+00:00,4670.11,4793.11,4661.79,4757.47,496612,0
2026-04-02 00:00:00+00:00,4760.1,4800.22,4553.36,4672.11,558678,0
2026-04-06 00:00:00+00:00,4647.12,4706.62,4599.17,4652.15,428019,0
2026-04-07 00:00:00+00:00,4649.92,4718.82,4607.44,4708.69,510998,0
2026-04-08 00:00:00+00:00,4722.67,4858.87,4698.91,4718.99,523698,0
2026-04-09 00:00:00+00:00,4720.51,4801.44,4697.59,4767.98,439891,0
2026-04-10 00:00:00+00:00,4766.79,4795.1,4730.46,4749.15,392569,0
2026-04-13 00:00:00+00:00,4632.52,4750.0,4632.12,4740.8,476218,0
2026-04-14 00:00:00+00:00,4743.25,4846.32,4742.93,4841.77,457113,0
2026-04-15 00:00:00+00:00,4839.49,4871.48,4786.34,4788.25,464718,0
2026-04-16 00:00:00+00:00,4793.11,4838.45,4771.62,4789.42,447711,0
2026-04-17 00:00:00+00:00,4791.16,4890.99,4767.29,4834.64,448955,0
2026-04-20 00:00:00+00:00,4791.26,4827.81,4737.08,4819.9,473997,0
2026-04-21 00:00:00+00:00,4821.82,4833.24,4668.48,4716.97,503192,0
2026-04-22 00:00:00+00:00,4719.87,4772.6,4715.7,4738.77,423750,0
2026-04-23 00:00:00+00:00,4740.72,4753.9,4663.94,4690.38,546225,0
2026-04-24 00:00:00+00:00,4699.68,4739.89,4657.73,4708.13,477035,0
2026-04-27 00:00:00+00:00,4697.55,4730.25,4667.34,4679.13,417682,0
2026-04-28 00:00:00+00:00,4682.41,4701.23,4554.92,4595.67,505309,0
2026-04-29 00:00:00+00:00,4596.69,4610.54,4510.12,4542.54,516367,0
2026-04-30 00:00:00+00:00,4544.67,4646.51,4539.4,4620.95,510881,0
2026-05-01 00:00:00+00:00,4624.66,4660.22,4559.85,4615.95,412209,0
2026-05-04 00:00:00+00:00,4631.41,4636.59,4500.51,4521.36,491903,0
2026-05-05 00:00:00+00:00,4522.67,4586.57,4513.37,4555.05,378958,0
2026-05-06 00:00:00+00:00,4558.91,4722.6,4546.18,4691.18,471535,0
2026-05-07 00:00:00+00:00,4691.11,4764.78,4685.34,4695.64,528232,0
2026-05-08 00:00:00+00:00,4677.71,4749.61,4675.57,4715.29,459573,0
2026-05-11 00:00:00+00:00,4681.48,4748.52,4648.0,4734.74,467500,0
2026-05-12 00:00:00+00:00,4735.25,4773.88,4638.0,4713.48,520099,0
2026-05-13 00:00:00+00:00,4716.68,4727.11,4668.91,4687.88,456828,0
2026-05-14 00:00:00+00:00,4691.01,4718.8,4644.44,4651.37,476571,0
2026-05-15 00:00:00+00:00,4650.95,4665.41,4511.19,4538.16,597509,0
2026-05-18 00:00:00+00:00,4528.23,4584.11,4480.32,4563.16,584554,0
2026-05-19 00:00:00+00:00,4566.5,4589.15,4464.62,4482.73,516763,0
2026-05-20 00:00:00+00:00,4482.26,4552.98,4453.51,4543.01,568246,0
2026-05-21 00:00:00+00:00,4544.24,4570.6,4488.83,4541.76,604347,0
2026-05-22 00:00:00+00:00,4542.55,4545.99,4491.12,4506.87,501050,0
2026-05-25 00:00:00+00:00,4529.85,4579.62,4517.79,4571.47,341802,0
2026-05-26 00:00:00+00:00,4569.45,4580.24,4481.72,4506.46,505930,0
2026-05-27 00:00:00+00:00,4536.61,4537.91,4401.38,4455.01,491502,0
2026-05-28 00:00:00+00:00,4456.5,4516.46,4366.32,4495.92,546195,0
2026-05-29 00:00:00+00:00,4496.53,4594.89,4488.85,4539.75,498839,0
2026-06-01 00:00:00+00:00,4540.16,4546.05,4447.41,4483.21,483046,0
2026-06-02 00:00:00+00:00,4485.93,4541.34,4462.87,4487.92,457787,0
2026-06-03 00:00:00+00:00,4490.25,4496.78,4426.38,4434.47,509555,0
2026-06-04 00:00:00+00:00,4436.09,4515.39,4422.74,4475.86,517067,0
2026-06-05 00:00:00+00:00,4475.18,4481.37,4311.81,4327.84,599629,0
2026-06-08 00:00:00+00:00,4329.05,4353.67,4268.56,4329.26,640331,0
2026-06-09 00:00:00+00:00,4331.13,4363.01,4236.42,4260.35,593653,0
2026-06-10 00:00:00+00:00,4250.8,4257.47,4066.83,4069.21,721307,0
2026-06-11 00:00:00+00:00,4070.35,4219.81,4023.8,4212.2,735253,0
2026-06-12 00:00:00+00:00,4211.31,4246.36,4170.13,4216.66,624204,0
2026-06-15 00:00:00+00:00,4267.55,4369.26,4248.5,4307.89,475340,0
2026-06-16 00:00:00+00:00,4309.13,4354.9,4305.88,4331.08,441828,0
2026-06-17 00:00:00+00:00,4331.6,4382.25,4219.05,4258.13,482160,0
2026-06-18 00:00:00+00:00,4255.68,4329.83,4201.23,4209.93,544608,0
2026-06-19 00:00:00+00:00,4209.68,4212.43,4121.7,4153.16,365014,0
2026-06-22 00:00:00+00:00,4142.78,4220.61,4136.47,4191.64,502129,0
2026-06-23 00:00:00+00:00,4192.41,4198.35,4090.79,4109.58,550160,0
2026-06-24 00:00:00+00:00,4112.25,4115.05,3958.93,3999.42,647376,0
2026-06-25 00:00:00+00:00,4003.5,4044.43,3962.49,4024.92,590579,0
2026-06-26 00:00:00+00:00,4028.92,4096.2,3983.0,4081.1,527251,0
2026-06-29 00:00:00+00:00,4086.9,4087.54,4000.01,4016.98,453695,0
2026-06-30 00:00:00+00:00,4017.07,4063.18,3942.51,4010.76,444756,0
2026-07-01 00:00:00+00:00,4010.13,4115.76,3959.8,4032.62,444906,0
2026-07-02 00:00:00+00:00,4031.37,4144.12,4030.8,4121.71,469714,0
2026-07-03 00:00:00+00:00,4125.28,4195.51,4121.17,4168.69,275354,0
2026-07-06 00:00:00+00:00,4175.05,4203.34,4128.37,4164.57,396762,0
2026-07-07 00:00:00+00:00,4165.25,4180.49,4092.21,4105.06,422738,0
2026-07-08 00:00:00+00:00,4095.58,4134.05,4021.73,4079.42,547454,0
2026-07-09 00:00:00+00:00,4076.81,4138.29,4054.29,4123.84,391997,0
2026-07-10 00:00:00+00:00,4124.12,4134.81,4072.62,4119.04,345271,0
2026-07-13 00:00:00+00:00,4098.5,4106.68,3986.44,4000.96,500130,0
2026-07-14 00:00:00+00:00,4000.32,4103.14,3983.23,4052.14,457043,0
2026-07-15 00:00:00+00:00,4052.21,4081.55,4017.32,4061.16,432129,0
2026-07-16 00:00:00+00:00,4061.37,4065.86,3969.24,3975.71,450073,0
2026-07-17 00:00:00+00:00,3975.08,4023.83,3959.21,4016.36,468640,0
2026-07-20 00:00:00+00:00,4007.49,4040.64,3982.49,4008.32,420527,0
2026-07-21 00:00:00+00:00,4008.88,4087.31,3999.73,4077.73,385334,0
2026-07-22 00:00:00+00:00,4079.17,4166.1,4076.88,4129.42,421958,0
2026-07-23 00:00:00+00:00,4129.1,4141.08,4040.02,4048.36,460989,0
2026-07-24 00:00:00+00:00,4047.75,4081.99,4022.06,4053.26,355028,0
2026-07-27 00:00:00+00:00,4091.32,4116.28,4065.13,4076.77,421165,0
2026-07-28 00:00:00+00:00,4080.3,4082.02,4011.56,4028.48,427996,0
2026-07-29 00:00:00+00:00,4027.31,4116.31,3995.72,4065.44,481349,0
2026-07-30 00:00:00+00:00,4067.03,4120.04,4028.39,4101.58,539960,0
2026-07-31 00:00:00+00:00,4104.12,4111.88,4020.65,4046.45,393449,0
2026-08-03 00:00:00+00:00,4082.8,4082.8,4018.89,4054.93,381092,0
2026-08-04 00:00:00+00:00,4051.95,4106.28,4042.45,4076.99,363584,0
2026-08-05 00:00:00+00:00,4079.66,4267.81,4065.42,4244.34,462239,0
2026-08-06 00:00:00+00:00,4247.21,4304.25,4223.28,4241.58,443464,0
2026-08-07 00:00:00+00:00,4238.45,4371.86,4229.56,4341.19,472648,0
2026-08-10 00:00:00+00:00,4340.74,4395.29,4313.18,4389.4,414588,0
2026-08-11 00:00:00+00:00,4389.06,4435.38,4356.38,4367.86,417823,0
2026-08-12 00:00:00+00:00,4370.36,4441.11,4362.52,4407.57,408993,0
2026-08-13 00:00:00+00:00,4409.12,4449.57,4343.44,4349.0,440829,0
2026-08-14 00:00:00+00:00,4351.59,4396.81,4310.82,4375.86,382047,0
2026-08-17 00:00:00+00:00,4381.8,4428.89,4367.33,4415.95,383416,0
2026-08-18 00:00:00+00:00,4417.13,4436.3,4328.96,4334.39,407800,0
2026-08-19 00:00:00+00:00,4334.64,4524.03,4323.75,4523.86,507676,0
2026-08-20 00:00:00+00:00,4521.06,4540.86,4450.43,4519.82,481547,0
2026-08-21 00:00:00+00:00,4521.58,4632.17,4508.86,4604.84,466722,0
2026-08-24 00:00:00+00:00,4612.62,4681.0,4594.52,4651.23,549461,0
2026-08-25 00:00:00+00:00,4652.7,4697.08,4605.03,4659.7,493192,0
2026-08-26 00:00:00+00:00,4656.45,4673.79,4582.8,4592.97,432535,0
2026-08-27 00:00:00+00:00,4595.56,4642.74,4564.66,4601.02,452450,0
2026-08-28 00:00:00+00:00,4601.72,4631.34,4445.51,4454.49,514545,0
2026-08-31 00:00:00+00:00,4433.62,4472.18,4396.21,4448.34,463911,0
2026-09-01 00:00:00+00:00,4446.96,4461.51,4321.98,4328.7,496690,0
2026-09-02 00:00:00+00:00,4329.91,4397.8,4282.47,4389.33,475519,0
2026-09-03 00:00:00+00:00,4391.29,4510.86,4381.18,4473.6,467406,0
2026-09-04 00:00:00+00:00,4472.18,4490.82,4365.32,4431.32,417161,0
2026-09-07 00:00:00+00:00,4419.47,4435.25,4381.18,4413.79,297471,0
2026-09-08 00:00:00+00:00,4406.8,4443.02,4345.13,4353.74,492492,0
2026-09-09 00:00:00+00:00,4357.75,4434.2,4340.87,4400.33,446224,0
2026-09-10 00:00:00+00:00,4402.85,4435.16,4313.92,4317.0,536713,0
2026-09-11 00:00:00+00:00,4317.83,4402.58,4290.3,4348.58,515980,0
